frame	prob
0	0.003853630041703582
1	0.0048599024303257465
2	0.005820111837238073
3	0.004967748653143644
4	0.005064391065388918
5	0.005250596906989813
6	0.004879489541053772
7	0.005110701080411673
8	0.005840513855218887
9	0.0052408273331820965
10	0.005105181131511927
11	0.005078292917460203
12	0.006252102088183165
13	0.005537030752748251
14	0.004699466750025749
15	0.005327676422894001
16	0.0050308979116380215
17	0.004753707442432642
18	0.004586225375533104
19	0.004590489901602268
20	0.004605596419423819
21	0.005199310835450888
22	0.004918192513287067
23	0.0040717232041060925
24	0.0050637684762477875
25	0.005454708822071552
26	0.004892913158982992
27	0.005650474689900875
28	0.005261847283691168
29	0.005804677959531546
30	0.005564775317907333
31	0.0059180594980716705
32	0.004944381769746542
33	0.007125546224415302
34	0.006222465541213751
35	0.006597967352718115
36	0.007661677896976471
37	0.008433236740529537
38	0.009251757524907589
39	0.008162218146026134
40	0.00727482745423913
41	0.008801482617855072
42	0.008528564125299454
43	0.010810534469783306
44	0.0113346166908741
45	0.013502679765224457
46	0.013507596217095852
47	0.01189087051898241
48	0.013537146151065826
49	0.04312821477651596
50	0.019090471789240837
51	0.03604304790496826
52	0.02060202695429325
53	0.02267984114587307
54	0.050852220505476
55	0.05462172254920006
56	0.027388697490096092
57	0.046513915061950684
58	0.1877116709947586
59	0.14975784718990326
60	0.19682802259922028
61	0.3631580173969269
62	0.2656651437282562
63	0.44468599557876587
64	0.3896546959877014
65	0.1901055872440338
66	0.27320829033851624
67	0.24916063249111176
68	0.3111889958381653
69	0.2680373191833496
70	0.28785067796707153
71	0.30939674377441406
72	0.12296402454376221
73	0.2281704694032669
74	0.25748971104621887
75	0.3418751657009125
76	0.3536638021469116
77	0.5174870491027832
78	0.4928889870643616
79	0.4025866687297821
80	0.417845219373703
81	0.4078894257545471
82	0.36814752221107483
83	0.4637017250061035
84	0.340512216091156
85	0.5393363833427429
86	0.4318942129611969
87	0.6271858215332031
88	0.6226748824119568
89	0.45788809657096863
90	0.6170427799224854
91	0.5843716263771057
92	0.4738195836544037
93	0.5272806882858276
94	0.39583244919776917
95	0.40309152007102966
96	0.7186428308486938
97	0.39082449674606323
98	0.6849598288536072
99	0.7136754393577576
100	0.0752662941813469
101	0.3738825023174286
102	0.028401676565408707
103	0.07696428149938583
104	0.5017531514167786
105	0.6837055087089539
106	0.5500462055206299
107	0.5235786437988281
108	0.3969225585460663
109	0.4131864011287689
110	0.17822431027889252
111	0.1747686117887497
112	0.33166366815567017
113	0.3529062271118164
114	0.5054015517234802
115	0.44336605072021484
116	0.38580048084259033
117	0.40459299087524414
118	0.39974072575569153
119	0.4356101155281067
120	0.43719741702079773
121	0.4839938282966614
122	0.504348874092102
123	0.6686196327209473
124	0.6464709639549255
125	0.734076201915741
126	0.6536664366722107
127	0.47430142760276794
128	0.13769054412841797
129	0.10168930143117905
130	0.1552821397781372
131	0.6125978827476501
132	0.201433926820755
133	0.23513641953468323
134	0.1550431251525879
135	0.29128527641296387
136	0.38618990778923035
137	0.2594786584377289
138	0.29112088680267334
139	0.2668846547603607
140	0.025579756125807762
141	0.3656160831451416
142	0.17108087241649628
143	0.24814572930335999
144	0.3390621542930603
145	0.17793969810009003
146	0.17044663429260254
147	0.24973931908607483
148	0.18284671008586884
149	0.5004608035087585
150	0.375293105840683
151	0.3168928325176239
152	0.2159329205751419
153	0.3698866069316864
154	0.30022040009498596
155	0.4763913154602051
156	0.20235760509967804
157	0.33369407057762146
158	0.3349967896938324
159	0.5979971289634705
160	0.6020070314407349
161	0.6697245240211487
162	0.5253669619560242
163	0.7856382727622986
164	0.5986970067024231
165	0.7538084387779236
166	0.696203351020813
167	0.6932371854782104
168	0.6964473128318787
169	0.6727014780044556
170	0.7347728610038757
171	0.7322878241539001
172	0.4334990680217743
173	0.6949232816696167
174	0.4190184772014618
175	0.7123745679855347
176	0.605318546295166
177	0.6373736262321472
178	0.6832521557807922
179	0.5846609473228455
180	0.6557996273040771
181	0.6182100176811218
182	0.3283737003803253
183	0.5421884655952454
184	0.4677722454071045
185	0.351254403591156
186	0.10826541483402252
187	0.09138309955596924
188	0.13182561099529266
189	0.02054796740412712
190	0.014020818285644054
191	0.022633148357272148
192	0.03346067667007446
193	0.033129654824733734
194	0.1724584549665451
195	0.39818620681762695
196	0.4316007196903229
197	0.4602143466472626
198	0.25347065925598145
199	0.5581342577934265
200	0.5356612205505371
201	0.5784921050071716
202	0.5661488771438599
203	0.3740355968475342
204	0.20742063224315643
205	0.36604905128479004
206	0.38668280839920044
207	0.1687389314174652
208	0.10603272914886475
209	0.33813944458961487
210	0.1887582391500473
211	0.1743784248828888
212	0.05530005320906639
213	0.16253447532653809
214	0.055080901831388474
215	0.10948581993579865
216	0.04514012858271599
217	0.026712000370025635
218	0.013328254222869873
219	0.008609406650066376
220	0.009533978067338467
221	0.015468467958271503
222	0.014094168320298195
223	0.01313193142414093
224	0.009736198000609875
225	0.010475675575435162
226	0.011882667429745197
227	0.010417181067168713
228	0.008024368435144424
229	0.009258272126317024
230	0.009485031478106976
231	0.012571120634675026
232	0.009836350567638874
233	0.008712350390851498
234	0.012620612047612667
235	0.015571936964988708
236	0.010637479834258556
237	0.019481370225548744
238	0.01418845821171999
239	0.017240701243281364
240	0.011247877962887287
241	0.010485307313501835
242	0.008092331700026989
243	0.010850603692233562
244	0.012079869396984577
245	0.009325217455625534
246	0.010272237472236156
247	0.010972665622830391
248	0.008908712305128574
249	0.009176136925816536
250	0.010786422528326511
251	0.009523448534309864
252	0.009429150260984898
253	0.008753909729421139
254	0.009890174493193626
255	0.011567950248718262
256	0.024480707943439484
257	0.06557180732488632
258	0.1274363100528717
259	0.19972515106201172
260	0.11895539611577988
261	0.07466965913772583
262	0.027835292741656303
263	0.013069622218608856
264	0.009647327475249767
265	0.013105416670441628
266	0.014443737454712391
267	0.020827803760766983
268	0.015012015588581562
269	0.017273306846618652
270	0.02927185595035553
271	0.0874670073390007
272	0.24650005996227264
273	0.575444221496582
274	0.40088748931884766
275	0.5260595679283142
276	0.3535606563091278
277	0.5257598757743835
278	0.334365576505661
279	0.2520253360271454
280	0.03078651800751686
281	0.0939457044005394
282	0.03715669736266136
283	0.03734773397445679
284	0.04354402422904968
285	0.02352713607251644
286	0.03168921545147896
287	0.05732518434524536
288	0.22906751930713654
289	0.6095054745674133
290	0.3495679795742035
291	0.5194010138511658
292	0.3707883358001709
293	0.5011031031608582
294	0.46181559562683105
295	0.6171262860298157
296	0.4033184051513672
297	0.6595595479011536
298	0.5713288187980652
299	0.6717034578323364
300	0.2422991842031479
301	0.5656620860099792
302	0.48961707949638367
303	0.6641755104064941
304	0.5425512194633484
305	0.5847577452659607
306	0.42023324966430664
307	0.4795167148113251
308	0.310351699590683
309	0.19120512902736664
310	0.1317499727010727
311	0.28425490856170654
312	0.07708141952753067
313	0.037107061594724655
314	0.018331974744796753
315	0.0749799907207489
316	0.12466205656528473
317	0.14425742626190186
318	0.077292300760746
319	0.017816904932260513
320	0.010904890485107899
321	0.013431698083877563
322	0.00981711782515049
323	0.010312891565263271
324	0.008784140460193157
325	0.014201506972312927
326	0.024406027048826218
327	0.01797536574304104
328	0.03341913968324661
329	0.09860961884260178
330	0.3243939280509949
331	0.5681025981903076
332	0.33999618887901306
333	0.1914055198431015
334	0.04203866794705391
335	0.02096727304160595
336	0.011222989298403263
337	0.012514488771557808
338	0.012151720002293587
339	0.015018010511994362
340	0.009932197630405426
341	0.008702851831912994
342	0.011635172180831432
343	0.027069557458162308
344	0.03882090002298355
345	0.052486639469861984
346	0.05213543400168419
347	0.091374471783638
348	0.035929955542087555
349	0.15611962974071503
350	0.33431950211524963
351	0.2953666150569916
352	0.4092162549495697
353	0.14783699810504913
354	0.019486773759126663
355	0.011834177188575268
356	0.011826060712337494
357	0.03938150033354759
358	0.44401511549949646
359	0.6768776178359985
360	0.43581438064575195
361	0.6292870044708252
362	0.3868274390697479
363	0.3516961634159088
364	0.26692816615104675
365	0.20140866935253143
366	0.1548285335302353
367	0.3118456304073334
368	0.009257308207452297
369	0.009228494018316269
370	0.008935660123825073
371	0.007309493608772755
372	0.006234166212379932
373	0.0065302299335598946
374	0.0067951190285384655
375	0.007403939962387085
376	0.008359245024621487
377	0.009496556594967842
378	0.00855591893196106
379	0.008639543317258358
380	0.008002878166735172
381	0.007776273880153894
382	0.007832720875740051
383	0.00799882598221302
384	0.00848244410008192
385	0.006439242046326399
386	0.006199218332767487
387	0.007646083831787109
388	0.0073807439766824245
389	0.008029940538108349
390	0.009422670118510723
391	0.008495219051837921
392	0.008829853497445583
393	0.00911339558660984
394	0.007925528101623058
395	0.007488626521080732
396	0.006016514264047146
397	0.005201344378292561
398	0.005467783659696579
399	0.005213750060647726
400	0.003993228543549776
401	0.004807064309716225
402	0.004509334918111563
403	0.005678798537701368
404	0.004810332786291838
405	0.005688780453056097
406	0.005125944968312979
407	0.004995353985577822
408	0.005908423103392124
409	0.0057395757175982
410	0.004192993976175785
411	0.0042976997792720795
412	0.004156067967414856
413	0.003569080727174878
414	0.004351494368165731
415	0.004146278835833073
416	0.0038790886756032705
417	0.00455845333635807
418	0.006021989043802023
419	0.004361105151474476
420	0.005536521784961224
421	0.006227631121873856
422	0.0066100130788981915
423	0.007258854806423187
424	0.007935909554362297
425	0.006135624833405018
426	0.005729533266276121
427	0.006888368166983128
428	0.007187851704657078
429	0.007495597004890442
430	0.007279404904693365
431	0.006753756199032068
432	0.005508041474968195
433	0.006320572923868895
434	0.005395938642323017
435	0.005976890213787556
436	0.0062884255312383175
437	0.005631599109619856
438	0.005554870702326298
439	0.006556072738021612
440	0.005924058146774769
441	0.005994909908622503
442	0.005698628723621368
443	0.006413673050701618
444	0.006156396586447954
445	0.00824758317321539
446	0.0057057226076722145
447	0.005554610397666693
448	0.005596550181508064
449	0.005454385187476873
450	0.005070322658866644
451	0.006068735849112272
452	0.006236992310732603
453	0.0064614336006343365
454	0.006374260876327753
455	0.006613433361053467
456	0.005864677485078573
457	0.00667537609115243
458	0.008454831317067146
459	0.010989408008754253
460	0.00946866162121296
461	0.020628437399864197
462	0.010255022905766964
463	0.016492187976837158
464	0.016259802505373955
465	0.016595302149653435
466	0.02094300091266632
467	0.022486327216029167
468	0.017201652750372887
469	0.020645448938012123
470	0.024225128814578056
471	0.03042876161634922
472	0.020992910489439964
473	0.019530078396201134
474	0.04694448038935661
475	0.04304087162017822
476	0.07450353354215622
477	0.08734076470136642
478	0.09516630321741104
479	0.27524787187576294
480	0.2221841812133789
481	0.35140082240104675
482	0.28773030638694763
483	0.15843728184700012
484	0.06373395770788193
485	0.13601911067962646
486	0.11358914524316788
487	0.23117971420288086
488	0.13255351781845093
489	0.5828816294670105
490	0.4078094959259033
491	0.3258298337459564
492	0.20511822402477264
493	0.1566009372472763
494	0.1217745766043663
495	0.33450230956077576
496	0.10948272794485092
497	0.16358795762062073
498	0.20773105323314667
499	0.38284221291542053
500	0.6084927916526794
501	0.7411468625068665
502	0.48805055022239685
503	0.504998505115509
504	0.3757379651069641
505	0.33801817893981934
506	0.29539209604263306
507	0.3716140687465668
508	0.3102765679359436
509	0.5442425012588501
510	0.7396048903465271
511	0.8374382257461548
512	0.7919394373893738
513	0.8147983551025391
514	0.7170994877815247
515	0.521121084690094
516	0.6063048243522644
517	0.5982258915901184
518	0.7091381549835205
519	0.7913121581077576
520	0.6278530359268188
521	0.5761258006095886
522	0.40484943985939026
523	0.4231562614440918
524	0.24416790902614594
525	0.3006100058555603
526	0.1434510052204132
527	0.12399669736623764
528	0.1122712716460228
529	0.24399550259113312
530	0.2151230424642563
531	0.21324463188648224
532	0.22854569554328918
533	0.3286186158657074
534	0.17220301926136017
535	0.2751959264278412
536	0.14418743550777435
537	0.16782425343990326
538	0.2269592136144638
539	0.15927058458328247
540	0.18086647987365723
541	0.43059292435646057
542	0.35797086358070374
543	0.46188679337501526
544	0.2740297019481659
545	0.2730714976787567
546	0.37672922015190125
547	0.6435348987579346
548	0.7006797194480896
549	0.7141823172569275
550	0.8096456527709961
551	0.8741433024406433
552	0.7872102856636047
553	0.855951726436615
554	0.7770732045173645
555	0.8102537393569946
556	0.6371857523918152
557	0.6323246359825134
558	0.7234009504318237
559	0.7429848909378052
560	0.8166047930717468
561	0.6932573318481445
562	0.6050044894218445
563	0.731063187122345
564	0.6045076251029968
565	0.5159615874290466
566	0.6778728365898132
567	0.7539563179016113
568	0.7923292517662048
569	0.6711423993110657
570	0.7415897250175476
571	0.8160794377326965
572	0.6593678593635559
573	0.7159221768379211
574	0.7675392627716064
575	0.8401541113853455
576	0.5882831811904907
577	0.5754222273826599
578	0.6878418922424316
579	0.6180664896965027
580	0.6109699606895447
581	0.8208843469619751
582	0.5252246260643005
583	0.44473353028297424
584	0.5005289316177368
585	0.616766095161438
586	0.5434966087341309
587	0.6654974222183228
588	0.5300828814506531
589	0.7452282905578613
590	0.31180402636528015
591	0.026408543810248375
592	0.035443805158138275
593	0.04097478836774826
594	0.10798557847738266
595	0.21382513642311096
596	0.3831457793712616
597	0.793643593788147
598	0.7035447955131531
599	0.8283904194831848
600	0.8437505960464478
601	0.2881227135658264
602	0.8588157892227173
603	0.6460131406784058
604	0.8663715720176697
605	0.8585476875305176
606	0.8647993206977844
607	0.6843807697296143
608	0.4738541543483734
609	0.5012089014053345
610	0.6525176167488098
611	0.5924549102783203
612	0.8790870904922485
613	0.8826362490653992
614	0.6639386415481567
615	0.8040753602981567
616	0.4915693402290344
617	0.6662285923957825
618	0.7016018033027649
619	0.8184556365013123
620	0.6832261681556702
621	0.5562825202941895
622	0.24162474274635315
623	0.28182053565979004
624	0.5042240619659424
625	0.7723221778869629
626	0.6741467714309692
627	0.8389257788658142
628	0.6963123083114624
629	0.8363732695579529
630	0.8461737036705017
631	0.7037584781646729
632	0.347709983587265
633	0.2089422047138214
634	0.0529206357896328
635	0.03230607137084007
636	0.02843235433101654
637	0.038496144115924835
638	0.010908114723861217
639	0.0239539984613657
640	0.028507620096206665
641	0.01894330233335495
642	0.09662385284900665
643	0.38827237486839294
644	0.4366838037967682
645	0.5289454460144043
646	0.6438018679618835
647	0.7915610671043396
648	0.5653130412101746
649	0.777135968208313
650	0.6156798005104065
651	0.5277343392372131
652	0.42510566115379333
653	0.7578560709953308
654	0.548665463924408
655	0.6376674771308899
656	0.5419072508811951
657	0.6700649261474609
658	0.5999004244804382
659	0.4251297414302826
660	0.4845431447029114
661	0.5542926788330078
662	0.6285601854324341
663	0.613470196723938
664	0.6907041072845459
665	0.43937012553215027
666	0.4131210446357727
667	0.5768842101097107
668	0.24608206748962402
669	0.26699748635292053
670	0.35994359850883484
671	0.40882131457328796
672	0.23992326855659485
673	0.041477885097265244
674	0.008095148019492626
675	0.005858272314071655
676	0.006761182099580765
677	0.009056909941136837
678	0.0077636586502194405
679	0.010524697601795197
680	0.04206150770187378
681	0.19611839950084686
682	0.19941020011901855
683	0.09577901661396027
684	0.05699421092867851
685	0.20190639793872833
686	0.2761162519454956
687	0.3294677734375
688	0.7851096391677856
689	0.7158123850822449
690	0.6370174884796143
691	0.7771477699279785
692	0.8199149966239929
693	0.6768853068351746
694	0.6308675408363342
695	0.7631875276565552
696	0.6938105821609497
697	0.7130491733551025
698	0.24417637288570404
699	0.5361742377281189
700	0.43447160720825195
701	0.5115970969200134
702	0.26628217101097107
703	0.167115718126297
704	0.0499996542930603
705	0.0065621682442724705
706	0.007950598374009132
707	0.006645047105848789
708	0.009561161510646343
709	0.008834468200802803
710	0.010336719453334808
711	0.01730213314294815
712	0.3254092037677765
713	0.577528715133667
714	0.5928773880004883
715	0.6237940192222595
716	0.6059362292289734
717	0.49694308638572693
718	0.24661889672279358
719	0.3939985930919647
720	0.21036915481090546
721	0.38346678018569946
722	0.2820931375026703
723	0.4290435016155243
724	0.2690140902996063
725	0.3479625880718231
726	0.3734804689884186
727	0.542975902557373
728	0.292863667011261
729	0.3161257803440094
730	0.4807315766811371
731	0.6957298517227173
732	0.3410007655620575
733	0.3551548421382904
734	0.36033952236175537
735	0.31899842619895935
736	0.2508220672607422
737	0.4192965030670166
738	0.2860182225704193
739	0.29755470156669617
740	0.41657161712646484
741	0.5199885368347168
742	0.6455833315849304
743	0.6201716065406799
744	0.6844910979270935
745	0.48884710669517517
746	0.28720030188560486
747	0.21107128262519836
748	0.3587155044078827
749	0.40119680762290955
750	0.46921512484550476
751	0.6512843370437622
752	0.6064572334289551
753	0.49060019850730896
754	0.5392937064170837
755	0.7412130236625671
756	0.6129660606384277
757	0.6761375069618225
758	0.5812191367149353
759	0.8262414336204529
760	0.811119556427002
761	0.8904293179512024
762	0.8216114044189453
763	0.8043079376220703
764	0.7160994410514832
765	0.7095785737037659
766	0.6974084973335266
767	0.8629478812217712
768	0.8310272097587585
769	0.8049076199531555
770	0.7975590825080872
771	0.8137685060501099
772	0.7390758991241455
773	0.8686383366584778
774	0.7114410400390625
775	0.516850471496582
776	0.5587710738182068
777	0.6222805380821228
778	0.4656885266304016
779	0.5385634303092957
780	0.5283144116401672
781	0.6134206056594849
782	0.46261903643608093
783	0.09519454091787338
784	0.48857733607292175
785	0.29116934537887573
786	0.307354211807251
787	0.3520585596561432
788	0.25176310539245605
789	0.4943872392177582
790	0.6659902930259705
791	0.8084196448326111
792	0.7535765171051025
793	0.7444261908531189
794	0.7764636874198914
795	0.8403315544128418
796	0.6166370511054993
797	0.8050779700279236
798	0.5560362935066223
799	0.6041184663772583
800	0.858094334602356
801	0.5822277069091797
802	0.008323275484144688
803	0.007742402609437704
804	0.00955111999064684
805	0.007848522625863552
806	0.007173907943069935
807	0.008287237025797367
808	0.008318088948726654
809	0.007344025652855635
810	0.007156454026699066
811	0.008280075155198574
812	0.007520224433392286
813	0.008892271667718887
814	0.008000854402780533
815	0.010031311772763729
816	0.0078037455677986145
817	0.010174952447414398
818	0.009612815454602242
819	0.009002854116261005
820	0.008071511052548885
821	0.008357079699635506
822	0.009599688462913036
823	0.009911979548633099
824	0.009052136912941933
825	0.010202374309301376
826	0.009880098514258862
827	0.009953394532203674
828	0.009987847879529
829	0.012547207064926624
830	0.01025975402444601
831	0.009073915891349316
832	0.007899945601820946
833	0.00912388600409031
834	0.008870396763086319
835	0.01187178771942854
836	0.008231828920543194
837	0.010831465944647789
838	0.010609614662826061
839	0.008747473359107971
840	0.007311754859983921
841	0.008051170967519283
842	0.008200965821743011
843	0.008826893754303455
844	0.0075360010378062725
845	0.007551145739853382
846	0.006500009447336197
847	0.005995482672005892
848	0.006923012435436249
849	0.006888287607580423
850	0.008787905797362328
851	0.008326813578605652
852	0.007804319262504578
853	0.00514100631698966
854	0.004691100213676691
855	0.007171095814555883
856	0.008119451813399792
857	0.011188107542693615
858	0.008683684282004833
859	0.012284993194043636
860	0.00962664932012558
861	0.01097652968019247
862	0.012866506353020668
863	0.019287481904029846
864	0.015292221680283546
865	0.017773134633898735
866	0.010962732136249542
867	0.009581208229064941
868	0.009802776388823986
869	0.012762697413563728
870	0.011272639036178589
871	0.014856914058327675
872	0.015250453725457191
873	0.017465967684984207
874	0.01040947437286377
875	0.009669453836977482
876	0.009977439418435097
877	0.008354028686881065
878	0.009969164617359638
879	0.009440409950911999
880	0.006964933127164841
881	0.008177947252988815
882	0.007808458060026169
883	0.011321543715894222
884	0.006147446576505899
885	0.005761414300650358
886	0.007599228527396917
887	0.007294115610420704
888	0.007973931729793549
889	0.007565077394247055
890	0.011958995833992958
891	0.017075298354029655
892	0.011588621884584427
893	0.013494235463440418
894	0.01535681914538145
895	0.018801847472786903
896	0.019431257620453835
897	0.015622451901435852
898	0.011425280943512917
899	0.010952481999993324
900	0.02570263110101223
901	0.032009001821279526
902	0.02092345617711544
903	0.01046424638479948
904	0.012560143135488033
905	0.012916164472699165
906	0.018269969150424004
907	0.012300627306103706
908	0.01254708506166935
909	0.012471931055188179
910	0.016695037484169006
911	0.02653111331164837
912	0.012559470720589161
913	0.019355133175849915
914	0.01508191879838705
915	0.02169347181916237
916	0.022634824737906456
917	0.01658279076218605
918	0.014386183582246304
919	0.02883743681013584
920	0.05951283127069473
921	0.03683061897754669
922	0.020176846534013748
923	0.021980881690979004
924	0.02077093906700611
925	0.024482304230332375
926	0.02896447293460369
927	0.019896438345313072
928	0.016335954889655113
929	0.013514116406440735
930	0.01851075328886509
931	0.020344549790024757
932	0.01430407352745533
933	0.020488737151026726
934	0.016542544588446617
935	0.014380449429154396
936	0.016177034005522728
937	0.01961522363126278
938	0.02549419365823269
939	0.019425610080361366
940	0.022356916218996048
941	0.030332719907164574
942	0.02499348483979702
943	0.02409369684755802
944	0.024408504366874695
945	0.030131831765174866
946	0.025278836488723755
947	0.03013507090508938
948	0.009238598868250847
949	0.01867988519370556
950	0.025531047955155373
951	0.018336765468120575
952	0.013574096374213696
953	0.019672034308314323
954	0.017170535400509834
955	0.015593319199979305
956	0.01564924791455269
957	0.038340117782354355
958	0.016461797058582306
959	0.010771132074296474
960	0.013255066238343716
961	0.014732199721038342
962	0.01654510758817196
963	0.026376981288194656
964	0.022843001410365105
965	0.014978835359215736
966	0.014420121908187866
967	0.01320090051740408
968	0.012847386300563812
969	0.022472908720374107
970	0.018536550924181938
971	0.013295560143887997
972	0.016643309965729713
973	0.018590977415442467
974	0.020156070590019226
975	0.022754574194550514
976	0.009427226148545742
977	0.012255372479557991
978	0.012200574390590191
979	0.010588272474706173
980	0.01435426902025938
981	0.020260173827409744
982	0.012799033895134926
983	0.008384673856198788
984	0.01593637280166149
985	0.017669593915343285
986	0.012641853652894497
987	0.01254738587886095
988	0.04093609005212784
989	0.02340749464929104
990	0.011411788873374462
991	0.01316363550722599
992	0.02173464559018612
993	0.00948777049779892
994	0.02262132428586483
995	0.029521895572543144
996	0.020236728712916374
997	0.018255088478326797
998	0.010114339180290699
999	0.015625590458512306
1000	0.013165031559765339
1001	0.015149365179240704
1002	0.011154482141137123
1003	0.013693975284695625
1004	0.010823621414601803
1005	0.012802029959857464
1006	0.020005760714411736
1007	0.023361535742878914
1008	0.01332944631576538
1009	0.014024821110069752
1010	0.01102391816675663
1011	0.015205745585262775
1012	0.01708880439400673
1013	0.016677042469382286
1014	0.014593883417546749
1015	0.011486719362437725
1016	0.00885745044797659
1017	0.007805105298757553
1018	0.010154043324291706
1019	0.0067662023939192295
1020	0.007471177726984024
1021	0.012553569860756397
1022	0.010768591426312923
1023	0.007755403406918049
1024	0.011025520972907543
1025	0.013659581542015076
1026	0.01922289840877056
1027	0.037378180772066116
1028	0.0216481052339077
1029	0.014479801058769226
1030	0.009407593868672848
1031	0.009460250847041607
1032	0.007503512781113386
1033	0.00862260814756155
1034	0.006134327035397291
1035	0.008009417913854122
1036	0.005569297354668379
1037	0.006924462970346212
1038	0.0073477597907185555
1039	0.007468619383871555
1040	0.005391474813222885
1041	0.006422092672437429
1042	0.005923009477555752
1043	0.005460652988404036
1044	0.005230282433331013
1045	0.006866675801575184
1046	0.008417505770921707
1047	0.005699958186596632
1048	0.006765332072973251
1049	0.008763931691646576
1050	0.00804924126714468
1051	0.008578660897910595
1052	0.0075059980154037476
1053	0.005775585304945707
1054	0.006781931966543198
1055	0.006869078613817692
1056	0.006395755801349878
1057	0.007464372552931309
1058	0.0073422095738351345
1059	0.007765466812998056
1060	0.006439715623855591
1061	0.006564607378095388
1062	0.006087552290409803
1063	0.005586526822298765
1064	0.00544318463653326
1065	0.005135103594511747
1066	0.005021641030907631
1067	0.004578284453600645
1068	0.00560349365696311
1069	0.006428502034395933
1070	0.00519148912280798
1071	0.006595231592655182
1072	0.005850198213011026
1073	0.006262159440666437
1074	0.00610989099368453
1075	0.005407148506492376
1076	0.0055671692825853825
1077	0.005912831984460354
1078	0.006754511501640081
1079	0.005495972000062466
1080	0.004068148788064718
1081	0.006376630160957575
1082	0.005083114840090275
1083	0.004153884947299957
1084	0.004095667507499456
1085	0.004395979922264814
1086	0.0046045491471886635
1087	0.0038944773841649294
1088	0.003908345941454172
1089	0.004302359651774168
1090	0.005179341416805983
1091	0.0044908770360052586
1092	0.0038590317126363516
1093	0.004047853406518698
1094	0.004404504783451557
1095	0.005297337658703327
1096	0.005264258477836847
1097	0.004018452949821949
1098	0.004353336989879608
1099	0.003454840276390314
1100	0.0032098402734845877
1101	0.0033693264704197645
1102	0.0035257083363831043
1103	0.003349826205521822
1104	0.0038435198366642
1105	0.0030906640458852053
1106	0.0029231521766632795
1107	0.0038291793316602707
1108	0.004216123837977648
1109	0.004691198468208313
1110	0.005400544498115778
1111	0.00579029880464077
1112	0.004302343353629112
1113	0.004049766343086958
1114	0.0034900696482509375
1115	0.0033036842942237854
1116	0.003400313202291727
1117	0.0035968103911727667
1118	0.004244787152856588
1119	0.004405725281685591
1120	0.004763191100209951
1121	0.004507292993366718
1122	0.004403824917972088
1123	0.0043630353175103664
1124	0.0052093686535954475
1125	0.0041541666723787785
1126	0.00477291876450181
1127	0.004222590010613203
1128	0.004555846564471722
1129	0.005347548518329859
1130	0.004732525907456875
1131	0.004410029388964176
1132	0.004189180675894022
1133	0.005770309828221798
1134	0.005454361438751221
1135	0.006043293047696352
1136	0.005326230078935623
1137	0.006481825839728117
1138	0.007620325777679682
1139	0.007197922561317682
1140	0.007068451028317213
1141	0.006500710733234882
1142	0.005523366387933493
1143	0.005455683451145887
1144	0.005304013378918171
1145	0.008386335335671902
1146	0.006365657784044743
1147	0.00683204410597682
1148	0.007771374192088842
1149	0.007781974505633116
1150	0.008290625177323818
1151	0.00735841691493988
1152	0.007308764848858118
1153	0.007929348386824131
1154	0.007845346815884113
1155	0.008012480102479458
1156	0.006084437947720289
1157	0.006924955639988184
1158	0.00804886780679226
1159	0.006581233348697424
1160	0.006187004502862692
1161	0.008651020005345345
1162	0.0063380408100783825
1163	0.005331506486982107
1164	0.006265315692871809
1165	0.006557203829288483
1166	0.007193154189735651
1167	0.008564431220293045
1168	0.007114000618457794
1169	0.006278432440012693
1170	0.005755554419010878
1171	0.006668426096439362
1172	0.0063931928016245365
1173	0.0069041140377521515
1174	0.006918442901223898
1175	0.006943230517208576
1176	0.0061694057658314705
1177	0.0059797437861561775
1178	0.005990408826619387
1179	0.007402487099170685
1180	0.006484901998192072
1181	0.0076988860964775085
1182	0.006528270430862904
1183	0.0073653110302984715
1184	0.007539071142673492
1185	0.00797338504344225
1186	0.00680079311132431
1187	0.007206577342003584
1188	0.006164588965475559
1189	0.01152834203094244
1190	0.009886834770441055
1191	0.01697668805718422
1192	0.009311869740486145
1193	0.010584378615021706
1194	0.032136138528585434
1195	0.018579253926873207
1196	0.02546088770031929
1197	0.03796999529004097
1198	0.033898886293172836
1199	0.04795694723725319
1200	0.08746611326932907
1201	0.06362553685903549
1202	0.05252060294151306
1203	0.07953045517206192
1204	0.03808074817061424
1205	0.08669683337211609
1206	0.05765045806765556
1207	0.05894945189356804
1208	0.02355617843568325
1209	0.04363656044006348
1210	0.03822184354066849
1211	0.030033661052584648
1212	0.022975444793701172
1213	0.017796702682971954
1214	0.015126717276871204
1215	0.015903711318969727
1216	0.010380933061242104
1217	0.010775147937238216
1218	0.00808453094214201
1219	0.01116108801215887
1220	0.009174550883471966
1221	0.01041663158684969
1222	0.009850150905549526
1223	0.015022478997707367
1224	0.009344528429210186
1225	0.012845183722674847
1226	0.015156677924096584
1227	0.03377409279346466
1228	0.024317685514688492
1229	0.018631193786859512
1230	0.012703122571110725
1231	0.013059357181191444
1232	0.027189021930098534
1233	0.04629689082503319
1234	0.06304329633712769
1235	0.07380588352680206
1236	0.05442332103848457
1237	0.10437073558568954
1238	0.11560475826263428
1239	0.13343201577663422
1240	0.10055408626794815
1241	0.08519783616065979
1242	0.14869849383831024
1243	0.18082621693611145
1244	0.22459745407104492
1245	0.18076278269290924
1246	0.049608249217271805
1247	0.030924974009394646
1248	0.013625319115817547
1249	0.014535630121827126
1250	0.012613847851753235
1251	0.009871779009699821
1252	0.01074240542948246
1253	0.014217180199921131
1254	0.02202686294913292
1255	0.0648340955376625
1256	0.043875761330127716
1257	0.07038386911153793
1258	0.07129867374897003
1259	0.17369906604290009
1260	0.12305178493261337
1261	0.14250747859477997
1262	0.14628878235816956
1263	0.10170008987188339
1264	0.05418294668197632
1265	0.0397125706076622
1266	0.05118901655077934
1267	0.03801892325282097
1268	0.009772221557796001
1269	0.009036353789269924
1270	0.007671918720006943
1271	0.008102989755570889
1272	0.006533757783472538
1273	0.006162530742585659
1274	0.0076072439551353455
1275	0.00787766557186842
1276	0.005751415621489286
1277	0.007281031459569931
1278	0.006582403089851141
1279	0.0069769942201673985
1280	0.012995433993637562
1281	0.03262047469615936
1282	0.03245391324162483
1283	0.02700662612915039
1284	0.02767973579466343
1285	0.056380610913038254
1286	0.09962352365255356
1287	0.14139889180660248
1288	0.11922991275787354
1289	0.08079469203948975
1290	0.09296723455190659
1291	0.12204594910144806
1292	0.08996038883924484
1293	0.07349424064159393
1294	0.05696063116192818
1295	0.05592471361160278
1296	0.05436490848660469
1297	0.04085398092865944
1298	0.06530643999576569
1299	0.07381134480237961
1300	0.051109302788972855
1301	0.05688748508691788
1302	0.03705880045890808
1303	0.07150992006063461
1304	0.056310344487428665
1305	0.04651590809226036
1306	0.07201375812292099
1307	0.06868712604045868
1308	0.07901716977357864
1309	0.05224543809890747
1310	0.10761549323797226
1311	0.03319528326392174
1312	0.015566281042993069
1313	0.01911654882133007
1314	0.014944157563149929
1315	0.013438274152576923
1316	0.07397675514221191
1317	0.14803826808929443
1318	0.10973485559225082
1319	0.314505010843277
1320	0.256866455078125
1321	0.5614460706710815
1322	0.5607086420059204
1323	0.4162231981754303
1324	0.47636136412620544
1325	0.4541957974433899
1326	0.22677107155323029
1327	0.2568170726299286
1328	0.08598577231168747
1329	0.0443221777677536
1330	0.06459025293588638
1331	0.07364089787006378
1332	0.03756874427199364
1333	0.038936395198106766
1334	0.043002981692552567
1335	0.03837522864341736
1336	0.026263749226927757
1337	0.027551183477044106
1338	0.016254711896181107
1339	0.012746574357151985
1340	0.01434208732098341
1341	0.01414880808442831
1342	0.012398282997310162
1343	0.01764199510216713
1344	0.012128538452088833
1345	0.010274725966155529
1346	0.012421580962836742
1347	0.014995000325143337
1348	0.012037632055580616
1349	0.030511049553751945
1350	0.03481898456811905
1351	0.02515614591538906
1352	0.07269112765789032
1353	0.17947612702846527
1354	0.061493195593357086
1355	0.04254863038659096
1356	0.04581868276000023
1357	0.04171053692698479
1358	0.04641062021255493
1359	0.08877947181463242
1360	0.06630977243185043
1361	0.06605309993028641
1362	0.05286405235528946
1363	0.05360953137278557
1364	0.029713047668337822
1365	0.05534818395972252
1366	0.024881457909941673
1367	0.03159604221582413
1368	0.03403468802571297
1369	0.09614326059818268
1370	0.026291269809007645
1371	0.03035062924027443
1372	0.0301971435546875
1373	0.04374008998274803
1374	0.02911166287958622
1375	0.032452259212732315
1376	0.03343943506479263
1377	0.041533518582582474
1378	0.02065478451550007
1379	0.021606003865599632
1380	0.02545231580734253
1381	0.010396580211818218
1382	0.0071699293330311775
1383	0.0068453713320195675
1384	0.006788186263293028
1385	0.0059593128971755505
1386	0.005686753895133734
1387	0.005582290235906839
1388	0.005398014094680548
1389	0.007271374110132456
1390	0.006072901654988527
1391	0.006211987696588039
1392	0.006402058992534876
1393	0.006363980006426573
1394	0.006185121368616819
1395	0.006371440831571817
1396	0.007010412868112326
1397	0.008224510587751865
1398	0.012214203365147114
1399	0.03504934906959534
1400	0.019900759682059288
1401	0.011137781664729118
1402	0.007102253381162882
1403	0.009114590473473072
1404	0.008383314125239849
1405	0.010209023021161556
1406	0.009730525314807892
1407	0.007741231005638838
1408	0.007660555187612772
1409	0.011212959885597229
1410	0.00829346477985382
1411	0.009196694940328598
1412	0.007853971794247627
1413	0.008084261789917946
1414	0.0072913928888738155
1415	0.008161714300513268
1416	0.00894559919834137
1417	0.009563619270920753
1418	0.011969814077019691
1419	0.010159638710319996
1420	0.009036554954946041
1421	0.009147449396550655
1422	0.006980226840823889
1423	0.008044320158660412
1424	0.010909284465014935
1425	0.009160439483821392
1426	0.010489542037248611
1427	0.008898193947970867
1428	0.009326663799583912
1429	0.008727948181331158
1430	0.008815765380859375
1431	0.009935460053384304
1432	0.009368865750730038
1433	0.011071939952671528
1434	0.010245575569570065
1435	0.007806017994880676
1436	0.008023014292120934
1437	0.010416562668979168
1438	0.00820175837725401
1439	0.00944795086979866
1440	0.008820419199764729
1441	0.009017727337777615
1442	0.009103360585868359
1443	0.008981450460851192
1444	0.00998668372631073
1445	0.009861773811280727
1446	0.010072286240756512
1447	0.008742348290979862
1448	0.010702782310545444
1449	0.00956052541732788
1450	0.00840370636433363
1451	0.010344683192670345
1452	0.009582106955349445
1453	0.010343153961002827
1454	0.00900003407150507
1455	0.007655975874513388
1456	0.008441248908638954
1457	0.00952195655554533
1458	0.008205018937587738
1459	0.011039191856980324
1460	0.01126358937472105
1461	0.008605620823800564
1462	0.009409409947693348
1463	0.008790307678282261
1464	0.008541638031601906
1465	0.00840302836149931
1466	0.00941101647913456
1467	0.008441892452538013
1468	0.007806872483342886
1469	0.008534117601811886
1470	0.007555203977972269
1471	0.008210644125938416
1472	0.008748611435294151
1473	0.008271132595837116
1474	0.0074800774455070496
1475	0.007755863945931196
1476	0.008824718184769154
1477	0.00837795715779066
1478	0.010063636116683483
1479	0.010049152188003063
1480	0.008120834827423096
1481	0.007950916886329651
1482	0.009549732320010662
1483	0.009800165891647339
1484	0.009045356884598732
1485	0.008153887465596199
1486	0.010422411374747753
1487	0.010034589096903801
1488	0.008378349244594574
1489	0.009925884194672108
1490	0.008799245581030846
1491	0.008443303406238556
1492	0.007473166566342115
1493	0.006852257996797562
1494	0.00911185797303915
1495	0.007044378202408552
1496	0.008262469433248043
1497	0.009435325860977173
1498	0.008879542350769043
1499	0.007518074009567499
1500	0.007554804440587759
1501	0.00848925020545721
1502	0.00917600654065609
1503	0.009629838168621063
1504	0.009670970030128956
1505	0.007506470661610365
1506	0.00782890897244215
1507	0.00905121024698019
1508	0.007229592185467482
1509	0.008497587405145168
1510	0.007297176402062178
1511	0.008230541832745075
1512	0.008037993684411049
1513	0.008839264512062073
1514	0.007077352609485388
1515	0.007250754628330469
1516	0.0066452412866055965
1517	0.00873254332691431
1518	0.008984008803963661
1519	0.008375491015613079
1520	0.0075544677674770355
1521	0.009312997572124004
1522	0.008001171983778477
1523	0.009303199127316475
1524	0.0083194300532341
1525	0.007301683072000742
1526	0.006626418326050043
1527	0.008325371891260147
1528	0.007371544372290373
1529	0.009176394902169704
1530	0.007645812816917896
1531	0.007739491760730743
1532	0.0070410906337201595
1533	0.007469903212040663
1534	0.007126159965991974
1535	0.008506342768669128
1536	0.006960061378777027
1537	0.008898136205971241
1538	0.008128277957439423
1539	0.008686929009854794
1540	0.007173262536525726
1541	0.006972344126552343
1542	0.007475765887647867
1543	0.006522557232528925
1544	0.005950231105089188
1545	0.007870023138821125
1546	0.007783263456076384
1547	0.008010241203010082
1548	0.007132393773645163
1549	0.006543923169374466
1550	0.006166786886751652
1551	0.006294221617281437
1552	0.006894183345139027
1553	0.006902308203279972
1554	0.006943108979612589
1555	0.007590584456920624
1556	0.006207553204149008
1557	0.0058229342103004456
1558	0.005589338485151529
1559	0.006302257068455219
1560	0.005407177843153477
1561	0.006145553197711706
1562	0.0049813734367489815
1563	0.004307362716645002
1564	0.004240226931869984
1565	0.004778339993208647
1566	0.0040285466238856316
1567	0.00434585427865386
1568	0.004229046404361725
1569	0.005681112874299288
1570	0.004661611281335354
1571	0.0047704195603728294
1572	0.005259213037788868
1573	0.005328721832484007
1574	0.007032004185020924
1575	0.008881953544914722
1576	0.006910659372806549
1577	0.008289585821330547
1578	0.0065232920460402966
1579	0.006434645503759384
1580	0.005668028723448515
1581	0.0059613692574203014
1582	0.006019532680511475
1583	0.00480468338355422
1584	0.005722642410546541
1585	0.004697671625763178
1586	0.004463972058147192
1587	0.0038360089529305696
1588	0.004441003315150738
1589	0.00444518169388175
1590	0.004886191803961992
1591	0.004849310964345932
1592	0.004952062852680683
1593	0.005164476577192545
1594	0.005326016340404749
1595	0.004964013118296862
1596	0.004726336803287268
1597	0.00574474548920989
1598	0.005186278373003006
1599	0.005153560545295477
1600	0.005071920342743397
1601	0.0050168526358902454
1602	0.0053083929233253
1603	0.004718697629868984
1604	0.005439938046038151
1605	0.005898667965084314
1606	0.005881804507225752
1607	0.006192618981003761
1608	0.005471197422593832
1609	0.004571676254272461
1610	0.005145910661667585
1611	0.005034034606069326
1612	0.005108230281621218
1613	0.005637823604047298
1614	0.005819773767143488
1615	0.005855067167431116
1616	0.004133706446737051
1617	0.004609006457030773
1618	0.005902592092752457
1619	0.008504961617290974
1620	0.00647170701995492
1621	0.005569118540734053
1622	0.0059682331047952175
1623	0.007515615317970514
1624	0.009257934987545013
1625	0.010590670630335808
1626	0.008355356752872467
1627	0.007282791193574667
1628	0.00744586018845439
1629	0.008508439175784588
1630	0.009899575263261795
1631	0.008540960028767586
1632	0.011686375364661217
1633	0.009299813769757748
1634	0.008763526566326618
1635	0.0075808921828866005
1636	0.00844012014567852
1637	0.008394667878746986
1638	0.009847423993051052
1639	0.008752979338169098
1640	0.006735954433679581
1641	0.008036467246711254
1642	0.00805354118347168
1643	0.008635650388896465
1644	0.009317602962255478
1645	0.007969113998115063
1646	0.007286965847015381
1647	0.008260848931968212
1648	0.010261628776788712
1649	0.00682921102270484
1650	0.007721308618783951
1651	0.008413935080170631
1652	0.006704813335090876
1653	0.008091535419225693
1654	0.006984105799347162
1655	0.00690397247672081
1656	0.00774626387283206
1657	0.008239842019975185
1658	0.008464771322906017
1659	0.0070913913659751415
1660	0.008096370846033096
1661	0.00814830046147108
1662	0.007922329939901829
1663	0.008233234286308289
1664	0.007103769574314356
1665	0.006888124626129866
1666	0.007010927889496088
1667	0.007243768312036991
1668	0.006268140859901905
1669	0.005742968991398811
1670	0.006887953728437424
1671	0.008602137677371502
1672	0.008163081482052803
1673	0.008897772990167141
1674	0.008825731463730335
1675	0.00911504402756691
1676	0.009390932507812977
1677	0.00784516055136919
1678	0.00882995966821909
1679	0.009518731385469437
1680	0.009584384970366955
1681	0.010133394971489906
1682	0.01005267072468996
1683	0.01243802160024643
1684	0.010737254284322262
1685	0.007822438143193722
1686	0.0071725728921592236
1687	0.007710610516369343
1688	0.0069797285832464695
1689	0.009228680282831192
1690	0.007512377109378576
1691	0.010110579431056976
1692	0.008697775192558765
1693	0.00749788386747241
1694	0.008018146269023418
1695	0.007845978252589703
1696	0.006944513414055109
1697	0.008748475462198257
1698	0.008382017724215984
1699	0.009645819664001465
1700	0.008211453445255756
1701	0.01168843638151884
1702	0.011281143873929977
1703	0.008921130560338497
1704	0.006995414383709431
1705	0.0065521658398211
1706	0.007426570635288954
1707	0.009855239652097225
1708	0.005839288700371981
1709	0.005976443644613028
1710	0.0066171507351100445
1711	0.006947276182472706
1712	0.006012333557009697
1713	0.007716577034443617
1714	0.006063099484890699
1715	0.007049662061035633
1716	0.005242637358605862
1717	0.006135540083050728
1718	0.009200917556881905
1719	0.006894016172736883
1720	0.008849057368934155
1721	0.007248958107084036
1722	0.007111503276973963
1723	0.006006947252899408
1724	0.007240538485348225
1725	0.006405228283256292
1726	0.0056037562899291515
1727	0.0061398898251354694
1728	0.007485182024538517
1729	0.006942628417164087
1730	0.007852337323129177
1731	0.00820410531014204
1732	0.006120424252003431
1733	0.005605924874544144
1734	0.006182171404361725
1735	0.006150329951196909
1736	0.006228414364159107
1737	0.007205970119684935
1738	0.008293074555695057
1739	0.005500449799001217
1740	0.0058937775902450085
1741	0.005804531741887331
1742	0.008096419274806976
1743	0.007780450861901045
1744	0.005612754262983799
1745	0.006217017769813538
1746	0.006536184344440699
1747	0.006410561501979828
1748	0.007156811188906431
1749	0.007118593901395798
1750	0.00829347874969244
1751	0.007523274514824152
1752	0.0073117162100970745
1753	0.006571631412953138
1754	0.006901435554027557
1755	0.007446004543453455
1756	0.007763192057609558
1757	0.008812787011265755
1758	0.008458289317786694
1759	0.007341065909713507
1760	0.007190506439656019
1761	0.008256087079644203
1762	0.010199097916483879
1763	0.00852311309427023
1764	0.008046726696193218
1765	0.009878291748464108
1766	0.00800460483878851
1767	0.009780882857739925
1768	0.01000844407826662
1769	0.01174073200672865
1770	0.011616989970207214
1771	0.01115107536315918
1772	0.011182337999343872
1773	0.009092792868614197
1774	0.00821730773895979
1775	0.009332957677543163
1776	0.012514484114944935
1777	0.008782696910202503
1778	0.008659941144287586
1779	0.009266549721360207
1780	0.008940895088016987
1781	0.009622200392186642
1782	0.0105586564168334
1783	0.011402390897274017
1784	0.008407550863921642
1785	0.008621957153081894
1786	0.008513867855072021
1787	0.008461262099444866
1788	0.008760339580476284
1789	0.007714762818068266
1790	0.007683022413402796
1791	0.007961872033774853
1792	0.007559195160865784
1793	0.008056226186454296
1794	0.007922309450805187
1795	0.006864415947347879
1796	0.007714123465120792
1797	0.008110168389976025
1798	0.007690325379371643
1799	0.007815725170075893
1800	0.007422506809234619
1801	0.007919460535049438
1802	0.008002727292478085
1803	0.008107020519673824
1804	0.009773336350917816
1805	0.007610540371388197
1806	0.006421980448067188
1807	0.005090279970318079
1808	0.004916073754429817
1809	0.005411725025624037
1810	0.004754194058477879
1811	0.005348776932805777
1812	0.006318455096334219
1813	0.0055153993889689445
1814	0.006449858192354441
1815	0.005870224442332983
1816	0.004386723041534424
1817	0.0046025412157177925
1818	0.005346647929400206
1819	0.005326561629772186
1820	0.006617128383368254
1821	0.00613935524597764
1822	0.005421607755124569
1823	0.004505062010139227
1824	0.004105680622160435
1825	0.004649552050977945
1826	0.004458743613213301
1827	0.004930482711642981
1828	0.004737138748168945
1829	0.005608734674751759
1830	0.0044660125859081745
1831	0.004648634698241949
1832	0.004865424707531929
1833	0.004333126824349165
1834	0.005241887178272009
1835	0.0038650264032185078
1836	0.00356778665445745
1837	0.003812509821727872
1838	0.0025254995562136173
1839	0.003349674167111516
1840	0.004467126913368702
1841	0.0042189741507172585
1842	0.005227414891123772
1843	0.005415906198322773
1844	0.004403902683407068
1845	0.004288667347282171
1846	0.005231786519289017
1847	0.005454041063785553
1848	0.004402225371450186
1849	0.004631610121577978
1850	0.006722581572830677
1851	0.005396513268351555
1852	0.005927541758865118
1853	0.005339780356734991
1854	0.006207694299519062
1855	0.007000501733273268
1856	0.005434017162770033
1857	0.004837223794311285
1858	0.005273388233035803
1859	0.006753881927579641
1860	0.006249026395380497
1861	0.004304798785597086
1862	0.00543988635763526
1863	0.004871990531682968
1864	0.005810051690787077
1865	0.005033534951508045
1866	0.004408134613186121
1867	0.005806428380310535
1868	0.005915539339184761
1869	0.004961341619491577
1870	0.0061894371174275875
1871	0.004585391376167536
1872	0.0046536000445485115
1873	0.004100835416465998
1874	0.0040210760198533535
1875	0.004435383714735508
1876	0.004946050699800253
1877	0.006000647321343422
1878	0.004817403387278318
1879	0.0047921049408614635
1880	0.004696352872997522
1881	0.00515086529776454
1882	0.007296324707567692
1883	0.005444060545414686
1884	0.004300534725189209
1885	0.005405170377343893
1886	0.004526435863226652
1887	0.004704588558524847
1888	0.0046762083657085896
1889	0.006136419251561165
1890	0.006888302508741617
1891	0.006184817757457495
1892	0.005802839528769255
1893	0.00694623589515686
1894	0.007122617214918137
1895	0.00573376938700676
1896	0.006751785520464182
1897	0.007585046347230673
1898	0.0073548550717532635
1899	0.00695299357175827
1900	0.007078282069414854
1901	0.00841540563851595
1902	0.006332865450531244
1903	0.008124258369207382
1904	0.006873128470033407
1905	0.00731233274564147
1906	0.0073907459154725075
1907	0.008074544370174408
1908	0.007150266319513321
1909	0.008003314957022667
1910	0.006633132230490446
1911	0.006302259862422943
1912	0.00671934662386775
1913	0.005778919439762831
1914	0.008575981482863426
1915	0.009129734709858894
1916	0.007672210223972797
1917	0.007462249603122473
1918	0.006918804254382849
1919	0.006440436001867056
1920	0.00916809868067503
1921	0.0128637021407485
1922	0.013722032308578491
1923	0.019183127209544182
1924	0.011815239675343037
1925	0.025702117010951042
1926	0.013929270207881927
1927	0.026810938492417336
1928	0.03973662853240967
1929	0.03032456897199154
1930	0.030011925846338272
1931	0.024776248261332512
1932	0.02278773859143257
1933	0.01612798310816288
1934	0.013381699100136757
1935	0.013077082112431526
1936	0.019537106156349182
1937	0.02058952860534191
1938	0.05057668685913086
1939	0.05548445135354996
1940	0.05490458011627197
1941	0.06423747539520264
1942	0.058689750730991364
1943	0.04005705192685127
1944	0.037785228341817856
1945	0.03833954036235809
1946	0.022247973829507828
1947	0.04904259368777275
1948	0.06672772020101547
1949	0.06219462305307388
1950	0.05505768582224846
1951	0.12171325832605362
1952	0.07189366966485977
1953	0.38660213351249695
1954	0.1853412240743637
1955	0.24711759388446808
1956	0.18372973799705505
1957	0.46667012572288513
1958	0.26793572306632996
1959	0.23383775353431702
1960	0.3165132403373718
1961	0.361750990152359
1962	0.22995510697364807
1963	0.3965383470058441
1964	0.16378603875637054
1965	0.09258916229009628
1966	0.07533735781908035
1967	0.054028887301683426
1968	0.009046189486980438
1969	0.011291734874248505
1970	0.010572610422968864
1971	0.008871488273143768
1972	0.00970163382589817
1973	0.008273555897176266
1974	0.007175786886364222
1975	0.009372305124998093
1976	0.008368398062884808
1977	0.007108941208571196
1978	0.008097927086055279
1979	0.0064753456972539425
1980	0.007246915251016617
1981	0.006927016656845808
1982	0.0075855194590985775
1983	0.007552480790764093
1984	0.008414181880652905
1985	0.008796989917755127
1986	0.00750143313780427
1987	0.007817612960934639
1988	0.010860425420105457
1989	0.011685817502439022
1990	0.016251033172011375
1991	0.0362791009247303
1992	0.029853660613298416
1993	0.05741177126765251
1994	0.02802283875644207
1995	0.013464230112731457
1996	0.007636187132447958
1997	0.0072575644589960575
1998	0.01001941692084074
1999	0.009755454957485199
2000	0.009355510585010052
2001	0.007300479803234339
2002	0.004959568381309509
2003	0.005761793814599514
2004	0.004862082190811634
2005	0.004945560824126005
2006	0.005788243841379881
2007	0.004809591919183731
2008	0.005768261384218931
2009	0.005452434532344341
2010	0.005498768296092749
2011	0.006049401592463255
2012	0.006931997835636139
2013	0.006315590348094702
2014	0.005832223687320948
2015	0.0061446609906852245
2016	0.0054478454403579235
2017	0.006674985866993666
2018	0.007669598795473576
2019	0.006161258555948734
2020	0.005360746290534735
2021	0.005194304045289755
2022	0.004835248924791813
2023	0.00751856341958046
2024	0.006392050068825483
2025	0.007933147251605988
2026	0.006472007837146521
2027	0.008987701497972012
2028	0.008977477438747883
2029	0.008214294910430908
2030	0.00907397922128439
2031	0.009022066369652748
2032	0.006390666123479605
2033	0.010943998582661152
2034	0.01061673741787672
2035	0.012305437587201595
2036	0.009975730441510677
2037	0.010547785088419914
2038	0.013395711779594421
2039	0.012085461989045143
2040	0.01064187753945589
2041	0.013515797443687916
2042	0.015534574165940285
2043	0.016386335715651512
2044	0.014588466845452785
2045	0.012369433417916298
2046	0.01335204392671585
2047	0.009488162584602833
2048	0.01194808166474104
2049	0.010361159220337868
2050	0.008566299453377724
2051	0.009463637135922909
2052	0.007847771048545837
2053	0.008207879029214382
2054	0.007477141916751862
2055	0.00772841414436698
2056	0.007755444850772619
2057	0.007417111191898584
2058	0.006572164595127106
2059	0.006691853981465101
2060	0.008017356507480145
2061	0.0058935643173754215
2062	0.007702653296291828
2063	0.00726154912263155
2064	0.006883402355015278
2065	0.008842887356877327
2066	0.008984860964119434
2067	0.008867128752171993
2068	0.007792051415890455
2069	0.008706984110176563
2070	0.008502309210598469
2071	0.008778467774391174
2072	0.006968870293349028
2073	0.006698403041809797
2074	0.005892403423786163
2075	0.006618608720600605
2076	0.0074497731402516365
2077	0.00919079128652811
2078	0.007472575642168522
2079	0.008038929663598537
2080	0.007603653706610203
2081	0.008170475251972675
2082	0.007823717780411243
2083	0.007495130877941847
2084	0.008737274445593357
2085	0.009081399068236351
2086	0.006506090052425861
2087	0.0077287438325583935
2088	0.007980226539075375
2089	0.00760400015860796
2090	0.009595106355845928
2091	0.009911536239087582
2092	0.00907069630920887
2093	0.009425054304301739
2094	0.008681102655827999
2095	0.005935946945101023
2096	0.005195546429604292
2097	0.0056393626146018505
2098	0.005628612823784351
2099	0.005431915167719126
2100	0.005972038954496384
2101	0.007521654944866896
2102	0.008458035066723824
2103	0.005766109563410282
2104	0.00714724138379097
2105	0.005306452512741089
2106	0.005468585528433323
2107	0.005879649426788092
2108	0.00741544971242547
2109	0.009607773274183273
2110	0.01088960375636816
2111	0.00712676951661706
2112	0.007769233081489801
2113	0.007368223275989294
2114	0.007242172956466675
2115	0.01089545153081417
2116	0.0083008436486125
2117	0.008386202156543732
2118	0.008599549531936646
2119	0.007506247144192457
2120	0.008176217786967754
2121	0.007434019353240728
2122	0.008536189794540405
2123	0.00864470936357975
2124	0.009982932358980179
2125	0.010709315538406372
2126	0.008589367382228374
2127	0.011395178735256195
2128	0.01065132301300764
2129	0.014288300648331642
2130	0.012868814170360565
2131	0.01455534715205431
2132	0.009932899847626686
2133	0.011724676005542278
2134	0.009677024558186531
2135	0.01105554960668087
2136	0.009157312102615833
2137	0.010199688374996185
2138	0.008015754632651806
2139	0.010708591900765896
2140	0.010607476346194744
2141	0.009996926411986351
2142	0.010387244634330273
2143	0.010198387317359447
2144	0.007816317491233349
2145	0.009705294854938984
2146	0.007973479107022285
2147	0.009358711540699005
2148	0.009299295954406261
2149	0.009788498282432556
2150	0.00753322197124362
2151	0.011329797096550465
2152	0.016815481707453728
2153	0.012780305929481983
2154	0.010076116770505905
2155	0.010157364420592785
2156	0.01046797912567854
2157	0.010450293309986591
2158	0.007403537631034851
2159	0.009920571930706501
2160	0.008082278072834015
2161	0.009086154401302338
2162	0.011117222718894482
2163	0.015349931083619595
2164	0.012100881896913052
2165	0.011764278635382652
2166	0.006942492909729481
2167	0.010322622954845428
2168	0.007490881718695164
2169	0.009156252257525921
2170	0.009760133922100067
2171	0.009216278791427612
2172	0.010034124366939068
2173	0.008256358094513416
2174	0.010284884832799435
2175	0.009407351724803448
2176	0.0073303538374602795
2177	0.00778286624699831
2178	0.006144009064882994
2179	0.008513073436915874
2180	0.008188319392502308
2181	0.00893388967961073
2182	0.008554843254387379
2183	0.010040565393865108
2184	0.006981741636991501
2185	0.007604319602251053
2186	0.005664739292114973
2187	0.006903390865772963
2188	0.00719857681542635
2189	0.00956664327532053
2190	0.01085479836910963
2191	0.009952661581337452
2192	0.010714657604694366
2193	0.008214364759624004
2194	0.007116389460861683
2195	0.007762244436889887
2196	0.01110367476940155
2197	0.010781213641166687
2198	0.013926197774708271
2199	0.011966104619204998
2200	0.00957946851849556
2201	0.012014235369861126
2202	0.007532454561442137
2203	0.007315310183912516
2204	0.005093681160360575
2205	0.0068247513845562935
2206	0.008098967373371124
2207	0.005747966002672911
2208	0.006801414769142866
2209	0.005744932685047388
2210	0.005300356540828943
2211	0.005258040968328714
2212	0.005278463941067457
2213	0.0044937655329704285
2214	0.004688261542469263
2215	0.005229693837463856
2216	0.005315685179084539
2217	0.006580190267413855
2218	0.007823576219379902
2219	0.006120872683823109
2220	0.005103360395878553
2221	0.005022217985242605
2222	0.004921755287796259
2223	0.00429365923628211
2224	0.004678556229919195
2225	0.0053210011683404446
2226	0.006161702796816826
2227	0.007712087128311396
2228	0.006969340145587921
2229	0.007139895111322403
2230	0.0043830424547195435
2231	0.006221606861799955
2232	0.005942932795733213
2233	0.007712401449680328
2234	0.006986662745475769
2235	0.00795216765254736
2236	0.007999802008271217
2237	0.008674188517034054
2238	0.009864256717264652
2239	0.009569323621690273
2240	0.009057993069291115
2241	0.010706192813813686
2242	0.008690325543284416
2243	0.006939038634300232
2244	0.007266155909746885
2245	0.006441948004066944
2246	0.008148252964019775
2247	0.008044655434787273
2248	0.008753716014325619
2249	0.008557253517210484
2250	0.0062422254122793674
2251	0.006392938084900379
2252	0.006255557294934988
2253	0.006611879449337721
2254	0.006699593272060156
2255	0.007584880571812391
2256	0.006467878818511963
2257	0.005083798430860043
2258	0.0060357325710356236
2259	0.005847472231835127
2260	0.005587606690824032
2261	0.005290647968649864
2262	0.004748320672661066
2263	0.005568933207541704
2264	0.005588662810623646
2265	0.007744858507066965
2266	0.005929585080593824
2267	0.005355715751647949
2268	0.004893979523330927
2269	0.0054266187362372875
2270	0.005211268551647663
2271	0.0054322415962815285
2272	0.005306607577949762
2273	0.004408331122249365
2274	0.004246561322361231
2275	0.004950603935867548
2276	0.0037961811758577824
2277	0.003968044649809599
2278	0.003519297344610095
2279	0.004232389386743307
2280	0.004811611492186785
2281	0.004197889938950539
2282	0.004472681786864996
2283	0.0038922724779695272
2284	0.003982399124652147
2285	0.004906316287815571
2286	0.0038864517118781805
2287	0.0036407571751624346
2288	0.005153002683073282
2289	0.004684071522206068
2290	0.006550870835781097
2291	0.006199881434440613
2292	0.005588581319898367
2293	0.006213333923369646
2294	0.006461636628955603
2295	0.006864131428301334
2296	0.007613451685756445
2297	0.010449825786054134
2298	0.011605924926698208
2299	0.01077339705079794
2300	0.00994793325662613
2301	0.009945407509803772
2302	0.010714272037148476
2303	0.010517659597098827
2304	0.008119392208755016
2305	0.008093244396150112
2306	0.011107994243502617
2307	0.012550490908324718
2308	0.011084678582847118
2309	0.01607903651893139
2310	0.010920772328972816
2311	0.016454551368951797
2312	0.009417623281478882
2313	0.010537764988839626
2314	0.011054820381104946
2315	0.014499718323349953
2316	0.024740543216466904
2317	0.031970638781785965
2318	0.024107659235596657
2319	0.03390715643763542
2320	0.02867407537996769
2321	0.05520383268594742
2322	0.03470524027943611
2323	0.044252458959817886
2324	0.02862299419939518
2325	0.04596373811364174
2326	0.03566522151231766
2327	0.02815381996333599
2328	0.018895311281085014
2329	0.025577476248145103
2330	0.04162802919745445
2331	0.025616779923439026
2332	0.031622130423784256
2333	0.025759292766451836
2334	0.02018550969660282
2335	0.027450690045952797
2336	0.018869582563638687
2337	0.015314373187720776
2338	0.011340762488543987
2339	0.014055298641324043
2340	0.012409820221364498
2341	0.012699778191745281
2342	0.012289493344724178
2343	0.015914812684059143
2344	0.016427528113126755
2345	0.014103124849498272
2346	0.019893411546945572
2347	0.019576875492930412
2348	0.016639139503240585
2349	0.031734686344861984
2350	0.03186243399977684
2351	0.05995858833193779
2352	0.026071293279528618
2353	0.03625085577368736
2354	0.030353331938385963
2355	0.04018699750304222
2356	0.031906455755233765
2357	0.05796157196164131
2358	0.030742783099412918
2359	0.09904959052801132
2360	0.054325204342603683
2361	0.06101170927286148
2362	0.0647478923201561
2363	0.027864664793014526
2364	0.055015940219163895
2365	0.0521819181740284
2366	0.02624240517616272
2367	0.013200010173022747
2368	0.014134692959487438
2369	0.008955694735050201
2370	0.007441297173500061
2371	0.011006607674062252
2372	0.008556432090699673
2373	0.008603756316006184
2374	0.00871696975082159
2375	0.010318134911358356
2376	0.009819903410971165
2377	0.011917906813323498
2378	0.010243983939290047
2379	0.009614439681172371
2380	0.009884622879326344
2381	0.008537622168660164
2382	0.0075616962276399136
2383	0.008744100108742714
2384	0.009865405037999153
2385	0.008891581557691097
2386	0.009413315914571285
2387	0.008889337070286274
2388	0.008962131105363369
2389	0.008376742713153362
2390	0.008880289271473885
2391	0.0223615150898695
2392	0.03510618209838867
2393	0.04341593012213707
2394	0.07153519988059998
2395	0.10850556194782257
2396	0.052376098930835724
2397	0.1850084513425827
2398	0.20318308472633362
2399	0.20874300599098206
2400	0.2603074014186859
2401	0.19865255057811737
2402	0.21297112107276917
2403	0.06351529806852341
2404	0.0422748364508152
2405	0.20931915938854218
2406	0.12549977004528046
2407	0.11994834244251251
2408	0.06746658682823181
2409	0.14266347885131836
2410	0.06227666139602661
2411	0.04914470016956329
2412	0.11503710597753525
2413	0.09874696284532547
2414	0.0626855418086052
2415	0.11610009521245956
2416	0.1443490982055664
2417	0.13843406736850739
2418	0.1566116362810135
2419	0.058231890201568604
2420	0.04156149923801422
2421	0.05406426265835762
2422	0.02675497531890869
2423	0.041324783116579056
2424	0.07297597080469131
2425	0.08102390170097351
2426	0.11362691223621368
2427	0.054303642362356186
2428	0.04427843168377876
2429	0.13810746371746063
2430	0.10719684511423111
2431	0.1107902079820633
2432	0.2157457321882248
2433	0.11542220413684845
2434	0.09695414453744888
2435	0.10626113414764404
2436	0.09270479530096054
2437	0.05092231556773186
2438	0.05549872666597366
2439	0.09491511434316635
2440	0.047465499490499496
2441	0.048782773315906525
2442	0.07229986041784286
2443	0.04268789291381836
2444	0.04297694191336632
2445	0.09572558850049973
2446	0.10109815746545792
2447	0.045231882482767105
2448	0.06224740296602249
2449	0.04730762168765068
2450	0.03407887741923332
2451	0.022480053827166557
2452	0.039482153952121735
2453	0.11514192819595337
2454	0.061681367456912994
2455	0.07694318145513535
2456	0.12808261811733246
2457	0.08062402158975601
2458	0.1025862917304039
2459	0.09000397473573685
2460	0.08333197236061096
2461	0.15464471280574799
2462	0.17402750253677368
2463	0.25592461228370667
2464	0.12886853516101837
2465	0.11695350706577301
2466	0.09156420081853867
2467	0.11081515997648239
2468	0.15154613554477692
2469	0.2560512125492096
2470	0.09666096419095993
2471	0.11842507123947144
2472	0.1267947405576706
2473	0.1206086203455925
2474	0.09644438326358795
2475	0.11627191305160522
2476	0.04688712954521179
2477	0.11935603618621826
2478	0.26307404041290283
2479	0.15197418630123138
2480	0.06450781226158142
2481	0.17929601669311523
2482	0.16265635192394257
2483	0.12299229949712753
2484	0.07767312228679657
2485	0.12863439321517944
2486	0.13179437816143036
2487	0.37003716826438904
2488	0.09962768852710724
2489	0.15786145627498627
2490	0.26095280051231384
2491	0.14601559937000275
2492	0.22653456032276154
2493	0.16469880938529968
2494	0.18588709831237793
2495	0.05000853165984154
2496	0.059546973556280136
2497	0.07520248740911484
2498	0.13880735635757446
2499	0.08073856681585312
2500	0.06024719402194023
2501	0.11860308796167374
2502	0.039030950516462326
2503	0.11721139401197433
2504	0.11848276108503342
2505	0.14366354048252106
2506	0.3116353452205658
2507	0.3031174838542938
2508	0.12665970623493195
2509	0.3318169116973877
2510	0.29900702834129333
2511	0.14728648960590363
2512	0.09003102779388428
2513	0.08807464689016342
2514	0.15784041583538055
2515	0.09576919674873352
2516	0.14347527921199799
2517	0.3453328311443329
2518	0.4227984547615051
2519	0.18143455684185028
2520	0.07904189079999924
2521	0.08017444610595703
2522	0.17221716046333313
2523	0.09024771302938461
2524	0.08010285347700119
2525	0.09687942266464233
2526	0.0714007243514061
2527	0.04529443755745888
2528	0.03426836058497429
2529	0.021819375455379486
2530	0.009225759655237198
2531	0.008875778876245022
2532	0.009494420140981674
2533	0.01784982718527317
2534	0.008052952587604523
2535	0.008424882777035236
2536	0.006959661841392517
2537	0.011884881183505058
2538	0.016053443774580956
2539	0.016317293047904968
2540	0.014139311388134956
2541	0.019281988963484764
2542	0.014301634393632412
2543	0.023650875315070152
2544	0.029273027554154396
2545	0.02444499544799328
2546	0.016660207882523537
2547	0.012077356688678265
2548	0.010272352956235409
2549	0.008845730684697628
2550	0.008571076206862926
2551	0.00957519095391035
2552	0.012845508754253387
2553	0.010018224827945232
2554	0.008997294120490551
2555	0.011079930700361729
2556	0.013281834311783314
2557	0.016782669350504875
2558	0.01987379789352417
2559	0.023783771321177483
2560	0.052696358412504196
2561	0.061289697885513306
2562	0.05458053573966026
2563	0.12499295920133591
2564	0.13526475429534912
2565	0.024849284440279007
2566	0.024857288226485252
2567	0.036129191517829895
2568	0.10147497802972794
2569	0.21669375896453857
2570	0.02659749984741211
2571	0.010339871048927307
2572	0.009242969565093517
2573	0.00954032875597477
2574	0.009292892180383205
2575	0.009132402017712593
2576	0.009054324589669704
2577	0.008529149927198887
2578	0.009193737991154194
2579	0.007822050713002682
2580	0.006075132172554731
2581	0.007691574282944202
2582	0.0069223144091665745
2583	0.007781560067087412
2584	0.00794441532343626
2585	0.008142005652189255
2586	0.007368458900600672
2587	0.009114864282310009
2588	0.022949565201997757
2589	0.01779872551560402
2590	0.009509486146271229
2591	0.010451634414494038
2592	0.014056342653930187
2593	0.011564348824322224
2594	0.009350785985589027
2595	0.008693225681781769
2596	0.009098476730287075
2597	0.01223842240869999
2598	0.010471967048943043
2599	0.010833586566150188
2600	0.01094498485326767
2601	0.0075503005646169186
2602	0.008796820417046547
2603	0.009353767149150372
2604	0.01120001170784235
2605	0.01107827853411436
2606	0.013673270121216774
2607	0.025176530703902245
2608	0.0178411602973938
2609	0.03318912535905838
2610	0.04811404272913933
2611	0.0443304069340229
2612	0.05422118306159973
2613	0.030438978224992752
2614	0.03849031776189804
2615	0.06483771651983261
2616	0.09077351540327072
2617	0.08155789226293564
2618	0.055830955505371094
2619	0.06250983476638794
2620	0.13174374401569366
2621	0.09929689019918442
2622	0.10573172569274902
2623	0.09321150928735733
2624	0.05588063597679138
2625	0.07428780943155289
2626	0.061854273080825806
2627	0.09304060786962509
2628	0.06260877847671509
2629	0.12274949997663498
2630	0.08400044590234756
2631	0.05578333139419556
2632	0.042197976261377335
2633	0.0472261868417263
2634	0.14307036995887756
2635	0.06558527797460556
2636	0.05537837743759155
2637	0.03702374920248985
2638	0.10484945774078369
2639	0.059045590460300446
2640	0.06454075127840042
2641	0.0668974369764328
2642	0.0565401092171669
2643	0.05461057648062706
2644	0.057743657380342484
2645	0.027011651545763016
2646	0.029456889256834984
2647	0.01805841736495495
2648	0.033302199095487595
2649	0.02444070391356945
2650	0.027408812195062637
2651	0.012715011835098267
2652	0.01738339103758335
2653	0.014087679795920849
2654	0.013783106580376625
2655	0.013971214182674885
2656	0.02124074101448059
2657	0.018587462604045868
2658	0.013546890579164028
2659	0.0168582983314991
2660	0.02695348858833313
2661	0.02503116801381111
2662	0.010204185731709003
2663	0.008226243779063225
2664	0.008459010161459446
2665	0.007978251203894615
2666	0.0086577869951725
2667	0.00865995418280363
2668	0.00842328555881977
2669	0.009334235452115536
2670	0.011419328860938549
2671	0.01751110889017582
2672	0.010885710828006268
2673	0.027948051691055298
2674	0.033028461039066315
2675	0.11573565006256104
2676	0.11059834063053131
2677	0.08025159686803818
2678	0.04466501623392105
2679	0.05272618681192398
2680	0.012257121503353119
2681	0.014057259075343609
2682	0.03916693106293678
2683	0.1136460229754448
2684	0.15354537963867188
2685	0.1807022988796234
2686	0.023589497432112694
2687	0.0340992696583271
2688	0.02305884100496769
2689	0.015528283081948757
2690	0.016038287431001663
2691	0.020859498530626297
2692	0.009103248827159405
2693	0.011696790345013142
2694	0.01838165521621704
2695	0.08398834615945816
2696	0.06404173374176025
2697	0.36861300468444824
2698	0.3437727391719818
2699	0.39042502641677856
2700	0.29331979155540466
2701	0.17780344188213348
2702	0.1398172676563263
2703	0.19218452274799347
2704	0.32370758056640625
2705	0.6448138356208801
2706	0.25908327102661133
2707	0.3586350381374359
2708	0.23754489421844482
2709	0.2103537768125534
2710	0.34138184785842896
2711	0.5325366258621216
2712	0.3883763253688812
2713	0.2560836672782898
2714	0.4005560874938965
2715	0.4282061755657196
2716	0.4540294110774994
2717	0.38376107811927795
2718	0.3826547861099243
2719	0.35231730341911316
2720	0.3851284682750702
2721	0.33659347891807556
2722	0.18350839614868164
2723	0.32652249932289124
2724	0.15320241451263428
2725	0.3839772939682007
2726	0.1965169757604599
2727	0.30947574973106384
2728	0.4470376968383789
2729	0.4276162087917328
2730	0.2934969365596771
2731	0.22435937821865082
2732	0.2708466053009033
2733	0.33993688225746155
2734	0.3563666343688965
2735	0.2859894931316376
2736	0.21799345314502716
2737	0.45477285981178284
2738	0.2870202958583832
2739	0.3670383095741272
2740	0.3079422116279602
2741	0.3291483521461487
2742	0.22340326011180878
2743	0.37835437059402466
2744	0.26598167419433594
2745	0.28319260478019714
2746	0.24873125553131104
2747	0.1769450157880783
2748	0.09444570541381836
2749	0.319209486246109
2750	0.12904928624629974
2751	0.2871997058391571
2752	0.45218634605407715
2753	0.14939801394939423
2754	0.09622259438037872
2755	0.07374121993780136
2756	0.028475886210799217
2757	0.03228238224983215
2758	0.021169373765587807
2759	0.0481451116502285
2760	0.3959730565547943
2761	0.16212797164916992
2762	0.19830559194087982
2763	0.01800266094505787
2764	0.007607174105942249
2765	0.007498826365917921
2766	0.0065589784644544125
2767	0.007056168746203184
2768	0.0061849444173276424
2769	0.007669666316360235
2770	0.014416220597922802
2771	0.011451023630797863
2772	0.0071696690283715725
2773	0.007827285677194595
2774	0.007061322685331106
2775	0.006135264877229929
2776	0.0048967464827001095
2777	0.004749235697090626
2778	0.004812491126358509
2779	0.006031265947967768
2780	0.0070583107881248
2781	0.00514169130474329
2782	0.0047983224503695965
2783	0.004671796690672636
2784	0.005076384637504816
2785	0.006208424456417561
2786	0.0061284988187253475
2787	0.007370375096797943
2788	0.006865294184535742
2789	0.007349948864430189
2790	0.006503497250378132
2791	0.007354214787483215
2792	0.006339636631309986
2793	0.005567450076341629
2794	0.006404858082532883
2795	0.005471659358590841
2796	0.005868352483958006
2797	0.006903556641191244
2798	0.00506911426782608
2799	0.0059243799187242985
2800	0.004357475787401199
2801	0.004350691568106413
2802	0.005707092117518187
2803	0.004805592354387045
2804	0.005365355405956507
2805	0.00588660454377532
2806	0.005895757116377354
2807	0.006858819629997015
2808	0.006483311299234629
2809	0.007139034569263458
2810	0.00724751828238368
2811	0.00727043068036437
2812	0.007159784436225891
2813	0.008246504701673985
2814	0.009023425169289112
2815	0.008344058878719807
2816	0.009937386028468609
2817	0.009606721810996532
2818	0.009773733094334602
2819	0.009665003977715969
2820	0.008248965255916119
2821	0.0112167252227664
2822	0.01101596001535654
2823	0.012103384360671043
2824	0.00986748468130827
2825	0.008700418286025524
2826	0.009530790150165558
2827	0.009420741349458694
2828	0.00910119991749525
2829	0.012321393005549908
2830	0.009702886454761028
2831	0.010257725603878498
2832	0.0084085613489151
2833	0.009633675217628479
2834	0.010531523264944553
2835	0.009280922822654247
2836	0.008302910253405571
2837	0.009453936479985714
2838	0.00818594079464674
2839	0.010250520892441273
2840	0.009781058877706528
2841	0.010249943472445011
2842	0.009385447017848492
2843	0.009095326066017151
2844	0.008020135574042797
2845	0.00855200458317995
2846	0.008841008879244328
2847	0.008417117409408092
2848	0.008734731934964657
2849	0.007532272022217512
2850	0.00870285090059042
2851	0.00839234422892332
2852	0.008763772435486317
2853	0.009232691489160061
2854	0.009887384250760078
2855	0.009675893001258373
2856	0.008193089626729488
2857	0.008208530955016613
2858	0.008474401198327541
2859	0.008685930632054806
2860	0.008345678448677063
2861	0.008405054919421673
2862	0.008320055902004242
2863	0.009024369530379772
2864	0.008124425075948238
2865	0.006730240769684315
2866	0.009159325622022152
2867	0.009331735782325268
2868	0.0068899947218596935
2869	0.007981434464454651
2870	0.01038158405572176
2871	0.010997523553669453
2872	0.009107870049774647
2873	0.007436790969222784
2874	0.008869732730090618
2875	0.006497137248516083
2876	0.007865400984883308
2877	0.007391088642179966
2878	0.007434786297380924
2879	0.00869735237210989
2880	0.00736439460888505
2881	0.007401757873594761
2882	0.008444519713521004
2883	0.00998429860919714
2884	0.008287405595183372
2885	0.006971505470573902
2886	0.00839159730821848
2887	0.007353535387665033
2888	0.007907113991677761
2889	0.007673576474189758
2890	0.00893090758472681
2891	0.008072982542216778
2892	0.005648293532431126
2893	0.008088543079793453
2894	0.0072288005612790585
2895	0.006200169213116169
2896	0.006021789740771055
2897	0.00654763076454401
2898	0.006390711758285761
2899	0.00819588452577591
2900	0.006691545248031616
2901	0.007877491414546967
2902	0.007603019010275602
2903	0.006663332227617502
2904	0.004982381593436003
2905	0.0070190089754760265
2906	0.006182782351970673
2907	0.006892104633152485
2908	0.005492615047842264
2909	0.006773828063160181
2910	0.005922421347349882
2911	0.006545849144458771
2912	0.006249978207051754
2913	0.0066755893640220165
2914	0.005869437009096146
2915	0.0066270590759813786
2916	0.005570577457547188
2917	0.006592287216335535
2918	0.008246215991675854
2919	0.0079168900847435
2920	0.006997004151344299
2921	0.006020038854330778
2922	0.0058495416305959225
2923	0.006805654615163803
2924	0.007329627405852079
2925	0.006520112045109272
2926	0.0065827625803649426
2927	0.006568253040313721
2928	0.0062025790102779865
2929	0.006653724703937769
2930	0.006117969751358032
2931	0.0061861686408519745
2932	0.006294408347457647
2933	0.00788032915443182
2934	0.006409527268260717
2935	0.006705096457153559
2936	0.006913542281836271
2937	0.006514628417789936
2938	0.007388123776763678
2939	0.006149983499199152
2940	0.0060892002657055855
2941	0.005310720298439264
2942	0.005712477024644613
2943	0.00718427449464798
2944	0.006340564228594303
2945	0.008541308343410492
2946	0.007082707714289427
2947	0.007162971887737513
2948	0.007149755954742432
2949	0.01197921670973301
2950	0.011151936836540699
2951	0.00965713057667017
2952	0.006812419276684523
2953	0.010265665128827095
2954	0.01061299815773964
2955	0.012073813006281853
2956	0.011229484342038631
2957	0.013047817163169384
2958	0.011939065530896187
2959	0.01611548289656639
2960	0.011984697543084621
2961	0.01332488376647234
2962	0.009803567081689835
2963	0.008130631409585476
2964	0.007177393883466721
2965	0.008525063283741474
2966	0.009482502937316895
2967	0.009493723511695862
2968	0.007355110254138708
2969	0.008024557493627071
2970	0.007998034358024597
2971	0.00814850814640522
2972	0.008788900449872017
2973	0.009183171205222607
2974	0.008800365030765533
2975	0.0076023549772799015
2976	0.007081892341375351
2977	0.006946911569684744
2978	0.00793405156582594
2979	0.008219652809202671
2980	0.009659397415816784
2981	0.011433643288910389
2982	0.010341939516365528
2983	0.012032833881676197
2984	0.011086126789450645
2985	0.0087978420779109
2986	0.009242109023034573
2987	0.008303905837237835
2988	0.0061299665831029415
2989	0.008442569524049759
2990	0.007265017833560705
2991	0.007004264276474714
2992	0.008467471227049828
2993	0.008489496074616909
2994	0.008772606961429119
2995	0.013885574415326118
2996	0.007110808975994587
2997	0.007095351815223694
2998	0.0066415369510650635
2999	0.007710650563240051
3000	0.008095046505331993
3001	0.007788476999849081
3002	0.008297096006572247
3003	0.010691496543586254
3004	0.007903377525508404
3005	0.00804505217820406
3006	0.010004092939198017
3007	0.008178786374628544
3008	0.010673833079636097
3009	0.008836801163852215
3010	0.008888384327292442
3011	0.00835722777992487
3012	0.00996581744402647
3013	0.009851902723312378
3014	0.008486275561153889
3015	0.008348261937499046
3016	0.008076325058937073
3017	0.008991907350718975
3018	0.008216514252126217
3019	0.009983032941818237
3020	0.010602113790810108
3021	0.009668045677244663
3022	0.009541444480419159
3023	0.01171774510294199
3024	0.009064225479960442
3025	0.009063593111932278
3026	0.009282419458031654
3027	0.010102723725140095
3028	0.009489460848271847
3029	0.010074314661324024
3030	0.009974244050681591
3031	0.00947585143148899
3032	0.01131994929164648
3033	0.00986742414534092
3034	0.009099483489990234
3035	0.011197869665920734
3036	0.008478756062686443
3037	0.009915693663060665
3038	0.01041598990559578
3039	0.0089391665533185
3040	0.009743466973304749
3041	0.011567681096494198
3042	0.01011416595429182
3043	0.00915374793112278
3044	0.009384460747241974
3045	0.010592031292617321
3046	0.008894244208931923
3047	0.009929235093295574
3048	0.010004278272390366
3049	0.00902057159692049
3050	0.009572031907737255
3051	0.008516221307218075
3052	0.006746287923306227
3053	0.008287702687084675
3054	0.008802070282399654
3055	0.01023070514202118
3056	0.009004341438412666
3057	0.009307664819061756
3058	0.005792974028736353
3059	0.007199418731033802
3060	0.0057616024278104305
3061	0.005508899223059416
3062	0.005556880496442318
3063	0.006064814981073141
3064	0.006643121130764484
3065	0.006959842052310705
3066	0.006765104830265045
3067	0.005399059504270554
3068	0.004993225913494825
3069	0.004554345738142729
3070	0.005116394720971584
3071	0.004669790156185627
3072	0.005271765869110823
3073	0.006320504937320948
3074	0.006567228585481644
3075	0.006181451957672834
3076	0.005660933442413807
3077	0.006522749550640583
3078	0.006161223631352186
3079	0.005746850278228521
3080	0.009350358508527279
3081	0.015862513333559036
3082	0.019143281504511833
3083	0.03251646086573601
3084	0.023688163608312607
3085	0.04692934826016426
3086	0.03117530606687069
3087	0.025597423315048218
3088	0.0135951554402709
3089	0.014454521238803864
3090	0.01395841408520937
3091	0.017918778583407402
3092	0.015165591612458229
3093	0.01369189377874136
3094	0.02298511378467083
3095	0.02690710499882698
3096	0.024990621954202652
3097	0.09280287474393845
3098	0.16619320213794708
3099	0.13896016776561737
3100	0.1945413202047348
3101	0.5028191804885864
3102	0.4557127058506012
3103	0.6122499704360962
3104	0.685729444026947
3105	0.656905472278595
3106	0.7049893736839294
3107	0.6357844471931458
3108	0.6678803563117981
3109	0.8531328439712524
3110	0.9069164395332336
3111	0.9601651430130005
3112	0.8938154578208923
3113	0.9359273314476013
3114	0.9798639416694641
3115	0.9670826196670532
3116	0.9331762194633484
3117	0.9753993153572083
3118	0.835684597492218
3119	0.9009177088737488
3120	0.9122438430786133
3121	0.9350492358207703
3122	0.8432278037071228
3123	0.7916457056999207
3124	0.7542744874954224
3125	0.7878909111022949
3126	0.7553572058677673
3127	0.8581300973892212
3128	0.8195415735244751
3129	0.8874835968017578
3130	0.8307738304138184
3131	0.9557878375053406
3132	0.9187635779380798
3133	0.9736698269844055
3134	0.960058867931366
3135	0.9690129160881042
3136	0.7852312922477722
3137	0.00766673032194376
3138	0.008275272324681282
3139	0.007148332428187132
3140	0.00664510065689683
3141	0.008345226757228374
3142	0.007492271717637777
3143	0.006778316106647253
3144	0.008413724601268768
3145	0.0076889037154614925
3146	0.007993566803634167
3147	0.007691745646297932
3148	0.007174487691372633
3149	0.009438509121537209
3150	0.008314670994877815
3151	0.007974164560437202
3152	0.007815155200660229
3153	0.006984935607761145
3154	0.008315419778227806
3155	0.00880554411560297
3156	0.00833767931908369
3157	0.008196855895221233
3158	0.010279830545186996
3159	0.013115732930600643
3160	0.008713099174201488
3161	0.01249575987458229
3162	0.01287142839282751
3163	0.013265213929116726
3164	0.009342680685222149
3165	0.008165075443685055
3166	0.006139667239040136
3167	0.006753347814083099
3168	0.008146101608872414
3169	0.007558817509561777
3170	0.007616269867867231
3171	0.009381427429616451
3172	0.007520912680774927
3173	0.008673964999616146
3174	0.010406868532299995
3175	0.008537717163562775
3176	0.00818738341331482
3177	0.009891866706311703
3178	0.008200466632843018
3179	0.008686098270118237
3180	0.0077605354599654675
3181	0.008923428133130074
3182	0.007825706154108047
3183	0.007005815394222736
3184	0.004491097759455442
3185	0.0059026372618973255
3186	0.00819322094321251
3187	0.007861343212425709
3188	0.007934227585792542
3189	0.007375209126621485
3190	0.007373901549726725
3191	0.0065477387979626656
3192	0.006512890104204416
3193	0.0071951597929000854
3194	0.0053672487847507
3195	0.005512944422662258
3196	0.004347365349531174
3197	0.005646498408168554
3198	0.0050934311002492905
3199	0.00449349032714963
3200	0.00424644909799099
3201	0.006127580534666777
3202	0.005834894720464945
3203	0.004961057100445032
3204	0.004728275816887617
3205	0.006080453749746084
3206	0.004461472388356924
3207	0.006407033186405897
3208	0.004591293632984161
3209	0.004255005624145269
3210	0.004691179376095533
3211	0.005742073990404606
3212	0.005634785629808903
3213	0.005464456509798765
3214	0.005258203949779272
3215	0.006027752999216318
3216	0.006797883193939924
3217	0.006491880398243666
3218	0.006207819562405348
3219	0.006712190806865692
3220	0.007068327162414789
3221	0.006265489850193262
3222	0.007302513811737299
3223	0.007313890848308802
3224	0.006028015166521072
3225	0.005359239876270294
3226	0.005988429766148329
3227	0.007002410478889942
3228	0.0064150127582252026
3229	0.006516126450151205
3230	0.006116674747318029
3231	0.007304887752979994
3232	0.005319287069141865
3233	0.006197647657245398
3234	0.007862349040806293
3235	0.006574316415935755
3236	0.00769136194139719
3237	0.0069936178624629974
3238	0.0057349130511283875
3239	0.007877693511545658
3240	0.007321550976485014
3241	0.009118159301578999
3242	0.00823649950325489
3243	0.008425446227192879
3244	0.0069162980653345585
3245	0.007658548653125763
3246	0.00766943022608757
3247	0.007166039198637009
3248	0.00764021510258317
3249	0.008388037793338299
3250	0.007176380604505539
3251	0.006976733449846506
3252	0.006949727423489094
3253	0.00640503317117691
3254	0.006750648375600576
3255	0.006901644170284271
3256	0.007208576891571283
3257	0.008022240363061428
3258	0.007934951223433018
3259	0.00850251317024231
3260	0.008329219184815884
3261	0.010582896880805492
3262	0.008109540678560734
3263	0.009400540962815285
3264	0.008739585988223553
3265	0.007885619066655636
3266	0.009807278402149677
3267	0.008569802157580853
3268	0.006645810790359974
3269	0.008934666402637959
3270	0.007863540202379227
3271	0.00839561689645052
3272	0.008000586181879044
3273	0.007493115495890379
3274	0.00799733679741621
3275	0.008599992841482162
3276	0.008059139363467693
3277	0.008823879063129425
3278	0.009719117544591427
3279	0.015959521755576134
3280	0.013868949376046658
3281	0.015334665775299072
3282	0.02358073927462101
3283	0.018685808405280113
3284	0.034599967300891876
3285	0.03692618012428284
3286	0.029513448476791382
3287	0.039435263723134995
3288	0.01671244017779827
3289	0.016450760886073112
3290	0.029454320669174194
3291	0.01785946823656559
3292	0.011600086465477943
3293	0.012319999746978283
3294	0.011331717483699322
3295	0.008054952137172222
3296	0.007194967474788427
3297	0.008150152862071991
3298	0.006230396218597889
3299	0.008328539319336414
3300	0.007279558572918177
3301	0.015327793546020985
3302	0.015443009324371815
3303	0.024343105033040047
3304	0.013723268173635006
3305	0.0115107586607337
3306	0.008529385551810265
3307	0.008721689693629742
3308	0.007312157656997442
3309	0.009788491763174534
3310	0.014513499103486538
3311	0.029088640585541725
3312	0.034203995019197464
3313	0.03790116682648659
3314	0.022521112114191055
3315	0.016919566318392754
3316	0.013199388980865479
3317	0.011701846495270729
3318	0.008664551191031933
3319	0.012644186615943909
3320	0.01731756143271923
3321	0.024251636117696762
3322	0.010878624394536018
3323	0.015367147512733936
3324	0.01393816340714693
3325	0.025425035506486893
3326	0.023473473265767097
3327	0.04232104495167732
3328	0.027982795611023903
3329	0.01743781380355358
3330	0.01355465967208147
3331	0.017056463286280632
3332	0.013041465543210506
3333	0.028025155887007713
3334	0.015691617503762245
3335	0.012252590619027615
3336	0.010340667329728603
3337	0.00868687592446804
3338	0.007723064161837101
3339	0.007891473360359669
3340	0.0076301731169223785
3341	0.009385492652654648
3342	0.007830004207789898
3343	0.007913044653832912
3344	0.008401063270866871
3345	0.009147318080067635
3346	0.007941046729683876
3347	0.008209453895688057
3348	0.007743236608803272
3349	0.009704078547656536
3350	0.008183986879885197
3351	0.008849541656672955
3352	0.008038430474698544
3353	0.008804268203675747
3354	0.0097816726192832
3355	0.010607214644551277
3356	0.010087981820106506
3357	0.008620323613286018
3358	0.009957373142242432
3359	0.011409317143261433
3360	0.01063369121402502
3361	0.009100501425564289
3362	0.00894925743341446
3363	0.011901593767106533
3364	0.008625035174190998
3365	0.009516909718513489
3366	0.00840435829013586
3367	0.010089810006320477
3368	0.008640274405479431
3369	0.008708867244422436
3370	0.00817283894866705
3371	0.009110502898693085
3372	0.022834545001387596
3373	0.026571517810225487
3374	0.02260505221784115
3375	0.013205367140471935
3376	0.023099051788449287
3377	0.03352706506848335
3378	0.010388699360191822
3379	0.00927329808473587
3380	0.009878166019916534
3381	0.0071572610177099705
3382	0.007140479516237974
3383	0.007518775295466185
3384	0.005848012398928404
3385	0.0058438824489712715
3386	0.0062882304191589355
3387	0.006281397771090269
3388	0.0068280636332929134
3389	0.007853521965444088
3390	0.008099141530692577
3391	0.00886380672454834
3392	0.006737166084349155
3393	0.007744647562503815
3394	0.0046945782378315926
3395	0.005291338544338942
3396	0.005874143447726965
3397	0.005305308382958174
3398	0.005190333817154169
3399	0.005187291651964188
3400	0.006216255482286215
3401	0.005170003976672888
3402	0.005861374549567699
3403	0.006095323245972395
3404	0.006127325352281332
3405	0.00666380999609828
3406	0.006611786317080259
3407	0.006937738042324781
3408	0.0061647044494748116
3409	0.005144788883626461
3410	0.004379621706902981
3411	0.006719380617141724
3412	0.0046408833004534245
3413	0.005345359910279512
3414	0.004653396084904671
3415	0.003905218094587326
3416	0.004381545353680849
3417	0.0053133792243897915
3418	0.005809718742966652
3419	0.007078820373862982
3420	0.0058622220531105995
3421	0.0064973123371601105
3422	0.006887376308441162
3423	0.006297799292951822
3424	0.006246267817914486
3425	0.007890130393207073
3426	0.00772407790645957
3427	0.00905571784824133
3428	0.00904738437384367
3429	0.010465972125530243
3430	0.009432414546608925
3431	0.00872021447867155
3432	0.009821205399930477
3433	0.008671381510794163
3434	0.010948371142148972
3435	0.013271530158817768
3436	0.008229784667491913
3437	0.012347854673862457
3438	0.00776615971699357
3439	0.00994544755667448
3440	0.011132324114441872
3441	0.010097933001816273
3442	0.011296423152089119
3443	0.010339698754251003
3444	0.00946874637156725
3445	0.011916491203010082
3446	0.009131066501140594
3447	0.010850200429558754
3448	0.009089487604796886
3449	0.007913978770375252
3450	0.008489447645843029
3451	0.010605521500110626
3452	0.008507773280143738
3453	0.009196052327752113
3454	0.008257010951638222
3455	0.011124293319880962
3456	0.008315044455230236
3457	0.00867658481001854
3458	0.013115477748215199
3459	0.012205737642943859
3460	0.011177110485732555
3461	0.0124076372012496
3462	0.010491902008652687
3463	0.012662433087825775
3464	0.015881557017564774
3465	0.01378121692687273
3466	0.013794812373816967
3467	0.010033765807747841
3468	0.01023238617926836
3469	0.014419451355934143
3470	0.01571016013622284
3471	0.009657437913119793
3472	0.008378786966204643
3473	0.010640761815011501
3474	0.01023111678659916
3475	0.009599782526493073
3476	0.010879958048462868
3477	0.009869921952486038
3478	0.008539482019841671
3479	0.01709696091711521
3480	0.01610204018652439
3481	0.011902431957423687
3482	0.007750192191451788
3483	0.007934059016406536
3484	0.00814125593751669
3485	0.008152175694704056
3486	0.008706150576472282
3487	0.007932533510029316
3488	0.008583368733525276
3489	0.006830581929534674
3490	0.007878410629928112
3491	0.008586578071117401
3492	0.006929834373295307
3493	0.007769340183585882
3494	0.008051076903939247
3495	0.007216242142021656
3496	0.00609594164416194
3497	0.005460814107209444
3498	0.0067549534142017365
3499	0.006006439216434956
3500	0.006532607134431601
3501	0.007362985052168369
3502	0.006707663182169199
3503	0.006526041775941849
3504	0.011309935711324215
3505	0.011321618221700191
3506	0.008692348375916481
3507	0.008638602681457996
3508	0.011828412301838398
3509	0.012447880581021309
3510	0.01069733314216137
3511	0.01013040542602539
3512	0.009521118365228176
3513	0.009857756085693836
3514	0.00900355726480484
3515	0.008875823579728603
3516	0.009777064435184002
3517	0.008601397275924683
3518	0.009365555830299854
3519	0.008725113235414028
3520	0.009637403301894665
3521	0.009304551407694817
3522	0.010219898074865341
3523	0.010752636007964611
3524	0.010487155057489872
3525	0.009208972565829754
3526	0.010551596991717815
3527	0.008856059983372688
3528	0.008963909931480885
3529	0.011137324385344982
3530	0.009167425334453583
3531	0.008565972559154034
3532	0.009004905819892883
3533	0.01091194711625576
3534	0.007466721814125776
3535	0.007403634488582611
3536	0.007164922542870045
3537	0.00915427878499031
3538	0.007961089722812176
3539	0.009248564019799232
3540	0.009676003828644753
3541	0.009950359351933002
3542	0.011672966182231903
3543	0.008794291876256466
3544	0.008979812264442444
3545	0.007495916914194822
3546	0.007089722901582718
3547	0.007947498932480812
3548	0.0075950101017951965
3549	0.007213711738586426
3550	0.007175450213253498
3551	0.007903051562607288
3552	0.007018941920250654
3553	0.008541868068277836
3554	0.00841212272644043
3555	0.009057842195034027
3556	0.007961793802678585
3557	0.009318332187831402
3558	0.009605377912521362
3559	0.0074597569182515144
3560	0.006255589425563812
3561	0.009036456234753132
3562	0.005843547638505697
3563	0.0060220095328986645
3564	0.00633062282577157
3565	0.004482524003833532
3566	0.004857673775404692
3567	0.004531105514615774
3568	0.004575695842504501
3569	0.004765598569065332
3570	0.004473072476685047
3571	0.004663567524403334
3572	0.006364838220179081
3573	0.00566130829975009
3574	0.007264838553965092
3575	0.008850845508277416
3576	0.007594676222652197
3577	0.006762622389942408
3578	0.007135489489883184
3579	0.006104267202317715
3580	0.0049629430286586285
3581	0.0062123434618115425
3582	0.006390391383320093
3583	0.007058114744722843
3584	0.00668470561504364
3585	0.006031460594385862
3586	0.006265615578740835
3587	0.006429522763937712
3588	0.009255173616111279
3589	0.007082703057676554
3590	0.0066819447092711926
3591	0.007089556660503149
3592	0.0067232693545520306
3593	0.010954414494335651
3594	0.008703737519681454
3595	0.0095622967928648
3596	0.009206063114106655
3597	0.008953322656452656
3598	0.008776544593274593
3599	0.007611078210175037
3600	0.00837098527699709
3601	0.008413627743721008
3602	0.0070361606776714325
3603	0.008023536764085293
3604	0.008147955872118473
3605	0.00934238824993372
3606	0.009572709910571575
3607	0.009425517171621323
3608	0.009573730640113354
3609	0.009456219151616096
3610	0.010619252920150757
3611	0.00908737163990736
3612	0.008868482895195484
3613	0.00811754073947668
3614	0.008145875297486782
3615	0.008389433845877647
3616	0.008821730501949787
3617	0.008367667905986309
3618	0.00876966305077076
3619	0.009972247295081615
3620	0.009317277930676937
3621	0.009208387695252895
3622	0.008039041422307491
3623	0.0076330737210810184
3624	0.0075842090882360935
3625	0.009194912388920784
3626	0.008490174077451229
3627	0.008430424146354198
3628	0.0070520974695682526
3629	0.008760961703956127
3630	0.020948415622115135
3631	0.021869493648409843
3632	0.10067868232727051
3633	0.17394490540027618
3634	0.00978084933012724
3635	0.013308319263160229
3636	0.007899469695985317
3637	0.006517443340271711
3638	0.005725056864321232
3639	0.007633937057107687
3640	0.006087784189730883
3641	0.006591015961021185
3642	0.005832342430949211
3643	0.005740429740399122
3644	0.005236998200416565
3645	0.006785878445953131
3646	0.0058630239218473434
3647	0.006908491253852844
3648	0.0062745437026023865
3649	0.008805744349956512
3650	0.007189019117504358
3651	0.0085848243907094
3652	0.00939593743532896
3653	0.008891704492270947
3654	0.009719175286591053
3655	0.00978133361786604
3656	0.008692416362464428
3657	0.009655658155679703
3658	0.00901174359023571
3659	0.008458140306174755
3660	0.010141833685338497
3661	0.012608778662979603
3662	0.013823759742081165
3663	0.013062695041298866
3664	0.009759546257555485
3665	0.016037318855524063
3666	0.019792914390563965
3667	0.03250303864479065
3668	0.022384678944945335
3669	0.026708459481596947
3670	0.038706809282302856
3671	0.05509103089570999
3672	0.15184234082698822
3673	0.06599809974431992
3674	0.3291238844394684
3675	0.2737147808074951
3676	0.17014186084270477
3677	0.2729043662548065
3678	0.23489904403686523
3679	0.4149421751499176
3680	0.18858449161052704
3681	0.1595223993062973
3682	0.045207154005765915
3683	0.01815761625766754
3684	0.012705701403319836
3685	0.015347030945122242
3686	0.01893206499516964
3687	0.019445180892944336
3688	0.018027205020189285
3689	0.022137610241770744
3690	0.047124966979026794
3691	0.03242012858390808
3692	0.14135602116584778
3693	0.5129007697105408
3694	0.44479113817214966
3695	0.03212543949484825
3696	0.09857447445392609
3697	0.05079776793718338
3698	0.08316653966903687
3699	0.05312330648303032
3700	0.03354611620306969
3701	0.013869181275367737
3702	0.016511818394064903
3703	0.02803678810596466
3704	0.03624079376459122
3705	0.03121042810380459
3706	0.031265463680028915
3707	0.03450537472963333
3708	0.1281575709581375
3709	0.041196104139089584
3710	0.04325709491968155
3711	0.10067284107208252
3712	0.05334491655230522
3713	0.20197220146656036
3714	0.09290491789579391
3715	0.13410590589046478
3716	0.1419323980808258
3717	0.22367623448371887
3718	0.25413447618484497
3719	0.13808540999889374
3720	0.17085130512714386
3721	0.1580202430486679
3722	0.21545298397541046
3723	0.18424227833747864
3724	0.2736029326915741
3725	0.3504461348056793
3726	0.22070620954036713
3727	0.1857035607099533
3728	0.194524347782135
3729	0.20923522114753723
3730	0.21070848405361176
3731	0.27856168150901794
3732	0.16395561397075653
3733	0.092475526034832
3734	0.17755891382694244
3735	0.24348287284374237
3736	0.08500375598669052
3737	0.07439472526311874
3738	0.07997751235961914
3739	0.14167170226573944
3740	0.29033711552619934
3741	0.2238612025976181
3742	0.15759913623332977
3743	0.3267397880554199
3744	0.14382493495941162
3745	0.07263577729463577
3746	0.07164273411035538
3747	0.1325397938489914
3748	0.08262433111667633
3749	0.1547834724187851
3750	0.18718521296977997
3751	0.07752136141061783
3752	0.07941623777151108
3753	0.10483898222446442
3754	0.06858957558870316
3755	0.0297884289175272
3756	0.031708091497421265
3757	0.03275169059634209
3758	0.022955747321248055
3759	0.030034691095352173
3760	0.04207247123122215
3761	0.03686388581991196
3762	0.040121108293533325
3763	0.0336340069770813
3764	0.09688564389944077
3765	0.10111278295516968
3766	0.1835920661687851
3767	0.25595054030418396
3768	0.02733924426138401
3769	0.3438993990421295
3770	0.15428660809993744
3771	0.11236896365880966
3772	0.20181241631507874
3773	0.2480967789888382
3774	0.2096846103668213
3775	0.22171087563037872
3776	0.2144937515258789
3777	0.15085285902023315
3778	0.14250868558883667
3779	0.1444534808397293
3780	0.1549316644668579
3781	0.08089728653430939
3782	0.0979573056101799
3783	0.2879767417907715
3784	0.12235873192548752
3785	0.12813305854797363
3786	0.07718253135681152
3787	0.1456560343503952
3788	0.041409701108932495
3789	0.018511086702346802
3790	0.010469436645507812
3791	0.010691995732486248
3792	0.008476431481540203
3793	0.008923805318772793
3794	0.008189915679395199
3795	0.01092537958174944
3796	0.011173555627465248
3797	0.01151563972234726
3798	0.01658577099442482
3799	0.1243174597620964
3800	0.22281579673290253
3801	0.278812974691391
3802	0.11118700355291367
3803	0.19922307133674622
3804	0.15797078609466553
3805	0.2696935832500458
3806	0.4740361273288727
3807	0.2553018629550934
3808	0.2820412814617157
3809	0.17426839470863342
3810	0.26946184039115906
3811	0.31954216957092285
3812	0.38884249329566956
3813	0.3353498578071594
3814	0.33660706877708435
3815	0.2330857813358307
3816	0.28342974185943604
3817	0.24991698563098907
3818	0.35309359431266785
3819	0.175560861825943
3820	0.12439405918121338
3821	0.11157896369695663
3822	0.05031688138842583
3823	0.09924774616956711
3824	0.07443394511938095
3825	0.06220545992255211
3826	0.13329041004180908
3827	0.06137928366661072
3828	0.060778047889471054
3829	0.04399103671312332
3830	0.05850645527243614
3831	0.04558392986655235
3832	0.05297566577792168
3833	0.037565577775239944
3834	0.0716671347618103
3835	0.04690394923090935
3836	0.24184086918830872
3837	0.14762240648269653
3838	0.38204407691955566
3839	0.2521631717681885
3840	0.23303619027137756
3841	0.36832621693611145
3842	0.16281194984912872
3843	0.5053381323814392
3844	0.5730549693107605
3845	0.5039708018302917
3846	0.27909108996391296
3847	0.19252485036849976
3848	0.233333021402359
3849	0.28916624188423157
3850	0.4295199513435364
3851	0.2529469430446625
3852	0.2875432074069977
3853	0.3922951817512512
3854	0.32973751425743103
3855	0.3452479839324951
3856	0.3066881597042084
3857	0.3132346272468567
3858	0.19677571952342987
3859	0.18673384189605713
3860	0.21152475476264954
3861	0.30075645446777344
3862	0.40459176898002625
3863	0.4837803542613983
3864	0.47522369027137756
3865	0.38666725158691406
3866	0.24492745101451874
3867	0.1860622763633728
3868	0.17104510962963104
3869	0.19023992121219635
3870	0.16459086537361145
3871	0.10318446159362793
3872	0.13484957814216614
3873	0.054057370871305466
3874	0.06118910387158394
3875	0.16729818284511566
3876	0.05835811048746109
3877	0.12999260425567627
3878	0.10178462415933609
3879	0.1993793398141861
3880	0.19205179810523987
3881	0.22312171757221222
3882	0.1787937432527542
3883	0.3645218312740326
3884	0.2977288067340851
3885	0.2872767150402069
3886	0.2881101369857788
3887	0.3308430016040802
3888	0.08013130724430084
3889	0.2839674949645996
3890	0.2580927312374115
3891	0.2161601036787033
3892	0.18943725526332855
3893	0.27287063002586365
3894	0.3286447525024414
3895	0.4438093602657318
3896	0.20476852357387543
3897	0.3643076419830322
3898	0.1912362426519394
3899	0.37091419100761414
3900	0.39339157938957214
3901	0.20964185893535614
3902	0.22934959828853607
3903	0.36372655630111694
3904	0.29269227385520935
3905	0.41319844126701355
3906	0.2958163619041443
3907	0.32585564255714417
3908	0.2308979481458664
3909	0.23358069360256195
3910	0.2340996116399765
3911	0.278551310300827
3912	0.2088213413953781
3913	0.20848751068115234
3914	0.2625737190246582
3915	0.11501526832580566
3916	0.20301221311092377
3917	0.26255670189857483
3918	0.427683562040329
3919	0.32220202684402466
3920	0.38054153323173523
3921	0.30935612320899963
3922	0.24130277335643768
3923	0.1155959963798523
3924	0.14429917931556702
3925	0.15927094221115112
3926	0.10703151673078537
3927	0.05247830972075462
3928	0.07088795304298401
3929	0.12494980543851852
3930	0.15774935483932495
3931	0.08943269401788712
3932	0.0952085331082344
3933	0.07690638303756714
3934	0.031203407794237137
3935	0.024889541789889336
3936	0.03197523579001427
3937	0.02841821312904358
3938	0.03787690028548241
3939	0.028094757348299026
3940	0.01297315489500761
3941	0.012682653032243252
3942	0.012635858729481697
3943	0.014820507727563381
3944	0.012754655443131924
3945	0.02456755004823208
3946	0.11677730083465576
3947	0.12026484310626984
3948	0.28380879759788513
3949	0.4194713532924652
3950	0.22325067222118378
3951	0.2657473385334015
3952	0.2314484417438507
3953	0.29936647415161133
3954	0.21036043763160706
3955	0.11423961073160172
3956	0.1989213079214096
3957	0.06135666370391846
3958	0.09847622364759445
3959	0.190789595246315
3960	0.2196507453918457
3961	0.31034016609191895
3962	0.18772290647029877
3963	0.2392932027578354
3964	0.18278375267982483
3965	0.180701345205307
3966	0.18518000841140747
3967	0.24475562572479248
3968	0.2778342366218567
3969	0.3566538691520691
3970	0.20709796249866486
3971	0.16252347826957703
3972	0.14912942051887512
3973	0.22064511477947235
3974	0.12601059675216675
3975	0.14108523726463318
3976	0.2498534768819809
3977	0.2766536772251129
3978	0.17575104534626007
3979	0.3332056403160095
3980	0.23748193681240082
3981	0.3335612714290619
3982	0.3425667881965637
3983	0.3645893633365631
3984	0.3418690264225006
3985	0.14488673210144043
3986	0.28810349106788635
3987	0.19476012885570526
3988	0.22086553275585175
3989	0.2874487042427063
3990	0.2553316652774811
3991	0.20085759460926056
3992	0.18625934422016144
3993	0.17263038456439972
3994	0.04899819567799568
3995	0.04939402639865875
3996	0.03508790209889412
3997	0.02898079715669155
3998	0.008477545343339443
3999	0.009273502044379711
4000	0.02783231809735298
4001	0.021045278757810593
4002	0.11205597966909409
4003	0.1661233752965927
4004	0.2639426290988922
4005	0.6289237141609192
4006	0.28591880202293396
4007	0.6227944493293762
4008	0.6066493391990662
4009	0.4293386936187744
4010	0.3181367516517639
4011	0.3782603144645691
4012	0.29707327485084534
4013	0.32730281352996826
4014	0.3025263249874115
4015	0.34605270624160767
4016	0.30530714988708496
4017	0.5164452195167542
4018	0.22175393998622894
4019	0.512269914150238
4020	0.39528077840805054
4021	0.27273139357566833
4022	0.11181437224149704
4023	0.2791900634765625
4024	0.3301338851451874
4025	0.3425007462501526
4026	0.46010276675224304
4027	0.32379305362701416
4028	0.28159838914871216
4029	0.4972001016139984
4030	0.25316253304481506
4031	0.4152536392211914
4032	0.35688886046409607
4033	0.6493589878082275
4034	0.37335285544395447
4035	0.42561864852905273
4036	0.4381471276283264
4037	0.45652762055397034
4038	0.37722697854042053
4039	0.4329998195171356
4040	0.2614957392215729
4041	0.3006136119365692
4042	0.3624846935272217
4043	0.4642532467842102
4044	0.1614982634782791
4045	0.40671515464782715
4046	0.3860115706920624
4047	0.3526333272457123
4048	0.28611576557159424
4049	0.3815107047557831
4050	0.19643943011760712
4051	0.19037030637264252
4052	0.2032068818807602
4053	0.11276064068078995
4054	0.17830508947372437
4055	0.1804303079843521
4056	0.07782512903213501
4057	0.18987981975078583
4058	0.06294991821050644
4059	0.037687357515096664
4060	0.04498586803674698
4061	0.03921395167708397
4062	0.08671534061431885
4063	0.11371004581451416
4064	0.055493224412202835
4065	0.03422946855425835
4066	0.05703318864107132
4067	0.044932108372449875
4068	0.01719566062092781
4069	0.02304801344871521
4070	0.025133250281214714
4071	0.01988661102950573
4072	0.007992972619831562
4073	0.005069759674370289
4074	0.008686034940183163
4075	0.011566521599888802
4076	0.011478985659778118
4077	0.0102978041395545
4078	0.011569342575967312
4079	0.012068096548318863
4080	0.01148300152271986
4081	0.010268952697515488
4082	0.011458040215075016
4083	0.00833117961883545
4084	0.005782580468803644
4085	0.009665529243648052
4086	0.010966701433062553
4087	0.011418074369430542
4088	0.012011109851300716
4089	0.01295504905283451
4090	0.010489135980606079
4091	0.013401354663074017
4092	0.018347879871726036
4093	0.012432973831892014
4094	0.012590119615197182
4095	0.012129834853112698
4096	0.014172881841659546
4097	0.010509448125958443
4098	0.011542744934558868
4099	0.013358324766159058
4100	0.012774947099387646
4101	0.020091315731406212
4102	0.037595734000205994
4103	0.025608090683817863
4104	0.014925527386367321
4105	0.026727689430117607
4106	0.018696103245019913
4107	0.02492305263876915
4108	0.021536121144890785
4109	0.027986928820610046
4110	0.03876262530684471
4111	0.06595607101917267
4112	0.06523437798023224
4113	0.08345933258533478
4114	0.053284842520952225
4115	0.11175566911697388
4116	0.08828753232955933
4117	0.04013267904520035
4118	0.023452049121260643
4119	0.07465746253728867
4120	0.06370854377746582
4121	0.037877682596445084
4122	0.028542527928948402
4123	0.0193632822483778
4124	0.018611863255500793
4125	0.009878145530819893
4126	0.011140994727611542
4127	0.00935677345842123
4128	0.00924526434391737
4129	0.010542723350226879
4130	0.010603229515254498
4131	0.01212804764509201
4132	0.011314896866679192
4133	0.013187238946557045
4134	0.01714312471449375
4135	0.02483510412275791
4136	0.011533831246197224
4137	0.015402656979858875
4138	0.012505791150033474
4139	0.008112710900604725
4140	0.0075882296077907085
4141	0.011206300929188728
4142	0.014380869455635548
4143	0.012456472031772137
4144	0.013410043902695179
4145	0.013540997169911861
4146	0.009486588649451733
4147	0.01114674098789692
4148	0.01150495745241642
4149	0.01110666524618864
4150	0.012620880268514156
4151	0.012569836340844631
4152	0.012198925018310547
4153	0.011019228026270866
4154	0.010994146578013897
4155	0.02033720351755619
4156	0.021519357338547707
4157	0.010791519656777382
4158	0.00978140439838171
4159	0.017113758251070976
4160	0.012776264920830727
4161	0.013469673693180084
4162	0.015140824019908905
4163	0.014398551546037197
4164	0.017387626692652702
4165	0.01294660847634077
4166	0.009786573238670826
4167	0.010283981449902058
4168	0.009291192516684532
4169	0.012570795603096485
4170	0.021784937009215355
4171	0.0746186375617981
4172	0.04992228001356125
4173	0.04695066064596176
4174	0.09174372255802155
4175	0.03845306113362312
4176	0.025506258010864258
4177	0.030129820108413696
4178	0.017757238820195198
4179	0.018994320183992386
4180	0.011898036114871502
4181	0.020429635420441628
4182	0.01661059260368347
4183	0.04196655750274658
4184	0.06093288213014603
4185	0.07674165070056915
4186	0.09540915489196777
4187	0.04081482067704201
4188	0.029694724828004837
4189	0.024816671386361122
4190	0.01996329426765442
4191	0.014690570533275604
4192	0.00986276101320982
4193	0.017532065510749817
4194	0.016220569610595703
4195	0.010889854282140732
4196	0.01510115247219801
4197	0.013792750425636768
4198	0.0085872458294034
4199	0.008166536688804626
4200	0.008315269835293293
4201	0.013921801932156086
4202	0.009676574729382992
4203	0.010467185638844967
4204	0.007011150475591421
4205	0.007648052182048559
4206	0.007251409348100424
4207	0.007621064782142639
4208	0.009700818918645382
4209	0.01169899757951498
4210	0.008459952659904957
4211	0.0090919379144907
4212	0.007311344146728516
4213	0.01076996698975563
4214	0.006982009392231703
4215	0.009876078926026821
4216	0.010573905892670155
4217	0.010705753229558468
4218	0.011467601172626019
4219	0.010277646593749523
4220	0.010873722843825817
4221	0.0277895275503397
4222	0.021211180835962296
4223	0.018158085644245148
4224	0.014727162197232246
4225	0.013145196251571178
4226	0.012066394090652466
4227	0.011838935315608978
4228	0.008911820128560066
4229	0.009837721474468708
4230	0.00866633653640747
4231	0.015245719812810421
4232	0.11926355212926865
4233	0.03868037089705467
4234	0.024587664753198624
4235	0.018106535077095032
4236	0.023228734731674194
4237	0.04142388328909874
4238	0.014789245091378689
4239	0.03335228189826012
4240	0.0346609428524971
4241	0.022876858711242676
4242	0.021968085318803787
4243	0.06785500049591064
4244	0.06333595514297485
4245	0.040577661246061325
4246	0.015673404559493065
4247	0.02096646837890148
4248	0.018868064507842064
4249	0.020259728655219078
4250	0.02652840130031109
4251	0.013592350296676159
4252	0.014753559604287148
4253	0.013956007547676563
4254	0.02003404125571251
4255	0.018506107851862907
4256	0.014691299758851528
4257	0.013942337594926357
4258	0.016124099493026733
4259	0.013363005593419075
4260	0.011682955548167229
4261	0.008886250667273998
4262	0.010008826851844788
4263	0.007209788542240858
4264	0.00923995953053236
4265	0.007883603684604168
4266	0.011196408420801163
4267	0.009968295693397522
4268	0.009705925360321999
4269	0.00838895607739687
4270	0.011760330758988857
4271	0.009922127239406109
4272	0.014590195380151272
4273	0.009699291549623013
4274	0.007903418503701687
4275	0.010243531316518784
4276	0.011386066675186157
4277	0.015967553481459618
4278	0.011674763634800911
4279	0.010933466255664825
4280	0.009377901442348957
4281	0.0105462446808815
4282	0.009366380982100964
4283	0.010061969049274921
4284	0.01029950100928545
4285	0.01035157311707735
4286	0.00967214535921812
4287	0.017232121899724007
4288	0.008590604178607464
4289	0.012478838674724102
4290	0.009943561628460884
4291	0.013031013309955597
4292	0.012121413834393024
4293	0.008651599287986755
4294	0.010639259591698647
4295	0.010805848985910416
4296	0.008336796425282955
4297	0.006913537625223398
4298	0.00786591600626707
4299	0.007497139275074005
4300	0.005765395704656839
4301	0.007966701872646809
4302	0.0070276022888720036
4303	0.008098033256828785
4304	0.006538733374327421
4305	0.009256096556782722
4306	0.007800579071044922
4307	0.0098147913813591
4308	0.0070570833049714565
4309	0.009685300290584564
4310	0.009333299472928047
4311	0.009861324913799763
4312	0.007762637920677662
4313	0.008570200763642788
4314	0.007976311258971691
4315	0.007974737323820591
4316	0.006942960899323225
4317	0.008213016204535961
4318	0.008209130726754665
4319	0.0067100427113473415
4320	0.00754883885383606
4321	0.007245747838169336
4322	0.007613913621753454
4323	0.007925636135041714
4324	0.005707934498786926
4325	0.007511335890740156
4326	0.006458898074924946
4327	0.004731374327093363
4328	0.0058923158794641495
4329	0.0037118294276297092
4330	0.003714342135936022
4331	0.003932878375053406
4332	0.003749619470909238
4333	0.004182004369795322
4334	0.003894125809893012
4335	0.0037265424616634846
4336	0.005448775365948677
4337	0.004626321606338024
4338	0.004130019806325436
4339	0.004757508635520935
4340	0.005843976978212595
4341	0.005696217063814402
4342	0.0050349789671599865
4343	0.004259747918695211
4344	0.0051230452954769135
4345	0.0037815291434526443
4346	0.004213259555399418
4347	0.005784868728369474
4348	0.005022692959755659
4349	0.005178516265004873
4350	0.004063648637384176
4351	0.00463625555858016
4352	0.0038666282780468464
4353	0.005983188282698393
4354	0.00405676057562232
4355	0.003856995841488242
4356	0.004961864091455936
4357	0.004351012408733368
4358	0.0044288793578743935
4359	0.005623897537589073
4360	0.0049409279599785805
4361	0.004669289570301771
4362	0.0056763687171041965
4363	0.005545919295400381
4364	0.005702839698642492
4365	0.005093086045235395
4366	0.005806943401694298
4367	0.0037740140687674284
4368	0.004322899505496025
4369	0.005291936453431845
4370	0.005182859022170305
4371	0.004880658816546202
4372	0.006105889566242695
4373	0.004912823438644409
4374	0.005133845843374729
4375	0.006236537825316191
4376	0.004481249954551458
4377	0.005681370850652456
4378	0.006242844741791487
4379	0.005868356209248304
4380	0.004975376185029745
4381	0.005327296908944845
4382	0.006282065995037556
4383	0.005996630527079105
4384	0.006053080316632986
4385	0.00711247930303216
4386	0.005466330796480179
4387	0.005686839576810598
4388	0.005108457524329424
4389	0.005240988917648792
4390	0.006069686729460955
4391	0.0070604379288852215
4392	0.005955866537988186
4393	0.00583695201203227
4394	0.00729319779202342
4395	0.006009485572576523
4396	0.006592483725398779
4397	0.006609991192817688
4398	0.007839971221983433
4399	0.008459826000034809
4400	0.007499682251363993
4401	0.006940354593098164
4402	0.008166889660060406
4403	0.011037741787731647
4404	0.007679407950490713
4405	0.012248123064637184
4406	0.012079650536179543
4407	0.02562429942190647
4408	0.012452849186956882
4409	0.012000828981399536
4410	0.01515081524848938
4411	0.017585983499884605
4412	0.020915010944008827
4413	0.01774042658507824
4414	0.016355689615011215
4415	0.022057747468352318
4416	0.01623251475393772
4417	0.02105035074055195
4418	0.011940376833081245
4419	0.01378167886286974
4420	0.011353119276463985
4421	0.012651847675442696
4422	0.008668467402458191
4423	0.02630162239074707
4424	0.009985886514186859
4425	0.024039417505264282
4426	0.016588279977440834
4427	0.03286710008978844
4428	0.026679877191781998
4429	0.0580744631588459
4430	0.05563448742032051
4431	0.09938889741897583
4432	0.1224176213145256
4433	0.18847624957561493
4434	0.022617274895310402
4435	0.06028377637267113
4436	0.043706562370061874
4437	0.1890234798192978
4438	0.1058889850974083
4439	0.14394661784172058
4440	0.1611943393945694
4441	0.22756145894527435
4442	0.16573302447795868
4443	0.2692703604698181
4444	0.26456132531166077
4445	0.3038625419139862
4446	0.1597861796617508
4447	0.31562742590904236
4448	0.26856276392936707
4449	0.025542480871081352
4450	0.017975619062781334
4451	0.007708169519901276
4452	0.009183806367218494
4453	0.009598677977919579
4454	0.009308269247412682
4455	0.009971418417990208
4456	0.009041999466717243
4457	0.00949704647064209
4458	0.010308736935257912
4459	0.008949448354542255
4460	0.00952481385320425
4461	0.009803886525332928
4462	0.008605306036770344
4463	0.009150820784270763
4464	0.007954839617013931
4465	0.008332155644893646
4466	0.010179711505770683
4467	0.010196483694016933
4468	0.008987006731331348
4469	0.010386807844042778
4470	0.008074883371591568
4471	0.009652352891862392
4472	0.009825803339481354
4473	0.01029793731868267
4474	0.009220115840435028
4475	0.010289323516190052
4476	0.011595945805311203
4477	0.01073733251541853
4478	0.00850304402410984
4479	0.010526073165237904
4480	0.011466207914054394
4481	0.011936923488974571
4482	0.010043025016784668
4483	0.008962027728557587
4484	0.008703886531293392
4485	0.008024784736335278
4486	0.008243522606790066
4487	0.011783798225224018
4488	0.008368703536689281
4489	0.010251477360725403
4490	0.013023036532104015
4491	0.01065540686249733
4492	0.008869520388543606
4493	0.008844993077218533
4494	0.010667035356163979
4495	0.009771457873284817
4496	0.009226968511939049
4497	0.009097992442548275
4498	0.01074277050793171
4499	0.011428779922425747
4500	0.008112609386444092
4501	0.00882770773023367
4502	0.007324117701500654
4503	0.007950370199978352
4504	0.005826271139085293
4505	0.005051373969763517
4506	0.0052391961216926575
4507	0.005046799313277006
4508	0.005838540382683277
4509	0.004725759383291006
4510	0.0053300694562494755
4511	0.006488688290119171
4512	0.005258829798549414
4513	0.006369432900100946
4514	0.0061171590350568295
4515	0.005465616937726736
4516	0.004974809940904379
4517	0.00575330201536417
4518	0.00513179088011384
4519	0.007145538926124573
4520	0.006071295123547316
4521	0.007254158146679401
4522	0.006851683836430311
4523	0.005924206227064133
4524	0.005339582916349173
4525	0.006939591374248266
4526	0.005474138539284468
4527	0.006706997752189636
4528	0.007332395296543837
4529	0.0071004717610776424
4530	0.006988496985286474
4531	0.008485890924930573
4532	0.0073971934616565704
4533	0.006556883454322815
4534	0.007780435029417276
4535	0.0075864302925765514
4536	0.006171495653688908
4537	0.009010071866214275
4538	0.008882494643330574
4539	0.008093585260212421
4540	0.00796765647828579
4541	0.008597591891884804
4542	0.008961599320173264
4543	0.007989345118403435
4544	0.009973871521651745
4545	0.007924471981823444
4546	0.0091890599578619
4547	0.009673597291111946
4548	0.00827376265078783
4549	0.01056082732975483
4550	0.011290808208286762
4551	0.009636624716222286
4552	0.01062818057835102
4553	0.018410256132483482
4554	0.01950010471045971
4555	0.019868535920977592
4556	0.014442763291299343
4557	0.01772148534655571
4558	0.019588248804211617
4559	0.02990765869617462
4560	0.040202971547842026
4561	0.06460215151309967
4562	0.04023420438170433
4563	0.06173640489578247
4564	0.09578855335712433
4565	0.05279574543237686
4566	0.09120585769414902
4567	0.20190952718257904
4568	0.15359388291835785
4569	0.1558644324541092
4570	0.16582751274108887
4571	0.1750565767288208
4572	0.15490564703941345
4573	0.09486910700798035
4574	0.053163040429353714
4575	0.08246885985136032
4576	0.11496029049158096
4577	0.11064233630895615
4578	0.11656277626752853
4579	0.17001070082187653
4580	0.08912471681833267
4581	0.04943801462650299
4582	0.019773704931139946
4583	0.013613102026283741
4584	0.008155396208167076
4585	0.009318198077380657
4586	0.009461648762226105
4587	0.010873652994632721
4588	0.00904838927090168
4589	0.008418443612754345
4590	0.008693491108715534
4591	0.008975286968052387
4592	0.00803189817816019
4593	0.009045369923114777
4594	0.008475860580801964
4595	0.06147042661905289
4596	0.09388697892427444
4597	0.3194798231124878
4598	0.3987807035446167
4599	0.27676820755004883
4600	0.15479782223701477
4601	0.11713432520627975
4602	0.01204054057598114
4603	0.00802456121891737
4604	0.007298771291971207
4605	0.009146163240075111
4606	0.02295573614537716
4607	0.022277018055319786
4608	0.10425074398517609
4609	0.36551031470298767
4610	0.15842728316783905
4611	0.2297695428133011
4612	0.0783679410815239
4613	0.04668727517127991
4614	0.09888913482427597
4615	0.17107170820236206
4616	0.4089905917644501
4617	0.2511802613735199
4618	0.24856553971767426
4619	0.23904211819171906
4620	0.3213820159435272
4621	0.3001492917537689
4622	0.14185085892677307
4623	0.2390366792678833
4624	0.3532860279083252
4625	0.3439995050430298
4626	0.44631966948509216
4627	0.4420985281467438
4628	0.409858763217926
4629	0.374965637922287
4630	0.2227288782596588
4631	0.2528732419013977
4632	0.30918580293655396
4633	0.3432416021823883
4634	0.34002190828323364
4635	0.3400113880634308
4636	0.51597660779953
4637	0.3250093162059784
4638	0.07478033751249313
4639	0.1512172669172287
4640	0.30774539709091187
4641	0.37992793321609497
4642	0.13805627822875977
4643	0.06109490618109703
4644	0.021815745159983635
4645	0.014351598918437958
4646	0.009361553005874157
4647	0.010527204722166061
4648	0.007526819594204426
4649	0.007267142180353403
4650	0.008606529794633389
4651	0.007760016713291407
4652	0.008765720762312412
4653	0.0077890739776194096
4654	0.007638031151145697
4655	0.00856556836515665
4656	0.009340735152363777
4657	0.011813065968453884
4658	0.0104896891862154
4659	0.009071972221136093
4660	0.008268818259239197
4661	0.009835762903094292
4662	0.011594927869737148
4663	0.012575901113450527
4664	0.011266936548054218
4665	0.009729397483170033
4666	0.010353432968258858
