frame	prob
0	0.0035389214754104614
1	0.006476147565990686
2	0.004526085685938597
3	0.00462694838643074
4	0.0038632922805845737
5	0.004209598060697317
6	0.004947866778820753
7	0.004852168262004852
8	0.005213881377130747
9	0.007709582336246967
10	0.0062052714638412
11	0.00532914325594902
12	0.005571854766458273
13	0.006706845015287399
14	0.005614228546619415
15	0.005716954357922077
16	0.004322712775319815
17	0.008570590056478977
18	0.005092926323413849
19	0.004719615448266268
20	0.0052934312261641026
21	0.007167026400566101
22	0.007960357703268528
23	0.007570061832666397
24	0.009559327736496925
25	0.017052575945854187
26	0.009090296924114227
27	0.009741357527673244
28	0.008859248831868172
29	0.012018163688480854
30	0.01439076941460371
31	0.018375951796770096
32	0.00656874431297183
33	0.008242457173764706
34	0.008506786078214645
35	0.009472230449318886
36	0.007982130162417889
37	0.008812270127236843
38	0.01214881706982851
39	0.012174191884696484
40	0.014051416888833046
41	0.013242632150650024
42	0.022073466330766678
43	0.012498683296144009
44	0.008426934480667114
45	0.009397819638252258
46	0.025125999003648758
47	0.01572715863585472
48	0.011638185009360313
49	0.0225250031799078
50	0.013120898976922035
51	0.010698489844799042
52	0.01788535714149475
53	0.024793557822704315
54	0.027051229029893875
55	0.038628969341516495
56	0.04159429296851158
57	0.041917867958545685
58	0.028646359220147133
59	0.056909747421741486
60	0.2816295325756073
61	0.5250657200813293
62	0.4582132399082184
63	0.43051859736442566
64	0.38377973437309265
65	0.4332675039768219
66	0.4540790021419525
67	0.6931063532829285
68	0.65445876121521
69	0.8011710047721863
70	0.73080974817276
71	0.6865193843841553
72	0.7911204695701599
73	0.6205824017524719
74	0.784787654876709
75	0.7798716425895691
76	0.9617615938186646
77	0.857511043548584
78	0.7888533473014832
79	0.8952312469482422
80	0.8368585705757141
81	0.8745332956314087
82	0.8961221575737
83	0.8928140997886658
84	0.7740060687065125
85	0.8512633442878723
86	0.7513429522514343
87	0.76332688331604
88	0.7038590312004089
89	0.5937605500221252
90	0.6698870062828064
91	0.5957898497581482
92	0.6071087121963501
93	0.627740204334259
94	0.6403166651725769
95	0.800497829914093
96	0.8541890978813171
97	0.7060350775718689
98	0.7563216090202332
99	0.7312554717063904
100	0.9339779019355774
101	0.853035569190979
102	0.896436870098114
103	0.8279871344566345
104	0.7633968591690063
105	0.8015697598457336
106	0.718877911567688
107	0.8267925381660461
108	0.7600717544555664
109	0.8011481165885925
110	0.7827273607254028
111	0.8115860223770142
112	0.727023184299469
113	0.8446998596191406
114	0.8511919379234314
115	0.7994969487190247
116	0.901716411113739
117	0.939702033996582
118	0.9432660341262817
119	0.9229223132133484
120	0.9111356735229492
121	0.889439582824707
122	0.8726900219917297
123	0.8552428483963013
124	0.7632619738578796
125	0.6820690035820007
126	0.7342396378517151
127	0.8377285003662109
128	0.8745083212852478
129	0.8147732019424438
130	0.7337912917137146
131	0.785509467124939
132	0.834324836730957
133	0.7602025866508484
134	0.6731902360916138
135	0.6677854657173157
136	0.7194721698760986
137	0.8082958459854126
138	0.9525361061096191
139	0.9015154838562012
140	0.7895035147666931
141	0.8838754892349243
142	0.9099593162536621
143	0.9378759264945984
144	0.8148438334465027
145	0.9331718683242798
146	0.8126901984214783
147	0.8013315200805664
148	0.7660946249961853
149	0.8719044923782349
150	0.7961336374282837
151	0.8687259554862976
152	0.771608293056488
153	0.791710615158081
154	0.8875603079795837
155	0.8836588263511658
156	0.8872527480125427
157	0.917855441570282
158	0.9089726805686951
159	0.8766487240791321
160	0.8641230463981628
161	0.8205640912055969
162	0.8699215054512024
163	0.7173618078231812
164	0.6994149088859558
165	0.8626753687858582
166	0.5509540438652039
167	0.4055562913417816
168	0.5829501748085022
169	0.6810020804405212
170	0.5564795136451721
171	0.6520835757255554
172	0.6719626784324646
173	0.5386012196540833
174	0.5905413031578064
175	0.5376931428909302
176	0.6906597018241882
177	0.6466619968414307
178	0.5060888528823853
179	0.1275126188993454
180	0.034020572900772095
181	0.012658290565013885
182	0.010071657598018646
183	0.012218013405799866
184	0.013326184824109077
185	0.011164537630975246
186	0.012941442430019379
187	0.0107649564743042
188	0.011668266728520393
189	0.012319226749241352
190	0.013732380233705044
191	0.009377851150929928
192	0.016072630882263184
193	0.1381348818540573
194	0.7240802049636841
195	0.784381091594696
196	0.8681063652038574
197	0.8219148516654968
198	0.9065565466880798
199	0.9062410593032837
200	0.6400982737541199
201	0.5035990476608276
202	0.7872797846794128
203	0.6558088660240173
204	0.582030713558197
205	0.47851428389549255
206	0.5739502310752869
207	0.5718368887901306
208	0.4035589396953583
209	0.6407961249351501
210	0.4501968324184418
211	0.3149166405200958
212	0.12802568078041077
213	0.04589999094605446
214	0.02661602571606636
215	0.01675313152372837
216	0.018274812027812004
217	0.019057082012295723
218	0.01885647512972355
219	0.02132093720138073
220	0.02957158163189888
221	0.023631537333130836
222	0.06384537369012833
223	0.41097527742385864
224	0.8857049942016602
225	0.9668898582458496
226	0.9786912202835083
227	0.9762707948684692
228	0.9772882461547852
229	0.921308696269989
230	0.9206151366233826
231	0.8805810809135437
232	0.8683185577392578
233	0.879217803478241
234	0.9112941026687622
235	0.9467517137527466
236	0.8665311932563782
237	0.7876971364021301
238	0.9117884039878845
239	0.9028543829917908
240	0.9612079858779907
241	0.9258086085319519
242	0.9384927749633789
243	0.8478332757949829
244	0.9089624285697937
245	0.832875669002533
246	0.9004518389701843
247	0.7365482449531555
248	0.944081723690033
249	0.9555923342704773
250	0.8645386695861816
251	0.8586799502372742
252	0.8757139444351196
253	0.8926628232002258
254	0.8823105692863464
255	0.862706184387207
256	0.8256179094314575
257	0.8056859970092773
258	0.7844614386558533
259	0.7742472887039185
260	0.8210431933403015
261	0.6755743622779846
262	0.7818843722343445
263	0.7564436793327332
264	0.7803843021392822
265	0.6478113532066345
266	0.5877261161804199
267	0.5638513565063477
268	0.5979442596435547
269	0.5638049244880676
270	0.5853095054626465
271	0.5583306550979614
272	0.7087529897689819
273	0.6480295062065125
274	0.643199622631073
275	0.44814202189445496
276	0.44089528918266296
277	0.43161994218826294
278	0.4353962540626526
279	0.3485576808452606
280	0.3462725579738617
281	0.2940383851528168
282	0.39693722128868103
283	0.4022347927093506
284	0.39741212129592896
285	0.4266987442970276
286	0.6268250346183777
287	0.4605741500854492
288	0.4347350299358368
289	0.4171001613140106
290	0.36680862307548523
291	0.1862134486436844
292	0.3861915171146393
293	0.4827117919921875
294	0.4255925714969635
295	0.15730752050876617
296	0.20368996262550354
297	0.0838228240609169
298	0.1213567778468132
299	0.19970495998859406
300	0.17794561386108398
301	0.03659946471452713
302	0.03012186288833618
303	0.027882535010576248
304	0.1508033275604248
305	0.06863724440336227
306	0.21368907392024994
307	0.1722932904958725
308	0.16130654513835907
309	0.061148274689912796
310	0.28478914499282837
311	0.3454873263835907
312	0.8285592198371887
313	0.8006752133369446
314	0.8725563883781433
315	0.7667445540428162
316	0.8550063967704773
317	0.9037362337112427
318	0.7942981719970703
319	0.8169803619384766
320	0.834635853767395
321	0.8383710980415344
322	0.8736822009086609
323	0.8263117074966431
324	0.7015324831008911
325	0.9398824572563171
326	0.8704204559326172
327	0.7988855242729187
328	0.7789171934127808
329	0.8286210298538208
330	0.7168394923210144
331	0.6425614356994629
332	0.7585799098014832
333	0.7441404461860657
334	0.8093793988227844
335	0.763780951499939
336	0.8141528367996216
337	0.8113775253295898
338	0.7447951436042786
339	0.7269543409347534
340	0.7598480582237244
341	0.6869867444038391
342	0.5532824397087097
343	0.7791767716407776
344	0.7659921050071716
345	0.6947715878486633
346	0.6765167117118835
347	0.7445587515830994
348	0.6992925405502319
349	0.7602135539054871
350	0.8079096078872681
351	0.8485473990440369
352	0.7550086975097656
353	0.8716745376586914
354	0.8065192103385925
355	0.7112234234809875
356	0.2372319996356964
357	0.2333298772573471
358	0.13514380156993866
359	0.0421968474984169
360	0.02467307820916176
361	0.021017132326960564
362	0.01411518920212984
363	0.0120167201384902
364	0.011392303742468357
365	0.01059040054678917
366	0.014551522210240364
367	0.012004398740828037
368	0.023517608642578125
369	0.028034983202815056
370	0.41054821014404297
371	0.7872668504714966
372	0.8701536059379578
373	0.9283267855644226
374	0.8423989415168762
375	0.9015642404556274
376	0.8372455835342407
377	0.7005480527877808
378	0.8477973937988281
379	0.8082872629165649
380	0.9322932362556458
381	0.8427911996841431
382	0.9171438217163086
383	0.3313904404640198
384	0.20941387116909027
385	0.019023001194000244
386	0.00916882511228323
387	0.008962816558778286
388	0.013376042246818542
389	0.00994716864079237
390	0.011246717534959316
391	0.011765333823859692
392	0.014413016848266125
393	0.010438253171741962
394	0.014343499206006527
395	0.009942797012627125
396	0.014812417328357697
397	0.012147997505962849
398	0.03382667899131775
399	0.04261023551225662
400	0.31998011469841003
401	0.581830620765686
402	0.9364463090896606
403	0.9238247871398926
404	0.918675422668457
405	0.8326662182807922
406	0.9337202310562134
407	0.8710752725601196
408	0.8393598794937134
409	0.7739768028259277
410	0.729158878326416
411	0.8944604992866516
412	0.9225391745567322
413	0.9423579573631287
414	0.932499885559082
415	0.8479399681091309
416	0.7280439734458923
417	0.535291314125061
418	0.4484086036682129
419	0.24083304405212402
420	0.4109678268432617
421	0.31697002053260803
422	0.2564108967781067
423	0.7588658928871155
424	0.8378347754478455
425	0.8136337399482727
426	0.9464784860610962
427	0.9477092623710632
428	0.956326961517334
429	0.894386887550354
430	0.953779399394989
431	0.8663274645805359
432	0.8418033719062805
433	0.6309947967529297
434	0.45554837584495544
435	0.5984838008880615
436	0.3782555162906647
437	0.0391814261674881
438	0.035301920026540756
439	0.06028939411044121
440	0.051504816859960556
441	0.025092393159866333
442	0.014727472327649593
443	0.01303322333842516
444	0.02070567011833191
445	0.01228855550289154
446	0.01577364280819893
447	0.030792737379670143
448	0.26790091395378113
449	0.1694163829088211
450	0.4324153959751129
451	0.628389298915863
452	0.7664919495582581
453	0.9398501515388489
454	0.9894593358039856
455	0.9694362878799438
456	0.9755658507347107
457	0.975268542766571
458	0.941633403301239
459	0.9371599555015564
460	0.9625272154808044
461	0.9734365344047546
462	0.959827721118927
463	0.9602935910224915
464	0.9629849791526794
465	0.9458276629447937
466	0.9115505218505859
467	0.9620439410209656
468	0.9519079327583313
469	0.9505462646484375
470	0.975585401058197
471	0.9681704640388489
472	0.9461199641227722
473	0.8624548316001892
474	0.8146370053291321
475	0.8276554346084595
476	0.8303597569465637
477	0.8479078412055969
478	0.776154637336731
479	0.821832001209259
480	0.8254387974739075
481	0.9395228624343872
482	0.8894780278205872
483	0.8370031714439392
484	0.7491002678871155
485	0.7654575705528259
486	0.8273897171020508
487	0.8655139803886414
488	0.7347073554992676
489	0.7950793504714966
490	0.7728156447410583
491	0.7205705046653748
492	0.7082160711288452
493	0.7329957485198975
494	0.7426861524581909
495	0.8297708630561829
496	0.5531466603279114
497	0.2210140973329544
498	0.195995032787323
499	0.15946629643440247
500	0.09698087722063065
501	0.18017661571502686
502	0.12934742867946625
503	0.12693654000759125
504	0.24077863991260529
505	0.2972288131713867
506	0.4388854205608368
507	0.6199352741241455
508	0.5814473032951355
509	0.5524548888206482
510	0.5769183039665222
511	0.4413442611694336
512	0.329627126455307
513	0.15396040678024292
514	0.07679352909326553
515	0.03800320625305176
516	0.035983335226774216
517	0.03658146411180496
518	0.09215003252029419
519	0.09626374393701553
520	0.21393083035945892
521	0.23973751068115234
522	0.2905415892601013
523	0.5984658598899841
524	0.8097516894340515
525	0.8149284720420837
526	0.7212870717048645
527	0.840040385723114
528	0.9394726157188416
529	0.864130437374115
530	0.8293466567993164
531	0.9495027661323547
532	0.9087972640991211
533	0.90852290391922
534	0.8980028033256531
535	0.8659706115722656
536	0.8671429753303528
537	0.9288692474365234
538	0.9444212317466736
539	0.8751718401908875
540	0.8672773241996765
541	0.8565107583999634
542	0.8856014609336853
543	0.9078823328018188
544	0.7863263487815857
545	0.8775618672370911
546	0.7554706931114197
547	0.8459877371788025
548	0.8248355984687805
549	0.8549993634223938
550	0.8198789954185486
551	0.8075419664382935
552	0.7457627654075623
553	0.8432926535606384
554	0.7352417707443237
555	0.7711204886436462
556	0.7677732110023499
557	0.8192021250724792
558	0.7926409244537354
559	0.8516759276390076
560	0.8155302405357361
561	0.8513540625572205
562	0.8143249750137329
563	0.8996360898017883
564	0.8110422492027283
565	0.7897950410842896
566	0.7712116837501526
567	0.8229852914810181
568	0.8270993232727051
569	0.8945627212524414
570	0.8678898811340332
571	0.9122878909111023
572	0.7460147142410278
573	0.8934502601623535
574	0.6137012243270874
575	0.6875176429748535
576	0.5730292201042175
577	0.7933447957038879
578	0.7772448062896729
579	0.7225013375282288
580	0.637734591960907
581	0.48574724793434143
582	0.13858114182949066
583	0.01017408724874258
584	0.009626813232898712
585	0.008987960405647755
586	0.059513337910175323
587	0.10246938467025757
588	0.013595829717814922
589	0.00924578309059143
590	0.0110092181712389
591	0.012192299589514732
592	0.012876473367214203
593	0.005582755897194147
594	0.0051623135805130005
595	0.009004354476928711
596	0.010525478981435299
597	0.00956841092556715
598	0.015573227778077126
599	0.02066374011337757
600	0.0159116443246603
601	0.01529994048178196
602	0.01490045990794897
603	0.01533094048500061
604	0.020240986719727516
605	0.015920376405119896
606	0.013827103190124035
607	0.020010707899928093
608	0.013274157419800758
609	0.01280712615698576
610	0.013034159317612648
611	0.009668041951954365
612	0.012391390278935432
613	0.012366624549031258
614	0.012831593863666058
615	0.010370268486440182
616	0.011168957687914371
617	0.010290774516761303
618	0.01064210943877697
619	0.012028604745864868
620	0.011488976888358593
621	0.012895789928734303
622	0.012263848446309566
623	0.010852032341063023
624	0.01744191162288189
625	0.009623290970921516
626	0.01041773147881031
627	0.009316802024841309
628	0.0141129856929183
629	0.011725283227860928
630	0.010557089932262897
631	0.011857493780553341
632	0.006949238013476133
633	0.010606473311781883
634	0.01195228286087513
635	0.01087014377117157
636	0.010890073142945766
637	0.010386372916400433
638	0.010883480310440063
639	0.010362818837165833
640	0.011184655129909515
641	0.010211169719696045
642	0.01527937687933445
643	0.012310527265071869
644	0.018500009551644325
645	0.014601388946175575
646	0.013269195333123207
647	0.0126102389767766
648	0.012574272230267525
649	0.01304703950881958
650	0.013518095016479492
651	0.016761979088187218
652	0.010965068824589252
653	0.008910863660275936
654	0.006382659077644348
655	0.006106718443334103
656	0.011873203329741955
657	0.011433865875005722
658	0.011267048306763172
659	0.010027335956692696
660	0.011003391817212105
661	0.00737482775002718
662	0.011125343851745129
663	0.017112785950303078
664	0.013992986641824245
665	0.008525298908352852
666	0.008162139914929867
667	0.007951799780130386
668	0.007629241794347763
669	0.010445572435855865
670	0.010014411993324757
671	0.013567975722253323
672	0.011923792771995068
673	0.011642105877399445
674	0.012698843143880367
675	0.016153063625097275
676	0.012318444438278675
677	0.009003977291285992
678	0.010267682373523712
679	0.011049451306462288
680	0.01113736629486084
681	0.012130185030400753
682	0.009759249165654182
683	0.009033325128257275
684	0.0087325694039464
685	0.010829110629856586
686	0.011334397830069065
687	0.00927813071757555
688	0.013167711906135082
689	0.010206221602857113
690	0.011888283304870129
691	0.013649468310177326
692	0.011307068169116974
693	0.005994012113660574
694	0.006723191123455763
695	0.009422216564416885
696	0.005324193742126226
697	0.00725134601816535
698	0.009213626384735107
699	0.009162509813904762
700	0.008697467856109142
701	0.00823790580034256
702	0.007648368366062641
703	0.005275386851280928
704	0.004995294846594334
705	0.005661590490490198
706	0.005636322777718306
707	0.005506942514330149
708	0.00504965940490365
709	0.0038936801720410585
710	0.005008155945688486
711	0.004575650207698345
712	0.0047884248197078705
713	0.0035090066958218813
714	0.0043045878410339355
715	0.004389062058180571
716	0.004927061963826418
717	0.0032672740053385496
718	0.0038647931069135666
719	0.004725923761725426
720	0.0030588917434215546
721	0.0041819349862635136
722	0.0038186933379620314
723	0.004456648603081703
724	0.00377267156727612
725	0.0033427923917770386
726	0.00391797861084342
727	0.0047835372388362885
728	0.005864813458174467
729	0.00578007847070694
730	0.005495039746165276
731	0.005503078456968069
732	0.005075293127447367
733	0.0049519166350364685
734	0.004520879592746496
735	0.005525296088308096
736	0.004291097167879343
737	0.005306740757077932
738	0.006541106849908829
739	0.006094913464039564
740	0.0061144898645579815
741	0.007462406065315008
742	0.009092666208744049
743	0.009051971137523651
744	0.012588396668434143
745	0.015633435919880867
746	0.0330558679997921
747	0.036392901092767715
748	0.023262938484549522
749	0.049320824444293976
750	0.06845194101333618
751	0.03635603189468384
752	0.06575869768857956
753	0.07422851771116257
754	0.17662782967090607
755	0.06478932499885559
756	0.0882972851395607
757	0.19306178390979767
758	0.1053638607263565
759	0.080174021422863
760	0.0943424180150032
761	0.18233637511730194
762	0.1912718564271927
763	0.4293382167816162
764	0.2416171133518219
765	0.07076288759708405
766	0.20519118010997772
767	0.35219845175743103
768	0.3396167457103729
769	0.340895414352417
770	0.5731106996536255
771	0.7760817408561707
772	0.5871562361717224
773	0.8186748623847961
774	0.682401180267334
775	0.6856527328491211
776	0.5487149357795715
777	0.6267504692077637
778	0.6488398909568787
779	0.7153879404067993
780	0.7140153646469116
781	0.488589346408844
782	0.7273556590080261
783	0.6777811050415039
784	0.6797189712524414
785	0.8210529685020447
786	0.9034789204597473
787	0.8785508275032043
788	0.8981892466545105
789	0.9281172156333923
790	0.8517019152641296
791	0.9054948091506958
792	0.8672937750816345
793	0.8947785496711731
794	0.8730980753898621
795	0.8455343246459961
796	0.911068856716156
797	0.8456873297691345
798	0.9471597075462341
799	0.9460453987121582
800	0.9386831521987915
801	0.883671760559082
802	0.8106114268302917
803	0.9306215643882751
804	0.9560753703117371
805	0.9285333752632141
806	0.9123699069023132
807	0.9341441988945007
808	0.9527313113212585
809	0.9578446745872498
810	0.9907604455947876
811	0.9649052619934082
812	0.9713315367698669
813	0.9408847093582153
814	0.8317023515701294
815	0.9458402991294861
816	0.8943893313407898
817	0.8712430000305176
818	0.9289252161979675
819	0.7688242793083191
820	0.9186687469482422
821	0.956765353679657
822	0.9754514694213867
823	0.8880678415298462
824	0.9600945711135864
825	0.8975191116333008
826	0.8699734807014465
827	0.8934904336929321
828	0.8571708798408508
829	0.8064212799072266
830	0.8254456520080566
831	0.7195494174957275
832	0.7978547811508179
833	0.6621615290641785
834	0.816929042339325
835	0.9277847409248352
836	0.9439963698387146
837	0.9047451019287109
838	0.9468674659729004
839	0.9138627052307129
840	0.9337560534477234
841	0.9586611986160278
842	0.9235916137695312
843	0.9152143597602844
844	0.9752053618431091
845	0.9484047293663025
846	0.9069392085075378
847	0.8993502855300903
848	0.9723222851753235
849	0.9762067794799805
850	0.9791677594184875
851	0.9545882344245911
852	0.9636682868003845
853	0.955539882183075
854	0.9802408218383789
855	0.9157134294509888
856	0.9187971353530884
857	0.9471406936645508
858	0.9494308829307556
859	0.9557726979255676
860	0.9536920785903931
861	0.9531314969062805
862	0.9575487375259399
863	0.9356533885002136
864	0.9358062744140625
865	0.9617688059806824
866	0.9806926846504211
867	0.9733280539512634
868	0.950222909450531
869	0.9598252177238464
870	0.9380624890327454
871	0.9493648409843445
872	0.954624354839325
873	0.9405341148376465
874	0.9401718974113464
875	0.9301490187644958
876	0.9533805847167969
877	0.938637912273407
878	0.9071493148803711
879	0.9050645232200623
880	0.9042403101921082
881	0.9184252023696899
882	0.8259855508804321
883	0.9247097373008728
884	0.878940224647522
885	0.8703662157058716
886	0.7408809065818787
887	0.9085195660591125
888	0.840131402015686
889	0.9452160000801086
890	0.8164892196655273
891	0.7879819273948669
892	0.6031603813171387
893	0.5427353978157043
894	0.31244954466819763
895	0.32998740673065186
896	0.4447054862976074
897	0.7081220746040344
898	0.6236016154289246
899	0.7508975267410278
900	0.49929505586624146
901	0.5802766680717468
902	0.6792788505554199
903	0.5501639246940613
904	0.6654756665229797
905	0.7364453077316284
906	0.7200338244438171
907	0.8979819416999817
908	0.7939454913139343
909	0.8694332242012024
910	0.899228036403656
911	0.9015660285949707
912	0.7924516797065735
913	0.8932539820671082
914	0.8191402554512024
915	0.852379322052002
916	0.7084092497825623
917	0.8017044067382812
918	0.6744661331176758
919	0.8775320053100586
920	0.7464092969894409
921	0.8032518625259399
922	0.7910658121109009
923	0.899653434753418
924	0.8131076097488403
925	0.8380275964736938
926	0.8237407803535461
927	0.8603978157043457
928	0.7895867228507996
929	0.9024238586425781
930	0.9094638824462891
931	0.8389251828193665
932	0.7362110018730164
933	0.793267548084259
934	0.7716271281242371
935	0.6985098123550415
936	0.6649505496025085
937	0.7834526896476746
938	0.8208032846450806
939	0.4309219419956207
940	0.3175576329231262
941	0.17174401879310608
942	0.09361659735441208
943	0.06659849733114243
944	0.056206293404102325
945	0.07462098449468613
946	0.07406444102525711
947	0.15544596314430237
948	0.37474963068962097
949	0.3486127555370331
950	0.23554570972919464
951	0.08476816862821579
952	0.06002385541796684
953	0.05574549362063408
954	0.04787136986851692
955	0.016471080482006073
956	0.015397652983665466
957	0.014500699937343597
958	0.023791372776031494
959	0.01490796823054552
960	0.014443935826420784
961	0.016253866255283356
962	0.012108284048736095
963	0.018762793391942978
964	0.01540871150791645
965	0.012734976597130299
966	0.011498866602778435
967	0.012845436111092567
968	0.015106347389519215
969	0.00907114427536726
970	0.010595658794045448
971	0.008542458526790142
972	0.01488466002047062
973	0.008968925103545189
974	0.020719461143016815
975	0.01701751910150051
976	0.08206192404031754
977	0.02830415405333042
978	0.021326802670955658
979	0.02271241508424282
980	0.024923404678702354
981	0.016507521271705627
982	0.010740644298493862
983	0.009893539361655712
984	0.011353294365108013
985	0.014106961898505688
986	0.0130424490198493
987	0.009707891382277012
988	0.013989663682878017
989	0.013325142674148083
990	0.018725594505667686
991	0.013542152009904385
992	0.0457841232419014
993	0.04203937202692032
994	0.07216625660657883
995	0.08157825469970703
996	0.03891998156905174
997	0.056638386100530624
998	0.11627059429883957
999	0.08208677917718887
1000	0.2804485559463501
1001	0.39862439036369324
1002	0.1845632791519165
1003	0.11837303638458252
1004	0.0507211871445179
1005	0.14040806889533997
1006	0.46922609210014343
1007	0.7388567328453064
1008	0.7475394010543823
1009	0.6752458214759827
1010	0.5796829462051392
1011	0.3497595191001892
1012	0.15201394259929657
1013	0.11923835426568985
1014	0.08469616621732712
1015	0.30993133783340454
1016	0.7020792365074158
1017	0.8404077887535095
1018	0.6402537226676941
1019	0.8870152831077576
1020	0.777563214302063
1021	0.6283754110336304
1022	0.5069430470466614
1023	0.26408177614212036
1024	0.20263388752937317
1025	0.07126732915639877
1026	0.06339012086391449
1027	0.03309212997555733
1028	0.028220703825354576
1029	0.03417045623064041
1030	0.020808419212698936
1031	0.023612836375832558
1032	0.025129133835434914
1033	0.028509778901934624
1034	0.02419995702803135
1035	0.01831849478185177
1036	0.01598351076245308
1037	0.023922940716147423
1038	0.08947495371103287
1039	0.18580368161201477
1040	0.48186206817626953
1041	0.804513156414032
1042	0.8022802472114563
1043	0.7830514311790466
1044	0.8299198150634766
1045	0.8613914847373962
1046	0.7352290749549866
1047	0.723365306854248
1048	0.5436824560165405
1049	0.7045534253120422
1050	0.7712821364402771
1051	0.8972129225730896
1052	0.84419184923172
1053	0.8439103960990906
1054	0.914189338684082
1055	0.8935677409172058
1056	0.8754752278327942
1057	0.8949138522148132
1058	0.9165207147598267
1059	0.9352123141288757
1060	0.8795492053031921
1061	0.6293953061103821
1062	0.8291420936584473
1063	0.8522477149963379
1064	0.8606600165367126
1065	0.8963843584060669
1066	0.8328480124473572
1067	0.6383964419364929
1068	0.5473081469535828
1069	0.4256879985332489
1070	0.39357584714889526
1071	0.1839243620634079
1072	0.023445267230272293
1073	0.016618987545371056
1074	0.015077090822160244
1075	0.02284444309771061
1076	0.028013456612825394
1077	0.09112965315580368
1078	0.2190149575471878
1079	0.20120573043823242
1080	0.4568121135234833
1081	0.4744992256164551
1082	0.29326245188713074
1083	0.4936659038066864
1084	0.5867002606391907
1085	0.6412023901939392
1086	0.6214359998703003
1087	0.9019345641136169
1088	0.8143042922019958
1089	0.7418547868728638
1090	0.8447157144546509
1091	0.6601970195770264
1092	0.7347072958946228
1093	0.5817376971244812
1094	0.46520549058914185
1095	0.4159718453884125
1096	0.5844368934631348
1097	0.7640754580497742
1098	0.7555239796638489
1099	0.5630243420600891
1100	0.6732153296470642
1101	0.7224448323249817
1102	0.6649689078330994
1103	0.9032514691352844
1104	0.8010424971580505
1105	0.7206153273582458
1106	0.6247180700302124
1107	0.7662298083305359
1108	0.6507167220115662
1109	0.7234950661659241
1110	0.675115168094635
1111	0.8144092559814453
1112	0.8954424262046814
1113	0.883073627948761
1114	0.8567787408828735
1115	0.8065690994262695
1116	0.5983807444572449
1117	0.6123108267784119
1118	0.7145736813545227
1119	0.6491379141807556
1120	0.579456627368927
1121	0.7696054577827454
1122	0.6511840224266052
1123	0.7145064473152161
1124	0.6408490538597107
1125	0.7299644947052002
1126	0.47371044754981995
1127	0.48293790221214294
1128	0.6505092978477478
1129	0.36889323592185974
1130	0.34098199009895325
1131	0.4552544057369232
1132	0.5164989829063416
1133	0.5017487406730652
1134	0.5177838206291199
1135	0.7339034080505371
1136	0.7857792973518372
1137	0.7952272891998291
1138	0.6226140856742859
1139	0.6044145226478577
1140	0.6897435188293457
1141	0.48216864466667175
1142	0.5320488810539246
1143	0.46995359659194946
1144	0.4578263461589813
1145	0.5127476453781128
1146	0.6230612993240356
1147	0.4633471667766571
1148	0.5994345545768738
1149	0.6800182461738586
1150	0.8131004571914673
1151	0.6182087659835815
1152	0.7604153752326965
1153	0.8485206961631775
1154	0.6692032217979431
1155	0.6486093401908875
1156	0.7095115184783936
1157	0.6399828195571899
1158	0.6701321601867676
1159	0.5764957666397095
1160	0.18094316124916077
1161	0.30289456248283386
1162	0.44166699051856995
1163	0.5033486485481262
1164	0.710677981376648
1165	0.7001222968101501
1166	0.6136526465415955
1167	0.5669500231742859
1168	0.462734192609787
1169	0.6013738512992859
1170	0.4985620677471161
1171	0.5998300313949585
1172	0.7258394956588745
1173	0.8199705481529236
1174	0.8188695311546326
1175	0.38902851939201355
1176	0.07628931850194931
1177	0.08743476867675781
1178	0.016912048682570457
1179	0.010321351699531078
1180	0.011532668955624104
1181	0.01089878287166357
1182	0.015674829483032227
1183	0.021389221772551537
1184	0.02090573124587536
1185	0.015577715821564198
1186	0.012038963846862316
1187	0.010807658545672894
1188	0.012354129925370216
1189	0.01023055613040924
1190	0.011038707569241524
1191	0.007047030609101057
1192	0.012924599461257458
1193	0.0079857362434268
1194	0.017356261610984802
1195	0.027272934094071388
1196	0.02606959640979767
1197	0.01535886526107788
1198	0.017474742606282234
1199	0.01928730309009552
1200	0.017163662239909172
1201	0.01857738196849823
1202	0.016948765143752098
1203	0.017526423558592796
1204	0.016779504716396332
1205	0.018211236223578453
1206	0.017912480980157852
1207	0.017938487231731415
1208	0.02400585450232029
1209	0.013763988390564919
1210	0.02029937505722046
1211	0.01822560280561447
1212	0.01868477463722229
1213	0.022829920053482056
1214	0.024460185319185257
1215	0.024959510192275047
1216	0.02371392585337162
1217	0.011168957687914371
1218	0.012294992804527283
1219	0.014563593082129955
1220	0.016917454078793526
1221	0.015296158380806446
1222	0.016325684264302254
1223	0.012175190262496471
1224	0.016541635617613792
1225	0.014814239926636219
1226	0.0183698870241642
1227	0.026555612683296204
1228	0.029336610808968544
1229	0.04473774507641792
1230	0.025608211755752563
1231	0.02264026738703251
1232	0.02111629582941532
1233	0.018742172047495842
1234	0.015169712714850903
1235	0.013152122497558594
1236	0.012953311204910278
1237	0.01061746571213007
1238	0.01748480275273323
1239	0.011976671405136585
1240	0.013753821142017841
1241	0.01391588430851698
1242	0.01253251638263464
1243	0.01996096968650818
1244	0.018965719267725945
1245	0.017308900132775307
1246	0.015217608772218227
1247	0.018151313066482544
1248	0.015078219585120678
1249	0.01470882911235094
1250	0.013393058441579342
1251	0.0174784567207098
1252	0.016630275174975395
1253	0.0130040617659688
1254	0.012709247879683971
1255	0.010975883342325687
1256	0.010016096755862236
1257	0.010252847336232662
1258	0.011200745590031147
1259	0.012462794780731201
1260	0.01568022184073925
1261	0.016151806339621544
1262	0.017711957916617393
1263	0.013083587400615215
1264	0.014958202838897705
1265	0.013752537779510021
1266	0.013641570694744587
1267	0.013991951942443848
1268	0.013777247630059719
1269	0.015573970042169094
1270	0.012108939699828625
1271	0.011141069233417511
1272	0.00945101585239172
1273	0.008073690347373486
1274	0.00931453239172697
1275	0.00642991391941905
1276	0.007251911796629429
1277	0.00783828180283308
1278	0.009079809300601482
1279	0.01022020447999239
1280	0.00786005612462759
1281	0.009035813622176647
1282	0.009197602979838848
1283	0.01266986783593893
1284	0.007449257653206587
1285	0.011312740854918957
1286	0.0090904226526618
1287	0.010216476395726204
1288	0.009099232964217663
1289	0.0075889709405601025
1290	0.008488721214234829
1291	0.006056369747966528
1292	0.006489045452326536
1293	0.006110954564064741
1294	0.00735856918618083
1295	0.006187519524246454
1296	0.006115004885941744
1297	0.007658344693481922
1298	0.007708205375820398
1299	0.007026176434010267
1300	0.00595499062910676
1301	0.0046727522276341915
1302	0.007723820861428976
1303	0.006999392993748188
1304	0.00672308960929513
1305	0.006520421709865332
1306	0.006399703212082386
1307	0.0064323353581130505
1308	0.005546555854380131
1309	0.009187214076519012
1310	0.012648673728108406
1311	0.03286955878138542
1312	0.01973005011677742
1313	0.14712266623973846
1314	0.4395101070404053
1315	0.7278345227241516
1316	0.863106369972229
1317	0.8353043794631958
1318	0.7940567135810852
1319	0.8802507519721985
1320	0.8998526930809021
1321	0.892873227596283
1322	0.9103073477745056
1323	0.9002477526664734
1324	0.8259721994400024
1325	0.8649107217788696
1326	0.8695378303527832
1327	0.8304682970046997
1328	0.8738042712211609
1329	0.741661012172699
1330	0.7484192848205566
1331	0.7794567942619324
1332	0.9044829607009888
1333	0.904214084148407
1334	0.9643150568008423
1335	0.9734434485435486
1336	0.9785561561584473
1337	0.9749208688735962
1338	0.9685150980949402
1339	0.9538289904594421
1340	0.9561796188354492
1341	0.9671741724014282
1342	0.9760803580284119
1343	0.9438139796257019
1344	0.972520649433136
1345	0.9382042288780212
1346	0.9326038360595703
1347	0.9058947563171387
1348	0.6634883284568787
1349	0.6960413455963135
1350	0.6961588859558105
1351	0.1727561056613922
1352	0.06022534519433975
1353	0.016493424773216248
1354	0.01342366635799408
1355	0.010672086849808693
1356	0.019265612587332726
1357	0.00954981055110693
1358	0.010117371566593647
1359	0.009506982751190662
1360	0.013308596797287464
1361	0.009919780306518078
1362	0.19004468619823456
1363	0.6761481165885925
1364	0.8163334727287292
1365	0.8760914206504822
1366	0.893905758857727
1367	0.8899745345115662
1368	0.7764700055122375
1369	0.777581512928009
1370	0.7527042627334595
1371	0.30622050166130066
1372	0.09569495916366577
1373	0.06684836000204086
1374	0.09448889642953873
1375	0.2102256864309311
1376	0.6783019304275513
1377	0.897667407989502
1378	0.9897171854972839
1379	0.9895085692405701
1380	0.9964985251426697
1381	0.9695515632629395
1382	0.9757573008537292
1383	0.9821624159812927
1384	0.984862744808197
1385	0.9529587626457214
1386	0.9870151877403259
1387	0.9708153009414673
1388	0.9513433575630188
1389	0.8958700299263
1390	0.9613494873046875
1391	0.9695150256156921
1392	0.9777674078941345
1393	0.9851970672607422
1394	0.9822525382041931
1395	0.9803172945976257
1396	0.9762093424797058
1397	0.9748489260673523
1398	0.914461612701416
1399	0.9623239636421204
1400	0.9529662132263184
1401	0.9383777976036072
1402	0.9732739329338074
1403	0.958598792552948
1404	0.9190540313720703
1405	0.8655729293823242
1406	0.8753547668457031
1407	0.8132333755493164
1408	0.8705577254295349
1409	0.9536139369010925
1410	0.9319465756416321
1411	0.8983209729194641
1412	0.9554166197776794
1413	0.9153491854667664
1414	0.9506751894950867
1415	0.9467239379882812
1416	0.9685247540473938
1417	0.9703053832054138
1418	0.9911633729934692
1419	0.9780667424201965
1420	0.9839872717857361
1421	0.9723820686340332
1422	0.9770781397819519
1423	0.9865978360176086
1424	0.9812787175178528
1425	0.9799224734306335
1426	0.9544917941093445
1427	0.9624114036560059
1428	0.9463768005371094
1429	0.9680849313735962
1430	0.9380089044570923
1431	0.8838208317756653
1432	0.9329267740249634
1433	0.8954472541809082
1434	0.9090652465820312
1435	0.9350258111953735
1436	0.8423816561698914
1437	0.8463598489761353
1438	0.8565213084220886
1439	0.8854439854621887
1440	0.6460102200508118
1441	0.7491164207458496
1442	0.8373770117759705
1443	0.8759375810623169
1444	0.8366681933403015
1445	0.591571033000946
1446	0.5692136287689209
1447	0.8274535536766052
1448	0.5572404861450195
1449	0.6504470109939575
1450	0.574373185634613
1451	0.7563579678535461
1452	0.799657940864563
1453	0.8087393045425415
1454	0.8446653485298157
1455	0.9714666604995728
1456	0.8920295834541321
1457	0.7614452242851257
1458	0.9300602078437805
1459	0.9644981622695923
1460	0.9163104891777039
1461	0.8096888661384583
1462	0.8606683611869812
1463	0.32719799876213074
1464	0.07519137114286423
1465	0.03742111474275589
1466	0.011045519262552261
1467	0.007383429445326328
1468	0.009284327737987041
1469	0.010001941584050655
1470	0.013760535977780819
1471	0.01753380335867405
1472	0.018712926656007767
1473	0.02357550337910652
1474	0.021002283319830894
1475	0.015006782487034798
1476	0.013990518637001514
1477	0.012915688566863537
1478	0.011575918644666672
1479	0.014148080721497536
1480	0.013820268213748932
1481	0.012301616370677948
1482	0.011638877913355827
1483	0.01964888535439968
1484	0.017460038885474205
1485	0.022026820108294487
1486	0.02073420025408268
1487	0.02352621778845787
1488	0.017985966056585312
1489	0.011055230163037777
1490	0.016473887488245964
1491	0.01654784381389618
1492	0.01946789026260376
1493	0.01420210488140583
1494	0.00972510315477848
1495	0.01184165757149458
1496	0.015774313360452652
1497	0.017031613737344742
1498	0.014540860429406166
1499	0.011168723925948143
1500	0.010137185454368591
1501	0.007988748140633106
1502	0.0063525959849357605
1503	0.010538547299802303
1504	0.010861197486519814
1505	0.01508236676454544
1506	0.02550610899925232
1507	0.0186084546148777
1508	0.014208790846168995
1509	0.02010706439614296
1510	0.02673434279859066
1511	0.013571659103035927
1512	0.012678630650043488
1513	0.010479317046701908
1514	0.009759827516973019
1515	0.009975961409509182
1516	0.010272139683365822
1517	0.0070298584178090096
1518	0.008658014237880707
1519	0.006785930134356022
1520	0.013234597630798817
1521	0.01065155304968357
1522	0.009337562136352062
1523	0.006505838129669428
1524	0.006307189352810383
1525	0.00745282182469964
1526	0.0059740724973380566
1527	0.006123439874500036
1528	0.005677132401615381
1529	0.005177282728254795
1530	0.006216708105057478
1531	0.006221353076398373
1532	0.0043451362289488316
1533	0.004293312318623066
1534	0.00444374606013298
1535	0.004169800318777561
1536	0.005453853402286768
1537	0.004925951361656189
1538	0.005045158322900534
1539	0.007100722286850214
1540	0.006068212911486626
1541	0.005898752249777317
1542	0.005502282176166773
1543	0.0064755575731396675
1544	0.0059143127873539925
1545	0.008936554193496704
1546	0.006416867952793837
1547	0.0072826505638659
1548	0.005990311037749052
1549	0.008915171027183533
1550	0.00955550093203783
1551	0.010116802528500557
1552	0.009092788212001324
1553	0.012147599831223488
1554	0.011012624017894268
1555	0.011694191955029964
1556	0.00823832955211401
1557	0.01089148223400116
1558	0.013173363171517849
1559	0.012275109998881817
1560	0.012666351161897182
1561	0.015258672647178173
1562	0.00949114840477705
1563	0.007439726032316685
1564	0.008599916473031044
1565	0.008748114109039307
1566	0.01069686096161604
1567	0.009715317748486996
1568	0.009615910239517689
1569	0.009855364449322224
1570	0.010022318921983242
1571	0.011334334500133991
1572	0.012510249391198158
1573	0.012497801333665848
1574	0.021206721663475037
1575	0.2589455246925354
1576	0.5836877822875977
1577	0.879710853099823
1578	0.9218633770942688
1579	0.9217252731323242
1580	0.9418840408325195
1581	0.8933355212211609
1582	0.90423983335495
1583	0.9276493191719055
1584	0.9209247827529907
1585	0.9429316520690918
1586	0.9682754874229431
1587	0.9249312281608582
1588	0.9702358245849609
1589	0.9513303637504578
1590	0.9620067477226257
1591	0.932468593120575
1592	0.9748353958129883
1593	0.9245139956474304
1594	0.9522846341133118
1595	0.9690079689025879
1596	0.953071117401123
1597	0.9219127893447876
1598	0.974411129951477
1599	0.9421725273132324
1600	0.9510291218757629
1601	0.8687469363212585
1602	0.9184128046035767
1603	0.847726047039032
1604	0.8954903483390808
1605	0.6349747776985168
1606	0.7260004281997681
1607	0.7272047400474548
1608	0.6676360964775085
1609	0.4544520378112793
1610	0.27492305636405945
1611	0.2413225620985031
1612	0.030040621757507324
1613	0.03094962239265442
1614	0.020162636414170265
1615	0.04816586896777153
1616	0.23905324935913086
1617	0.15852989256381989
1618	0.13105085492134094
1619	0.025110801681876183
1620	0.013299775309860706
1621	0.00913576502352953
1622	0.008813508786261082
1623	0.010170426219701767
1624	0.013969497755169868
1625	0.010425211861729622
1626	0.010588371194899082
1627	0.009409039281308651
1628	0.007414755877107382
1629	0.009161551482975483
1630	0.009961530566215515
1631	0.008431836031377316
1632	0.01116454042494297
1633	0.061959296464920044
1634	0.24686551094055176
1635	0.669264018535614
1636	0.8805603384971619
1637	0.9023866653442383
1638	0.8752395510673523
1639	0.7268730401992798
1640	0.7940713763237
1641	0.7335433959960938
1642	0.8163647055625916
1643	0.8091508746147156
1644	0.7899543642997742
1645	0.8967763781547546
1646	0.8789162039756775
1647	0.8588823676109314
1648	0.78522127866745
1649	0.6066440343856812
1650	0.8657311797142029
1651	0.6849888563156128
1652	0.7210118174552917
1653	0.37142038345336914
1654	0.37540140748023987
1655	0.4381484091281891
1656	0.23249252140522003
1657	0.27770334482192993
1658	0.37776532769203186
1659	0.30325770378112793
1660	0.4130261540412903
1661	0.3926413655281067
1662	0.164944127202034
1663	0.1540670245885849
1664	0.546201229095459
1665	0.5894526839256287
1666	0.8345389366149902
1667	0.7282671928405762
1668	0.9371955990791321
1669	0.9595613479614258
1670	0.9630837440490723
1671	0.934518039226532
1672	0.8228112459182739
1673	0.8162342309951782
1674	0.6852583885192871
1675	0.7259129881858826
1676	0.672187089920044
1677	0.6587249040603638
1678	0.24734623730182648
1679	0.5049535632133484
1680	0.5076245665550232
1681	0.11538197845220566
1682	0.6237331628799438
1683	0.729008138179779
1684	0.8393278121948242
1685	0.923687756061554
1686	0.9954800009727478
1687	0.9136940836906433
1688	0.9510816931724548
1689	0.9613229632377625
1690	0.9754678010940552
1691	0.9692700505256653
1692	0.9885396957397461
1693	0.9814173579216003
1694	0.9779495596885681
1695	0.9808144569396973
1696	0.979278028011322
1697	0.9750612378120422
1698	0.9828510284423828
1699	0.9749369025230408
1700	0.9723137021064758
1701	0.9682389497756958
1702	0.9861440658569336
1703	0.9605493545532227
1704	0.9398195147514343
1705	0.9067926406860352
1706	0.9311925172805786
1707	0.8720036745071411
1708	0.7913474440574646
1709	0.8253732919692993
1710	0.7848328948020935
1711	0.84771329164505
1712	0.8751101493835449
1713	0.5112358331680298
1714	0.7294489741325378
1715	0.6586918830871582
1716	0.7657217979431152
1717	0.850415050983429
1718	0.9517173767089844
1719	0.9584158062934875
1720	0.9537656903266907
1721	0.7810331583023071
1722	0.01208953745663166
1723	0.007464967668056488
1724	0.009822876192629337
1725	0.009562094695866108
1726	0.009287232533097267
1727	0.007561300881206989
1728	0.012616768479347229
1729	0.006690886802971363
1730	0.009195669554173946
1731	0.013339809142053127
1732	0.009768875315785408
1733	0.007262624800205231
1734	0.00963642355054617
1735	0.012446978129446507
1736	0.011876203119754791
1737	0.009863271377980709
1738	0.01313731074333191
1739	0.0154818594455719
1740	0.01600435934960842
1741	0.0129966139793396
1742	0.01192515529692173
1743	0.012063944712281227
1744	0.014439108781516552
1745	0.012816131114959717
1746	0.011946371756494045
1747	0.013043398037552834
1748	0.011333221569657326
1749	0.016483966261148453
1750	0.015140918083488941
1751	0.01258049625903368
1752	0.015898173674941063
1753	0.017756009474396706
1754	0.011748085729777813
1755	0.009877060540020466
1756	0.013647017069160938
1757	0.009013745002448559
1758	0.0108244763687253
1759	0.010359212756156921
1760	0.012193751521408558
1761	0.0098993806168437
1762	0.013334127143025398
1763	0.012368375435471535
1764	0.011993584223091602
1765	0.011152556166052818
1766	0.015947671607136726
1767	0.012307803146541119
1768	0.015647629275918007
1769	0.011519958265125751
1770	0.015165301039814949
1771	0.021563956514000893
1772	0.022091342136263847
1773	0.0168940257281065
1774	0.019040478393435478
1775	0.016078999266028404
1776	0.016612699255347252
1777	0.016345201060175896
1778	0.016401370987296104
1779	0.01272721029818058
1780	0.018613994121551514
1781	0.015200979076325893
1782	0.015448112972080708
1783	0.019509101286530495
1784	0.019324561581015587
1785	0.01672661304473877
1786	0.013159108348190784
1787	0.013498872518539429
1788	0.014159122481942177
1789	0.015531472861766815
1790	0.014810017310082912
1791	0.014334890060126781
1792	0.013747102580964565
1793	0.013111970387399197
1794	0.015942851081490517
1795	0.018391810357570648
1796	0.01542393397539854
1797	0.01758207008242607
1798	0.016623973846435547
1799	0.0196322500705719
1800	0.01628122664988041
1801	0.015612894669175148
1802	0.0141005739569664
1803	0.016455914825201035
1804	0.017852185294032097
1805	0.011546692810952663
1806	0.014504474587738514
1807	0.013116398826241493
1808	0.013156603090465069
1809	0.00978685263544321
1810	0.012362999841570854
1811	0.009642093442380428
1812	0.011748223565518856
1813	0.012971109710633755
1814	0.011501594446599483
1815	0.021091770380735397
1816	0.017621023580431938
1817	0.024094151332974434
1818	0.014909232966601849
1819	0.01293132733553648
1820	0.01505243219435215
1821	0.01470858883112669
1822	0.019027579575777054
1823	0.014041708782315254
1824	0.014334610663354397
1825	0.007521672639995813
1826	0.008987938985228539
1827	0.011657634750008583
1828	0.015254589729011059
1829	0.01996040716767311
1830	0.01888546161353588
1831	0.019108636304736137
1832	0.016309859231114388
1833	0.016657361760735512
1834	0.010588823817670345
1835	0.008968275040388107
1836	0.01382801216095686
1837	0.009173420257866383
1838	0.006039746105670929
1839	0.006565092597156763
1840	0.006327716168016195
1841	0.006829595658928156
1842	0.006185195408761501
1843	0.007247419096529484
1844	0.006974715739488602
1845	0.01085913646966219
1846	0.008252555504441261
1847	0.008957832120358944
1848	0.009375973604619503
1849	0.00881065521389246
1850	0.007914265617728233
1851	0.016765544191002846
1852	0.01356642134487629
1853	0.009510922245681286
1854	0.010985061526298523
1855	0.03115430288016796
1856	0.02063741721212864
1857	0.08418016135692596
1858	0.18407145142555237
1859	0.17692898213863373
1860	0.03144608065485954
1861	0.052449215203523636
1862	0.1609754115343094
1863	0.1303514689207077
1864	0.1734134405851364
1865	0.05298810079693794
1866	0.06339539587497711
1867	0.09151016920804977
1868	0.1026005744934082
1869	0.3248707056045532
1870	0.34621500968933105
1871	0.26504573225975037
1872	0.12457530945539474
1873	0.4328126907348633
1874	0.2644354999065399
1875	0.3443368077278137
1876	0.486621230840683
1877	0.5886661410331726
1878	0.33456459641456604
1879	0.6256639361381531
1880	0.7763338088989258
1881	0.9548097848892212
1882	0.9043461084365845
1883	0.8162211775779724
1884	0.868198037147522
1885	0.8300043344497681
1886	0.8910711407661438
1887	0.8750784993171692
1888	0.9482536315917969
1889	0.8346371054649353
1890	0.8507196307182312
1891	0.7250761389732361
1892	0.7673560976982117
1893	0.5681262016296387
1894	0.8517080545425415
1895	0.5155065059661865
1896	0.7956855297088623
1897	0.7340477108955383
1898	0.7354212999343872
1899	0.5513582825660706
1900	0.6003715395927429
1901	0.18560121953487396
1902	0.6325241923332214
1903	0.5922067761421204
1904	0.9230571985244751
1905	0.8100324869155884
1906	0.8618769645690918
1907	0.8007752299308777
1908	0.914577305316925
1909	0.8675395250320435
1910	0.8868991136550903
1911	0.8071599006652832
1912	0.8288193941116333
1913	0.8866081237792969
1914	0.9597553610801697
1915	0.9002726674079895
1916	0.9605334401130676
1917	0.9349333047866821
1918	0.9661635756492615
1919	0.9512710571289062
1920	0.9853281378746033
1921	0.9143692255020142
1922	0.8624768257141113
1923	0.9368066191673279
1924	0.8331899046897888
1925	0.7871543765068054
1926	0.7912375330924988
1927	0.7587011456489563
1928	0.7633509039878845
1929	0.7475972175598145
1930	0.8856596350669861
1931	0.5779401063919067
1932	0.9055936932563782
1933	0.7623212337493896
1934	0.8032733201980591
1935	0.7765983939170837
1936	0.898125171661377
1937	0.7031280398368835
1938	0.7346483469009399
1939	0.8064369559288025
1940	0.8307739496231079
1941	0.7707365155220032
1942	0.9173210263252258
1943	0.8190351724624634
1944	0.9492095112800598
1945	0.8087443709373474
1946	0.8270519375801086
1947	0.816534698009491
1948	0.8816249966621399
1949	0.761207103729248
1950	0.8388349413871765
1951	0.8459929823875427
1952	0.8079245686531067
1953	0.3818075656890869
1954	0.3773415684700012
1955	0.44325026869773865
1956	0.6673251390457153
1957	0.46068188548088074
1958	0.3932002782821655
1959	0.33623433113098145
1960	0.6640446782112122
1961	0.6986184120178223
1962	0.7822398543357849
1963	0.06379822641611099
1964	0.25511279702186584
1965	0.0547545962035656
1966	0.027180925011634827
1967	0.03289570286870003
1968	0.3152155876159668
1969	0.34811916947364807
1970	0.3460238575935364
1971	0.20559601485729218
1972	0.2476509064435959
1973	0.19941440224647522
1974	0.11912435293197632
1975	0.12680892646312714
1976	0.36757928133010864
1977	0.8103492856025696
1978	0.2084106057882309
1979	0.018655236810445786
1980	0.007547746878117323
1981	0.00753123639151454
1982	0.008150325156748295
1983	0.01005355454981327
1984	0.01331805158406496
1985	0.010831826366484165
1986	0.010751661844551563
1987	0.00946915801614523
1988	0.008529621176421642
1989	0.009230061434209347
1990	0.00828696507960558
1991	0.008119076490402222
1992	0.013986623845994473
1993	0.01262833084911108
1994	0.010458267293870449
1995	0.007225246634334326
1996	0.00499791419133544
1997	0.01072768121957779
1998	0.00717965280637145
1999	0.007503577508032322
2000	0.008855434134602547
2001	0.006738902069628239
2002	0.006546728312969208
2003	0.007680998649448156
2004	0.010157940909266472
2005	0.008738654665648937
2006	0.008214554749429226
2007	0.006689771544188261
2008	0.00834670104086399
2009	0.01018755603581667
2010	0.010902510955929756
2011	0.00895403791218996
2012	0.007353649940341711
2013	0.013533270917832851
2014	0.015111747197806835
2015	0.008770851418375969
2016	0.008961121551692486
2017	0.00751948356628418
2018	0.008606436662375927
2019	0.008091652765870094
2020	0.008480265736579895
2021	0.007196076214313507
2022	0.009040961973369122
2023	0.006883595138788223
2024	0.00879587884992361
2025	0.005643733311444521
2026	0.005513300187885761
2027	0.006761343218386173
2028	0.008497479371726513
2029	0.011273056268692017
2030	0.00979651790112257
2031	0.010958114638924599
2032	0.013696941547095776
2033	0.015782564878463745
2034	0.023056834936141968
2035	0.022165602073073387
2036	0.03322506323456764
2037	0.040646351873874664
2038	0.08032115548849106
2039	0.058461882174015045
2040	0.13323253393173218
2041	0.14343252778053284
2042	0.2888711392879486
2043	0.10458395630121231
2044	0.3114072382450104
2045	0.26717981696128845
2046	0.5055118799209595
2047	0.6731473207473755
2048	0.8060510754585266
2049	0.7268860936164856
2050	0.7125107645988464
2051	0.5762611031532288
2052	0.7833098769187927
2053	0.7412663698196411
2054	0.8661152124404907
2055	0.7351254820823669
2056	0.8135315179824829
2057	0.7476024031639099
2058	0.9131189584732056
2059	0.8560457229614258
2060	0.9234731793403625
2061	0.9196231961250305
2062	0.9442909359931946
2063	0.9291931986808777
2064	0.9618605971336365
2065	0.8075141310691833
2066	0.8731937408447266
2067	0.7586840391159058
2068	0.8699033856391907
2069	0.9401947855949402
2070	0.8222862482070923
2071	0.8768740892410278
2072	0.8409575819969177
2073	0.859272301197052
2074	0.8413602709770203
2075	0.8673959970474243
2076	0.7942930459976196
2077	0.8303176164627075
2078	0.8542885184288025
2079	0.8770619630813599
2080	0.9020886421203613
2081	0.9562423825263977
2082	0.9380239844322205
2083	0.9249424338340759
2084	0.9209594130516052
2085	0.844089925289154
2086	0.926745593547821
2087	0.9075992703437805
2088	0.9551402926445007
2089	0.8836245536804199
2090	0.9287340044975281
2091	0.8260518908500671
2092	0.9367794990539551
2093	0.8985838890075684
2094	0.9497997164726257
2095	0.9332044720649719
2096	0.9283363223075867
2097	0.8952037692070007
2098	0.6178857684135437
2099	0.09261513501405716
2100	0.015694042667746544
2101	0.009479842148721218
2102	0.008202937431633472
2103	0.010346333496272564
2104	0.015210923738777637
2105	0.011310582980513573
2106	0.009365673176944256
2107	0.012281129136681557
2108	0.01014914270490408
2109	0.012901154346764088
2110	0.011534178629517555
2111	0.007840328849852085
2112	0.012054444290697575
2113	0.009441752918064594
2114	0.010351479053497314
2115	0.008641203865408897
2116	0.012681710533797741
2117	0.009053676389157772
2118	0.012240261770784855
2119	0.009693406522274017
2120	0.010671324096620083
2121	0.009299355559051037
2122	0.010847455821931362
2123	0.011022902093827724
2124	0.010037222877144814
2125	0.008372264914214611
2126	0.01016537006944418
2127	0.011149195022881031
2128	0.024924982339143753
2129	0.0565609335899353
2130	0.7886375784873962
2131	0.9393173456192017
2132	0.9263799786567688
2133	0.913307785987854
2134	0.8362976312637329
2135	0.9438120126724243
2136	0.9428728222846985
2137	0.9379636645317078
2138	0.9356263279914856
2139	0.6588308215141296
2140	0.6603874564170837
2141	0.8212205171585083
2142	0.8870938420295715
2143	0.8964462280273438
2144	0.96026211977005
2145	0.9048627018928528
2146	0.8088625073432922
2147	0.8778820037841797
2148	0.9071531295776367
2149	0.5643057823181152
2150	0.55599445104599
2151	0.8945934176445007
2152	0.768501877784729
2153	0.4167359471321106
2154	0.20725086331367493
2155	0.3588906526565552
2156	0.15557704865932465
2157	0.12568925321102142
2158	0.18412838876247406
2159	0.2584809362888336
2160	0.31550073623657227
2161	0.48582515120506287
2162	0.43760353326797485
2163	0.4070330560207367
2164	0.2560790181159973
2165	0.11212875694036484
2166	0.02648797444999218
2167	0.028281187638640404
2168	0.039248883724212646
2169	0.06431209295988083
2170	0.4451763331890106
2171	0.7032732367515564
2172	0.849831759929657
2173	0.1714872270822525
2174	0.009353771805763245
2175	0.00873943418264389
2176	0.012366832233965397
2177	0.011160380207002163
2178	0.010989764705300331
2179	0.009700275026261806
2180	0.008534065447747707
2181	0.01053594145923853
2182	0.01086061168462038
2183	0.008345774374902248
2184	0.009285827167332172
2185	0.009810938499867916
2186	0.01320649590343237
2187	0.011856433935463428
2188	0.014008170925080776
2189	0.011669834144413471
2190	0.016317201778292656
2191	0.011212445795536041
2192	0.0090714693069458
2193	0.010073184035718441
2194	0.00936949159950018
2195	0.01300523430109024
2196	0.01582547463476658
2197	0.014088085852563381
2198	0.014440122060477734
2199	0.012582960538566113
2200	0.014159384183585644
2201	0.013752251863479614
2202	0.01593782939016819
2203	0.010369676165282726
2204	0.010080786421895027
2205	0.011757643893361092
2206	0.008717878721654415
2207	0.008836011402308941
2208	0.011374063789844513
2209	0.024488026276230812
2210	0.011834538541734219
2211	0.011784805916249752
2212	0.010291318409144878
2213	0.01137450523674488
2214	0.01331716775894165
2215	0.011764063499867916
2216	0.010083268396556377
2217	0.009580380283296108
2218	0.011620148085057735
2219	0.010643675923347473
2220	0.009306907653808594
2221	0.009645870886743069
2222	0.009202342480421066
2223	0.009248541668057442
2224	0.010659179650247097
2225	0.012819538824260235
2226	0.00992893148213625
2227	0.014793284237384796
2228	0.011853458359837532
2229	0.008127314038574696
2230	0.010777155868709087
2231	0.012513445690274239
2232	0.010414415039122105
2233	0.012412735261023045
2234	0.013565747998654842
2235	0.012019841931760311
2236	0.009356657043099403
2237	0.00911336112767458
2238	0.010869906283915043
2239	0.010598753578960896
2240	0.008777393028140068
2241	0.010468721389770508
2242	0.009391273371875286
2243	0.010081348940730095
2244	0.00857208576053381
2245	0.010152474045753479
2246	0.01020056288689375
2247	0.011367350816726685
2248	0.008259396068751812
2249	0.009735665284097195
2250	0.014374420046806335
2251	0.015996120870113373
2252	0.011221252381801605
2253	0.016510475426912308
2254	0.015327555127441883
2255	0.010050092823803425
2256	0.012650327757000923
2257	0.015000509098172188
2258	0.01700681261718273
2259	0.014895530417561531
2260	0.014506091363728046
2261	0.013349301181733608
2262	0.015070894733071327
2263	0.015392986126244068
2264	0.01271727867424488
2265	0.011613410897552967
2266	0.013133523054420948
2267	0.009454506449401379
2268	0.011934014037251472
2269	0.013295808807015419
2270	0.013571158051490784
2271	0.010791579261422157
2272	0.014669016003608704
2273	0.010812699794769287
2274	0.013313869014382362
2275	0.008458505384624004
2276	0.015325571410357952
2277	0.016708901152014732
2278	0.015217497013509274
2279	0.01541421003639698
2280	0.011587494984269142
2281	0.007846730761229992
2282	0.01004578173160553
2283	0.009322131983935833
2284	0.009378994815051556
2285	0.011663850396871567
2286	0.011507543735206127
2287	0.00881836749613285
2288	0.008533849380910397
2289	0.010797472670674324
2290	0.008743209764361382
2291	0.010567544028162956
2292	0.013559591956436634
2293	0.00918243732303381
2294	0.015717336907982826
2295	0.011344129219651222
2296	0.014297209680080414
2297	0.01136815082281828
2298	0.012574759311974049
2299	0.009563537314534187
2300	0.012964657507836819
2301	0.014333623461425304
2302	0.015674864873290062
2303	0.015343725681304932
2304	0.02199619822204113
2305	0.02191471867263317
2306	0.012571007013320923
2307	0.01763922907412052
2308	0.021044522523880005
2309	0.015894856303930283
2310	0.017010336741805077
2311	0.020657707005739212
2312	0.021823352202773094
2313	0.01254845131188631
2314	0.02131429687142372
2315	0.018032873049378395
2316	0.017351394519209862
2317	0.0198760237544775
2318	0.022179698571562767
2319	0.011922014877200127
2320	0.016572406515479088
2321	0.029125967994332314
2322	0.01866794191300869
2323	0.017066460102796555
2324	0.013373777270317078
2325	0.01414577104151249
2326	0.007208234164863825
2327	0.010373312048614025
2328	0.01032064389437437
2329	0.009209620766341686
2330	0.008456266485154629
2331	0.011354113928973675
2332	0.012674236670136452
2333	0.00912381336092949
2334	0.016117526218295097
2335	0.025566985830664635
2336	0.04081403836607933
2337	0.030766934156417847
2338	0.038791362196207047
2339	0.05043083056807518
2340	0.08570267260074615
2341	0.06513293087482452
2342	0.05310691148042679
2343	0.04105721041560173
2344	0.022021835669875145
2345	0.02246819995343685
2346	0.023688768967986107
2347	0.0187495406717062
2348	0.01741604320704937
2349	0.016336726024746895
2350	0.016043683513998985
2351	0.01361453253775835
2352	0.021337194368243217
2353	0.015248551033437252
2354	0.018895581364631653
2355	0.02450060285627842
2356	0.03708577901124954
2357	0.025435466319322586
2358	0.13533294200897217
2359	0.18977926671504974
2360	0.18239112198352814
2361	0.2045448273420334
2362	0.2762193977832794
2363	0.1583820879459381
2364	0.18010056018829346
2365	0.17869575321674347
2366	0.3239695429801941
2367	0.33325618505477905
2368	0.5619673132896423
2369	0.4232430160045624
2370	0.5583540201187134
2371	0.4249381124973297
2372	0.40340176224708557
2373	0.24043598771095276
2374	0.5295478105545044
2375	0.5006757974624634
2376	0.6575092673301697
2377	0.4021952748298645
2378	0.5782703161239624
2379	0.6478059887886047
2380	0.6519200801849365
2381	0.46519261598587036
2382	0.6698004603385925
2383	0.4626021385192871
2384	0.5039834976196289
2385	0.3978641629219055
2386	0.6580764055252075
2387	0.612730860710144
2388	0.7074899077415466
2389	0.6343430876731873
2390	0.5559897422790527
2391	0.3984085023403168
2392	0.2278674691915512
2393	0.021054519340395927
2394	0.26701363921165466
2395	0.5315907597541809
2396	0.4987925589084625
2397	0.2706017792224884
2398	0.4412159025669098
2399	0.263022243976593
2400	0.5408231019973755
2401	0.22158657014369965
2402	0.4171926975250244
2403	0.38006722927093506
2404	0.5710493922233582
2405	0.07921703159809113
2406	0.3834223747253418
2407	0.27096301317214966
2408	0.5832244753837585
2409	0.11927478760480881
2410	0.5379360318183899
2411	0.5703259706497192
2412	0.740168571472168
2413	0.7354620695114136
2414	0.5952443480491638
2415	0.8243141174316406
2416	0.6868707537651062
2417	0.6666021943092346
2418	0.8097076416015625
2419	0.7823166847229004
2420	0.5959529876708984
2421	0.5640981793403625
2422	0.5973402261734009
2423	0.6500992178916931
2424	0.7546845078468323
2425	0.6142746210098267
2426	0.8840532302856445
2427	0.8508499264717102
2428	0.7141287922859192
2429	0.8103422522544861
2430	0.7229117751121521
2431	0.825735867023468
2432	0.8376251459121704
2433	0.8282573819160461
2434	0.6146706938743591
2435	0.7649399042129517
2436	0.8138848543167114
2437	0.5941057801246643
2438	0.8600665330886841
2439	0.8197084665298462
2440	0.7930294871330261
2441	0.38185855746269226
2442	0.7260279059410095
2443	0.45195266604423523
2444	0.7578530311584473
2445	0.7067402005195618
2446	0.6929931044578552
2447	0.7063431143760681
2448	0.5980431437492371
2449	0.5790427923202515
2450	0.7745589017868042
2451	0.7765886187553406
2452	0.703844428062439
2453	0.7523958086967468
2454	0.6155286431312561
2455	0.6604387164115906
2456	0.7348753809928894
2457	0.6069492697715759
2458	0.6114915013313293
2459	0.5066301226615906
2460	0.76319420337677
2461	0.5074071884155273
2462	0.7428140044212341
2463	0.5425280928611755
2464	0.8799603581428528
2465	0.5617262721061707
2466	0.6770150065422058
2467	0.2609311640262604
2468	0.6687576174736023
2469	0.37347787618637085
2470	0.22550006210803986
2471	0.0982782393693924
2472	0.34260234236717224
2473	0.32953155040740967
2474	0.4387238919734955
2475	0.026820382103323936
2476	0.3228086531162262
2477	0.15451574325561523
2478	0.2524834871292114
2479	0.24165092408657074
2480	0.7960244417190552
2481	0.6737886667251587
2482	0.7925211787223816
2483	0.8145057559013367
2484	0.828229546546936
2485	0.7014485597610474
2486	0.6787163615226746
2487	0.5270587801933289
2488	0.45494934916496277
2489	0.6995208859443665
2490	0.6190981268882751
2491	0.5130506753921509
2492	0.6354962587356567
2493	0.7057101130485535
2494	0.773607075214386
2495	0.6087923049926758
2496	0.4079078733921051
2497	0.618985116481781
2498	0.2755483388900757
2499	0.3675248324871063
2500	0.22554078698158264
2501	0.32623860239982605
2502	0.37388452887535095
2503	0.3190368711948395
2504	0.5703779458999634
2505	0.6805020570755005
2506	0.668196439743042
2507	0.3994106948375702
2508	0.6942141056060791
2509	0.7797943353652954
2510	0.6214703917503357
2511	0.8296511769294739
2512	0.8010135889053345
2513	0.8185081481933594
2514	0.9114853143692017
2515	0.8870726823806763
2516	0.7999773025512695
2517	0.7182822823524475
2518	0.8121339678764343
2519	0.8700620532035828
2520	0.7573537826538086
2521	0.7606774568557739
2522	0.893332302570343
2523	0.8778466582298279
2524	0.7390211224555969
2525	0.7610413432121277
2526	0.8287591338157654
2527	0.885833203792572
2528	0.8982707262039185
2529	0.7058402299880981
2530	0.7123908400535583
2531	0.8394930958747864
2532	0.8172178268432617
2533	0.8214236497879028
2534	0.8407716751098633
2535	0.8986271023750305
2536	0.8574175834655762
2537	0.8665410876274109
2538	0.7824011445045471
2539	0.8097730875015259
2540	0.6764888167381287
2541	0.6118412017822266
2542	0.6600691676139832
2543	0.6652794480323792
2544	0.8879764676094055
2545	0.7560586333274841
2546	0.6727237105369568
2547	0.617107093334198
2548	0.14832672476768494
2549	0.011126460507512093
2550	0.008631430566310883
2551	0.006777223199605942
2552	0.009389283135533333
2553	0.008151544257998466
2554	0.010047562420368195
2555	0.009325683116912842
2556	0.011552403680980206
2557	0.007735544349998236
2558	0.013420111499726772
2559	0.010885211639106274
2560	0.018750011920928955
2561	0.008075786754488945
2562	0.01214289665222168
2563	0.009942039847373962
2564	0.015324289910495281
2565	0.0242802444845438
2566	0.016320733353495598
2567	0.018440518528223038
2568	0.011187524534761906
2569	0.01215443667024374
2570	0.012764081358909607
2571	0.015116940252482891
2572	0.01568245328962803
2573	0.0433465801179409
2574	0.024040047079324722
2575	0.05099448189139366
2576	0.035989128053188324
2577	0.02046525478363037
2578	0.026203501969575882
2579	0.03295833617448807
2580	0.02054988034069538
2581	0.038682837039232254
2582	0.024507800117135048
2583	0.020447401329874992
2584	0.012453977949917316
2585	0.012094524689018726
2586	0.013687863945960999
2587	0.011054535396397114
2588	0.012506949715316296
2589	0.012127806432545185
2590	0.012333828024566174
2591	0.010150383226573467
2592	0.015862781554460526
2593	0.012472882866859436
2594	0.014144361019134521
2595	0.013077775947749615
2596	0.012343931011855602
2597	0.009736523032188416
2598	0.012263989076018333
2599	0.011402488686144352
2600	0.009985075332224369
2601	0.012444711290299892
2602	0.012238775379955769
2603	0.013521444983780384
2604	0.013707361184060574
2605	0.013608286157250404
2606	0.015439556911587715
2607	0.013468223623931408
2608	0.015104311518371105
2609	0.013113263063132763
2610	0.014059500768780708
2611	0.010256423614919186
2612	0.014446265995502472
2613	0.017377158626914024
2614	0.015132582746446133
2615	0.015887197107076645
2616	0.015343320555984974
2617	0.013206389732658863
2618	0.012492972426116467
2619	0.013497437350451946
2620	0.011573286727070808
2621	0.013371615670621395
2622	0.012966637499630451
2623	0.015103771351277828
2624	0.01387303788214922
2625	0.016495300456881523
2626	0.014791048131883144
2627	0.0157554242759943
2628	0.01357210148125887
2629	0.011494994163513184
2630	0.01038512121886015
2631	0.0071820663288235664
2632	0.005074042361229658
2633	0.010054907761514187
2634	0.007940568961203098
2635	0.007274623494595289
2636	0.006454050540924072
2637	0.009502011351287365
2638	0.009867679327726364
2639	0.008610920049250126
2640	0.007041212171316147
2641	0.004545846022665501
2642	0.009212857112288475
2643	0.016341937705874443
2644	0.017048867419362068
2645	0.027575397863984108
2646	0.021517446264624596
2647	0.016452454030513763
2648	0.011973247863352299
2649	0.010884604416787624
2650	0.009956948459148407
2651	0.014282221905887127
2652	0.01626897230744362
2653	0.011230704374611378
2654	0.008366264402866364
2655	0.008835713379085064
2656	0.013105801306664944
2657	0.009073588065803051
2658	0.009924418292939663
2659	0.009389335289597511
2660	0.012224549427628517
2661	0.007598354015499353
2662	0.012745792977511883
2663	0.010568383149802685
2664	0.017612427473068237
2665	0.02232884243130684
2666	0.19156302511692047
2667	0.039448875933885574
2668	0.12337453663349152
2669	0.02571549452841282
2670	0.03726823627948761
2671	0.047361403703689575
2672	0.022172123193740845
2673	0.048410624265670776
2674	0.08677052706480026
2675	0.04225041717290878
2676	0.1181822344660759
2677	0.08584751933813095
2678	0.1176036149263382
2679	0.19590914249420166
2680	0.19071532785892487
2681	0.20756590366363525
2682	0.23223459720611572
2683	0.03273795172572136
2684	0.014899134635925293
2685	0.011671467684209347
2686	0.015685873106122017
2687	0.010398457758128643
2688	0.015281960368156433
2689	0.007582422345876694
2690	0.012522897683084011
2691	0.011298083700239658
2692	0.012389104813337326
2693	0.00882258452475071
2694	0.010512723587453365
2695	0.011235784739255905
2696	0.014807340689003468
2697	0.009629439562559128
2698	0.01710820011794567
2699	0.1345541775226593
2700	0.5934451818466187
2701	0.5740547180175781
2702	0.23540034890174866
2703	0.472534716129303
2704	0.4451478123664856
2705	0.6506658792495728
2706	0.44749584794044495
2707	0.3249492347240448
2708	0.17640185356140137
2709	0.12216072529554367
2710	0.19583715498447418
2711	0.5139123797416687
2712	0.4679587483406067
2713	0.6180647015571594
2714	0.6938865780830383
2715	0.7314276695251465
2716	0.6050329804420471
2717	0.6101845502853394
2718	0.7014760375022888
2719	0.6940622329711914
2720	0.7259237170219421
2721	0.6415115594863892
2722	0.6033242344856262
2723	0.5632837414741516
2724	0.7348036170005798
2725	0.7282983064651489
2726	0.517326295375824
2727	0.6608601808547974
2728	0.659855842590332
2729	0.4995637834072113
2730	0.5735622048377991
2731	0.7808683514595032
2732	0.7932924032211304
2733	0.7628780603408813
2734	0.7210792899131775
2735	0.7816510200500488
2736	0.5873044729232788
2737	0.6780189871788025
2738	0.7123307585716248
2739	0.7445639371871948
2740	0.8189834952354431
2741	0.8782503008842468
2742	0.8580830693244934
2743	0.9321611523628235
2744	0.9021212458610535
2745	0.9154661297798157
2746	0.9768199324607849
2747	0.7409390807151794
2748	0.8663881421089172
2749	0.41262632608413696
2750	0.36743268370628357
2751	0.19633369147777557
2752	0.042991384863853455
2753	0.016582177951931953
2754	0.07434818893671036
2755	0.09882941097021103
2756	0.06157636269927025
2757	0.04452680051326752
2758	0.020916761830449104
2759	0.008595826104283333
2760	0.013122855685651302
2761	0.014987175352871418
2762	0.2140638828277588
2763	0.35166558623313904
2764	0.5656026601791382
2765	0.30736324191093445
2766	0.5883201956748962
2767	0.5007011890411377
2768	0.6312577128410339
2769	0.514575183391571
2770	0.43174752593040466
2771	0.41706833243370056
2772	0.038649991154670715
2773	0.054193247109651566
2774	0.016972938552498817
2775	0.01703523099422455
2776	0.292739599943161
2777	0.6089819073677063
2778	0.8969468474388123
2779	0.8179622888565063
2780	0.8627461791038513
2781	0.48253270983695984
2782	0.5408517718315125
2783	0.18177518248558044
2784	0.2515586316585541
2785	0.05448044463992119
2786	0.11015055328607559
2787	0.043032027781009674
2788	0.45566830039024353
2789	0.8222242593765259
2790	0.6486997008323669
2791	0.9612523913383484
2792	0.8100021481513977
2793	0.9028770327568054
2794	0.9472905993461609
2795	0.818729043006897
2796	0.8691458702087402
2797	0.9277636408805847
2798	0.9137730002403259
2799	0.9341049194335938
2800	0.9772310256958008
2801	0.9569918513298035
2802	0.8130866885185242
2803	0.8093748092651367
2804	0.8500472903251648
2805	0.7899640202522278
2806	0.8022153973579407
2807	0.8833566904067993
2808	0.8715378046035767
2809	0.8262428641319275
2810	0.7661537528038025
2811	0.7452427744865417
2812	0.6892099380493164
2813	0.42346516251564026
2814	0.7044156789779663
2815	0.5749439001083374
2816	0.7677801251411438
2817	0.5112655162811279
2818	0.5818819403648376
2819	0.6206977963447571
2820	0.5706841349601746
2821	0.425325483083725
2822	0.22039459645748138
2823	0.07516368478536606
2824	0.021200081333518028
2825	0.012136618606746197
2826	0.014234277419745922
2827	0.011992513202130795
2828	0.013864221051335335
2829	0.010998300276696682
2830	0.009100387804210186
2831	0.0076799714006483555
2832	0.0066993944346904755
2833	0.007363887038081884
2834	0.006189107429236174
2835	0.007120329421013594
2836	0.014316153712570667
2837	0.011841311119496822
2838	0.009562211111187935
2839	0.024161437526345253
2840	0.011354374699294567
2841	0.00842415913939476
2842	0.010969966650009155
2843	0.00915045477449894
2844	0.008589272387325764
2845	0.008089013397693634
2846	0.01022032555192709
2847	0.013864132575690746
2848	0.04853179678320885
2849	0.05378984287381172
2850	0.05560922622680664
2851	0.038376327604055405
2852	0.01696663536131382
2853	0.012677634134888649
2854	0.017104145139455795
2855	0.011745156720280647
2856	0.012009894475340843
2857	0.010716288350522518
2858	0.008893844671547413
2859	0.006886312272399664
2860	0.006681967526674271
2861	0.010155775584280491
2862	0.009112210012972355
2863	0.00804014690220356
2864	0.009375989437103271
2865	0.008195355534553528
2866	0.00887734442949295
2867	0.008424601517617702
2868	0.014367520809173584
2869	0.010708019137382507
2870	0.011049840599298477
2871	0.011594259180128574
2872	0.010377347469329834
2873	0.010414018295705318
2874	0.010344154201447964
2875	0.011054940521717072
2876	0.009954544715583324
2877	0.010160529986023903
2878	0.010162459686398506
2879	0.009265922009944916
2880	0.01009849738329649
2881	0.010465795174241066
2882	0.010146181099116802
2883	0.011084550991654396
2884	0.009606033563613892
2885	0.008428958244621754
2886	0.008852595463395119
2887	0.009231154806911945
2888	0.007723025977611542
2889	0.009063657373189926
2890	0.00959292147308588
2891	0.009122018702328205
2892	0.009689894504845142
2893	0.008941107429564
2894	0.007835183292627335
2895	0.007816885598003864
2896	0.010727300308644772
2897	0.009874063543975353
2898	0.014408272691071033
2899	0.010480685159564018
2900	0.010065278969705105
2901	0.008918903768062592
2902	0.01063453871756792
2903	0.011560079641640186
2904	0.011203618720173836
2905	0.010759892873466015
2906	0.01064956746995449
2907	0.008826049976050854
2908	0.010495120659470558
2909	0.009402014315128326
2910	0.009467250667512417
2911	0.012592527084052563
2912	0.010618731379508972
2913	0.010119889862835407
2914	0.010316363535821438
2915	0.009682347066700459
2916	0.009040245786309242
2917	0.007850234396755695
2918	0.00995135959237814
2919	0.010792126879096031
2920	0.011467612348496914
2921	0.008940769359469414
2922	0.011966625228524208
2923	0.0108057064935565
2924	0.00920744426548481
2925	0.00889595691114664
2926	0.00878566037863493
2927	0.009733155369758606
2928	0.006497688125818968
2929	0.0057043409906327724
2930	0.010813314467668533
2931	0.010380110703408718
2932	0.008769680745899677
2933	0.00895819254219532
2934	0.008921037428081036
2935	0.00943146925419569
2936	0.009102396667003632
2937	0.007968361489474773
2938	0.008413060568273067
2939	0.010906900279223919
2940	0.008284671232104301
2941	0.009716914966702461
2942	0.010921496897935867
2943	0.009310471825301647
2944	0.011170662008225918
2945	0.006638751365244389
2946	0.008849634788930416
2947	0.009573287330567837
2948	0.009887089021503925
2949	0.00857872050255537
2950	0.010443503968417645
2951	0.008625109679996967
2952	0.010994480922818184
2953	0.008641346357762814
2954	0.010782759636640549
2955	0.009549557231366634
2956	0.013174342922866344
2957	0.011056785471737385
2958	0.010004575364291668
2959	0.010121534578502178
2960	0.012165481224656105
2961	0.008846811018884182
2962	0.01064051128923893
2963	0.009989507496356964
2964	0.008984232321381569
2965	0.01115556713193655
2966	0.008649257011711597
2967	0.006811318453401327
2968	0.007267215754836798
2969	0.009815877303481102
2970	0.009214856661856174
2971	0.009388284757733345
2972	0.007750153541564941
2973	0.0054704174399375916
2974	0.009712724015116692
2975	0.007600251119583845
2976	0.009971164166927338
2977	0.009552381932735443
2978	0.00882407184690237
2979	0.007005671504884958
2980	0.008775734342634678
2981	0.009539728052914143
2982	0.00976902712136507
2983	0.011494315229356289
2984	0.013267186470329762
2985	0.012275139801204205
2986	0.009995371103286743
2987	0.008503821678459644
2988	0.010999569669365883
2989	0.0107265654951334
2990	0.014299273490905762
2991	0.01675485260784626
2992	0.018444720655679703
2993	0.020616581663489342
2994	0.02963539958000183
2995	0.04700079560279846
2996	0.0426454059779644
2997	0.03148222714662552
2998	0.059433091431856155
2999	0.07222755998373032
3000	0.038520243018865585
3001	0.04570836201310158
3002	0.09303156286478043
3003	0.10788792371749878
3004	0.08335428684949875
3005	0.2046649008989334
3006	0.12373127043247223
3007	0.06252682954072952
3008	0.02840999700129032
3009	0.06504539400339127
3010	0.08781901746988297
3011	0.027913225814700127
3012	0.033435821533203125
3013	0.019501572474837303
3014	0.01227135956287384
3015	0.024847378954291344
3016	0.017624709755182266
3017	0.025708971545100212
3018	0.015345491468906403
3019	0.018278418108820915
3020	0.010466765612363815
3021	0.011186006478965282
3022	0.006987275090068579
3023	0.006316625978797674
3024	0.006381969433277845
3025	0.006614960730075836
3026	0.005710122641175985
3027	0.0043901014141738415
3028	0.0057634334079921246
3029	0.007330514490604401
3030	0.00692550977692008
3031	0.004951187875121832
3032	0.00700276717543602
3033	0.007813787087798119
3034	0.007052124943584204
3035	0.006374099757522345
3036	0.006319225765764713
3037	0.007309624459594488
3038	0.012900891713798046
3039	0.029057307168841362
3040	0.11038088798522949
3041	0.008888015523552895
3042	0.006835438311100006
3043	0.006457337643951178
3044	0.0045922137796878815
3045	0.007630216423422098
3046	0.009576726704835892
3047	0.008073928765952587
3048	0.008243747055530548
3049	0.008050288073718548
3050	0.00750438729301095
3051	0.008480037562549114
3052	0.011821836233139038
3053	0.007813818752765656
3054	0.01379943173378706
3055	0.016310671344399452
3056	0.026524199172854424
3057	0.02809356525540352
3058	0.07904299348592758
3059	0.5459749102592468
3060	0.10347232967615128
3061	0.07842607796192169
3062	0.15279200673103333
3063	0.3501429855823517
3064	0.11534757912158966
3065	0.16989122331142426
3066	0.7341435551643372
3067	0.7405821681022644
3068	0.7881450057029724
3069	0.7693626880645752
3070	0.6531967520713806
3071	0.7532506585121155
3072	0.2253941148519516
3073	0.17175646126270294
3074	0.13000547885894775
3075	0.05648143216967583
3076	0.15062442421913147
3077	0.2737465500831604
3078	0.16243311762809753
3079	0.31034034490585327
3080	0.1960131973028183
3081	0.045168038457632065
3082	0.10646527260541916
3083	0.30312803387641907
3084	0.359171599149704
3085	0.3125799298286438
3086	0.6428124308586121
3087	0.8065117001533508
3088	0.7948495745658875
3089	0.8667560815811157
3090	0.8932788968086243
3091	0.8799938559532166
3092	0.8448619842529297
3093	0.8715711832046509
3094	0.8105395436286926
3095	0.8453171849250793
3096	0.7154924273490906
3097	0.49418193101882935
3098	0.35617008805274963
3099	0.2721267342567444
3100	0.09090131521224976
3101	0.03164098039269447
3102	0.013907141983509064
3103	0.01600472442805767
3104	0.013438090682029724
3105	0.009931265376508236
3106	0.022163620218634605
3107	0.23352809250354767
3108	0.43798962235450745
3109	0.4787561595439911
3110	0.7638012766838074
3111	0.6934014558792114
3112	0.8389422297477722
3113	0.7732390761375427
3114	0.8576151132583618
3115	0.7732825875282288
3116	0.8256662487983704
3117	0.6434454917907715
3118	0.8038071990013123
3119	0.8945667147636414
3120	0.8700853586196899
3121	0.8930808305740356
3122	0.9342260360717773
3123	0.9386636018753052
3124	0.9124051928520203
3125	0.9371237754821777
3126	0.9670339822769165
3127	0.9006546139717102
3128	0.9458342790603638
3129	0.8735756278038025
3130	0.9351930022239685
3131	0.88124018907547
3132	0.22053857147693634
3133	0.0322759672999382
3134	0.01730925217270851
3135	0.011204471811652184
3136	0.014885458163917065
3137	0.007868046872317791
3138	0.010273545980453491
3139	0.011409218423068523
3140	0.015735164284706116
3141	0.006970835383981466
3142	0.008946520276367664
3143	0.014908084645867348
3144	0.04772026464343071
3145	0.3389144241809845
3146	0.48743802309036255
3147	0.07710278034210205
3148	0.05914440378546715
3149	0.009766328148543835
3150	0.0052377465181052685
3151	0.008012615144252777
3152	0.007583342492580414
3153	0.012593522667884827
3154	0.0058908420614898205
3155	0.007171666715294123
3156	0.008662164211273193
3157	0.008255226537585258
3158	0.006923525128513575
3159	0.00576857291162014
3160	0.006947579327970743
3161	0.006514337845146656
3162	0.0066518946550786495
3163	0.007585939951241016
3164	0.005997357424348593
3165	0.006763343699276447
3166	0.00714531634002924
3167	0.008595920167863369
3168	0.008900567889213562
3169	0.01150560099631548
3170	0.017967287451028824
3171	0.019129550084471703
3172	0.007545931730419397
3173	0.01686735451221466
3174	0.07879133522510529
3175	0.09969251602888107
3176	0.033429600298404694
3177	0.017971139401197433
3178	0.006806531455367804
3179	0.006925554480403662
3180	0.005950665567070246
3181	0.008616271428763866
3182	0.010698526166379452
3183	0.010791786015033722
3184	0.009805932641029358
3185	0.009488781914114952
3186	0.012245840393006802
3187	0.02736560069024563
3188	0.03212237358093262
3189	0.037392135709524155
3190	0.07036938518285751
3191	0.1251920461654663
3192	0.14829087257385254
3193	0.14366796612739563
3194	0.15623687207698822
3195	0.06269437819719315
3196	0.11779998987913132
3197	0.08393196761608124
3198	0.025401342660188675
3199	0.009779505431652069
3200	0.020284725353121758
3201	0.009482969529926777
3202	0.01116193551570177
3203	0.017004190012812614
3204	0.014903339557349682
3205	0.010819301940500736
3206	0.04768241196870804
3207	0.15614473819732666
3208	0.16033700108528137
3209	0.2081533521413803
3210	0.19883354008197784
3211	0.28739798069000244
3212	0.5339265465736389
3213	0.7193467020988464
3214	0.7688823342323303
3215	0.845177948474884
3216	0.8098578453063965
3217	0.7786604166030884
3218	0.8544212579727173
3219	0.7077955007553101
3220	0.7931272983551025
3221	0.7194774150848389
3222	0.3953990042209625
3223	0.25693410634994507
3224	0.12741397321224213
3225	0.10343310981988907
3226	0.0751514732837677
3227	0.05391906574368477
3228	0.16898281872272491
3229	0.028401652351021767
3230	0.023414140567183495
3231	0.021980008110404015
3232	0.20775775611400604
3233	0.27533382177352905
3234	0.5047329664230347
3235	0.8328258395195007
3236	0.9522174000740051
3237	0.98004549741745
3238	0.9635704159736633
3239	0.9418184161186218
3240	0.8485564589500427
3241	0.8088475465774536
3242	0.7902539968490601
3243	0.8170976638793945
3244	0.7562732696533203
3245	0.8578758239746094
3246	0.7802609205245972
3247	0.7645701766014099
3248	0.749936044216156
3249	0.8577664494514465
3250	0.9204056859016418
3251	0.8983486294746399
3252	0.8856412768363953
3253	0.8634809851646423
3254	0.9585028886795044
3255	0.48738929629325867
3256	0.13312213122844696
3257	0.05627065896987915
3258	0.20448990166187286
3259	0.19326089322566986
3260	0.21210716664791107
3261	0.41783905029296875
3262	0.6046187281608582
3263	0.6223896741867065
3264	0.7597702741622925
3265	0.202476367354393
3266	0.6311181783676147
3267	0.8812527060508728
3268	0.059005022048950195
3269	0.006511401385068893
3270	0.006920897867530584
3271	0.006101510021835566
3272	0.010741039179265499
3273	0.009250536561012268
3274	0.007875573821365833
3275	0.0074805873446166515
3276	0.0110422158613801
3277	0.010093843564391136
3278	0.008676912635564804
3279	0.007258897181600332
3280	0.009594311006367207
3281	0.010989177972078323
3282	0.009555825963616371
3283	0.009726411662995815
3284	0.005537241231650114
3285	0.007037048693746328
3286	0.009983506053686142
3287	0.009354638867080212
3288	0.005871877074241638
3289	0.008374740369617939
3290	0.017662422731518745
3291	0.010396021418273449
3292	0.017746850848197937
3293	0.015184292569756508
3294	0.018471766263246536
3295	0.026936063542962074
3296	0.020712075755000114
3297	0.03725538030266762
3298	0.021076379343867302
3299	0.01169661246240139
3300	0.012756884098052979
3301	0.008372641168534756
3302	0.006879046093672514
3303	0.007884484715759754
3304	0.0064780558459460735
3305	0.008725103922188282
3306	0.007623411249369383
3307	0.010630319826304913
3308	0.049262635409832
3309	0.02058880589902401
3310	0.019554702565073967
3311	0.010171227157115936
3312	0.01379293855279684
3313	0.011109263636171818
3314	0.010421563871204853
3315	0.009237443096935749
3316	0.018746521323919296
3317	0.010274413041770458
3318	0.00883412268012762
3319	0.009009209461510181
3320	0.011824582703411579
3321	0.012931696139276028
3322	0.01708352379500866
3323	0.01229626964777708
3324	0.008902116678655148
3325	0.011138382367789745
3326	0.010313661769032478
3327	0.007789114024490118
3328	0.012500437907874584
3329	0.010174298658967018
3330	0.012481039389967918
3331	0.010622646659612656
3332	0.013181659393012524
3333	0.010218019597232342
3334	0.010572205297648907
3335	0.0074760802090168
3336	0.007986440323293209
3337	0.014467748813331127
3338	0.01168475765734911
3339	0.010908856056630611
3340	0.010073564946651459
3341	0.012664057314395905
3342	0.0175885371863842
3343	0.014608106575906277
3344	0.011672036722302437
3345	0.01358378678560257
3346	0.014002084732055664
3347	0.012277343310415745
3348	0.012106225825846195
3349	0.012250353582203388
3350	0.016581228002905846
3351	0.017220064997673035
3352	0.014021513052284718
3353	0.014730322174727917
3354	0.014087572693824768
3355	0.01344415545463562
3356	0.01374137680977583
3357	0.013056459836661816
3358	0.015236690640449524
3359	0.016260014846920967
3360	0.01539080310612917
3361	0.011954903602600098
3362	0.013282588683068752
3363	0.01653083972632885
3364	0.015605591237545013
3365	0.014864844270050526
3366	0.01768418587744236
3367	0.014322245493531227
3368	0.016747552901506424
3369	0.01978810504078865
3370	0.01759485714137554
3371	0.014184797182679176
3372	0.014699548482894897
3373	0.013579735532402992
3374	0.01791168563067913
3375	0.014158779755234718
3376	0.014769665896892548
3377	0.013428757898509502
3378	0.015283745713531971
3379	0.01422217395156622
3380	0.017040519043803215
3381	0.014467805624008179
3382	0.014544296078383923
3383	0.01669071801006794
3384	0.017026051878929138
3385	0.013218785636126995
3386	0.0131904361769557
3387	0.016122084110975266
3388	0.019170476123690605
3389	0.016213858500123024
3390	0.014871576800942421
3391	0.01501269917935133
3392	0.013317614793777466
3393	0.013737703673541546
3394	0.011091751046478748
3395	0.012389100156724453
3396	0.011150838807225227
3397	0.01536196656525135
3398	0.013804989866912365
3399	0.011393832042813301
3400	0.012858688831329346
3401	0.014740781858563423
3402	0.014086730778217316
3403	0.010571511462330818
3404	0.012351182289421558
3405	0.013044948689639568
3406	0.011335253715515137
3407	0.011330297216773033
3408	0.01112914364784956
3409	0.011527287773787975
3410	0.011519665829837322
3411	0.010944475419819355
3412	0.008660519495606422
3413	0.011454924009740353
3414	0.007975026965141296
3415	0.007217875216156244
3416	0.009471872821450233
3417	0.012590298429131508
3418	0.009882885031402111
3419	0.010164028964936733
3420	0.012325052171945572
3421	0.01411622203886509
3422	0.012583382427692413
3423	0.009225857444107533
3424	0.007525031454861164
3425	0.011802665889263153
3426	0.012191674672067165
3427	0.011965095065534115
3428	0.009784149937331676
3429	0.02223912999033928
3430	0.02381664328277111
3431	0.019592998549342155
3432	0.022775346413254738
3433	0.013071483932435513
3434	0.016387993469834328
3435	0.016272271052002907
3436	0.013969996944069862
3437	0.02890031412243843
3438	0.0325828455388546
3439	0.04941291734576225
3440	0.015518242493271828
3441	0.016552049666643143
3442	0.012146377004683018
3443	0.017845403403043747
3444	0.013500354252755642
3445	0.015375993214547634
3446	0.009686872363090515
3447	0.01529394555836916
3448	0.01753617823123932
3449	0.01527567207813263
3450	0.02085384540259838
3451	0.023235445842146873
3452	0.019679678604006767
3453	0.020279034972190857
3454	0.029471058398485184
3455	0.01683947443962097
3456	0.015609899535775185
3457	0.013735800981521606
3458	0.01558627188205719
3459	0.012977552600204945
3460	0.011463429778814316
3461	0.014981821179389954
3462	0.013403571210801601
3463	0.014116394333541393
3464	0.012470426969230175
3465	0.017428893595933914
3466	0.02309512533247471
3467	0.01832861639559269
3468	0.03984072804450989
3469	0.019950484856963158
3470	0.02084541879594326
3471	0.011233440600335598
3472	0.008454199880361557
3473	0.007450297474861145
3474	0.007190711330622435
3475	0.007439924869686365
3476	0.007845114916563034
3477	0.006993274670094252
3478	0.008735827170312405
3479	0.008117051795125008
3480	0.005204553250223398
3481	0.006720569916069508
3482	0.005955912172794342
3483	0.005016472190618515
3484	0.005389654077589512
3485	0.005052529275417328
3486	0.007023280952125788
3487	0.006722383201122284
3488	0.006024400237947702
3489	0.0064347730949521065
3490	0.006475336849689484
3491	0.005206004716455936
3492	0.0052040996961295605
3493	0.006546128541231155
3494	0.004884977824985981
3495	0.005811859853565693
3496	0.006151104345917702
3497	0.006622211541980505
3498	0.006643329747021198
3499	0.004786056932061911
3500	0.006487582810223103
3501	0.004667469300329685
3502	0.004960887599736452
3503	0.0047105285339057446
3504	0.006303664296865463
3505	0.005792343057692051
3506	0.00573554215952754
3507	0.006964635103940964
3508	0.004787076730281115
3509	0.005386242177337408
3510	0.006362955551594496
3511	0.00703668175265193
3512	0.004716330673545599
3513	0.007883252575993538
3514	0.008151007816195488
3515	0.006336878519505262
3516	0.004922189749777317
3517	0.003971745725721121
3518	0.0032322697807103395
3519	0.005389857571572065
3520	0.004822538699954748
3521	0.005271565169095993
3522	0.004551535937935114
3523	0.006340214051306248
3524	0.008320960216224194
3525	0.007316340692341328
3526	0.005963893141597509
3527	0.004645532928407192
3528	0.004708766471594572
3529	0.0048455470241606236
3530	0.005052351392805576
3531	0.005817872937768698
3532	0.006214686669409275
3533	0.005890177097171545
3534	0.006703885737806559
3535	0.006668941583484411
3536	0.007962162606418133
3537	0.010808191262185574
3538	0.01014263741672039
3539	0.01283072866499424
3540	0.02419552020728588
3541	0.021571235731244087
3542	0.028425827622413635
3543	0.05087835714221001
3544	0.027310749515891075
3545	0.0355941466987133
3546	0.050753284245729446
3547	0.045423030853271484
3548	0.04319066181778908
3549	0.12090587615966797
3550	0.08165644854307175
3551	0.11214645951986313
3552	0.2781178951263428
3553	0.3683856725692749
3554	0.44359588623046875
3555	0.3962920904159546
3556	0.4423612654209137
3557	0.4833478629589081
3558	0.6253501176834106
3559	0.661454439163208
3560	0.7182297110557556
3561	0.7253410220146179
3562	0.6735333800315857
3563	0.30912038683891296
3564	0.2617616355419159
3565	0.09889965504407883
3566	0.02752864360809326
3567	0.027193820104002953
3568	0.04269786551594734
3569	0.11829742044210434
3570	0.15349172055721283
3571	0.4199386239051819
3572	0.46420273184776306
3573	0.6893302798271179
3574	0.797387957572937
3575	0.8990423083305359
3576	0.8966438174247742
3577	0.9199585914611816
3578	0.7638051509857178
3579	0.8815199732780457
3580	0.6797756552696228
3581	0.8028194308280945
3582	0.48756009340286255
3583	0.731856107711792
3584	0.5006640553474426
3585	0.5198566317558289
3586	0.5398120284080505
3587	0.5539795756340027
3588	0.7035319209098816
3589	0.5320209860801697
3590	0.7281671762466431
3591	0.7598854303359985
3592	0.8027483820915222
3593	0.7972118258476257
3594	0.7256295680999756
3595	0.8244525790214539
3596	0.7088156938552856
3597	0.72421795129776
3598	0.670436441898346
3599	0.7177146077156067
3600	0.8393368721008301
3601	0.7552071809768677
3602	0.8465965390205383
3603	0.9140471816062927
3604	0.8639000058174133
3605	0.6957821249961853
3606	0.7461011409759521
3607	0.8584274649620056
3608	0.8432394862174988
3609	0.8962985873222351
3610	0.8787893652915955
3611	0.8212848901748657
3612	0.6953399777412415
3613	0.6268075108528137
3614	0.5237188339233398
3615	0.3825940787792206
3616	0.76251620054245
3617	0.3279281258583069
3618	0.2639913260936737
3619	0.07399219274520874
3620	0.02445068582892418
3621	0.024908369407057762
3622	0.04418416693806648
3623	0.06036369875073433
3624	0.07875224202871323
3625	0.3771260678768158
3626	0.8086566925048828
3627	0.9059892892837524
3628	0.891819953918457
3629	0.8977113962173462
3630	0.9320085644721985
3631	0.7244300246238708
3632	0.6042718887329102
3633	0.11089997738599777
3634	0.08573072403669357
3635	0.10977476835250854
3636	0.2213398665189743
3637	0.20181822776794434
3638	0.1101846918463707
3639	0.10658814758062363
3640	0.5282235741615295
3641	0.5062187314033508
3642	0.5919142961502075
3643	0.4667068123817444
3644	0.5989737510681152
3645	0.059725213795900345
3646	0.01937820389866829
3647	0.008565686643123627
3648	0.008453785441815853
3649	0.009805391542613506
3650	0.012041549198329449
3651	0.007459886372089386
3652	0.007961940951645374
3653	0.005614687222987413
3654	0.007406671531498432
3655	0.011235672049224377
3656	0.010403512977063656
3657	0.016280679032206535
3658	0.015352407470345497
3659	0.02138625644147396
3660	0.015452382154762745
3661	0.012911110185086727
3662	0.011359380558133125
3663	0.012200812809169292
3664	0.016480067744851112
3665	0.0124207129701972
3666	0.01025737076997757
3667	0.013676044531166553
3668	0.010841761715710163
3669	0.013698524795472622
3670	0.016045356169342995
3671	0.017179181799292564
3672	0.017184410244226456
3673	0.016398603096604347
3674	0.0203547403216362
3675	0.015976864844560623
3676	0.019789760932326317
3677	0.01862548664212227
3678	0.01963699236512184
3679	0.020579760894179344
3680	0.020420249551534653
3681	0.0187740009278059
3682	0.01587218977510929
3683	0.02031707391142845
3684	0.017597859725356102
3685	0.019715730100870132
3686	0.02178294025361538
3687	0.018338019028306007
3688	0.02060423605144024
3689	0.015609639696776867
3690	0.017166728153824806
3691	0.01500824373215437
3692	0.014969033189117908
3693	0.013736928813159466
3694	0.012273534201085567
3695	0.01503835804760456
3696	0.01689724437892437
3697	0.014401418156921864
3698	0.011902195401489735
3699	0.012564747594296932
3700	0.011180938221514225
3701	0.009680506773293018
3702	0.010660822503268719
3703	0.011056439019739628
3704	0.008892805315554142
3705	0.012731646187603474
3706	0.012792584486305714
3707	0.012394146993756294
3708	0.014085243456065655
3709	0.009317678399384022
3710	0.009481447748839855
3711	0.010407325811684132
3712	0.009743355214595795
3713	0.010307577438652515
3714	0.009888862259685993
3715	0.010633322410285473
3716	0.022548561915755272
3717	0.014316937886178493
3718	0.01778322272002697
3719	0.014889681711792946
3720	0.013427147641777992
3721	0.018380064517259598
3722	0.015524766407907009
3723	0.012869158759713173
3724	0.013328802771866322
3725	0.014157368801534176
3726	0.011682857759296894
3727	0.01343392301350832
3728	0.014524668455123901
3729	0.014112350530922413
3730	0.01522777695208788
3731	0.01317077036947012
3732	0.017607929185032845
3733	0.031080791726708412
3734	0.024072516709566116
3735	0.0646805539727211
3736	0.02009354718029499
3737	0.023516178131103516
3738	0.03734397515654564
3739	0.019433438777923584
3740	0.01971573568880558
3741	0.012334607541561127
3742	0.007692211773246527
3743	0.009969505481421947
3744	0.005835680291056633
3745	0.006851910147815943
3746	0.005843730177730322
3747	0.00891684740781784
3748	0.004368034657090902
3749	0.007123106624931097
3750	0.006050783675163984
3751	0.005302957724779844
3752	0.003973918501287699
3753	0.0043920306488871574
3754	0.00482928054407239
3755	0.004734016489237547
3756	0.0048142531886696815
3757	0.005548941437155008
3758	0.00482214568182826
3759	0.005131538491696119
3760	0.005949968006461859
3761	0.005254761315882206
3762	0.0056722345761954784
3763	0.005916915368288755
3764	0.006903016474097967
3765	0.0057973978109657764
3766	0.008737735450267792
3767	0.007747972849756479
3768	0.007943394593894482
3769	0.008551484905183315
3770	0.009727721102535725
3771	0.0063019320368766785
3772	0.00920675415545702
3773	0.009126259945333004
3774	0.013409939594566822
3775	0.008464197628200054
3776	0.010825845412909985
3777	0.008102948777377605
3778	0.009690612554550171
3779	0.00861752312630415
3780	0.009845545515418053
3781	0.007989294826984406
3782	0.008203505538403988
3783	0.007483800407499075
3784	0.007302714977413416
3785	0.008814187720417976
3786	0.009903105907142162
3787	0.008549027144908905
3788	0.009231108240783215
3789	0.011729572899639606
3790	0.012326029129326344
3791	0.01498094480484724
3792	0.01601763628423214
3793	0.017831848934292793
3794	0.011768678203225136
3795	0.011585778556764126
3796	0.015143759548664093
3797	0.01179573405534029
3798	0.006016081664711237
3799	0.007922596298158169
3800	0.010262860916554928
3801	0.00789490807801485
3802	0.007674294989556074
3803	0.01130294892936945
3804	0.01126615609973669
3805	0.00927721243351698
3806	0.00916162971407175
3807	0.011596006341278553
3808	0.012731012888252735
3809	0.0139761408790946
3810	0.01117545273154974
3811	0.014495854265987873
3812	0.014788291417062283
3813	0.012133009731769562
3814	0.014213161543011665
3815	0.02040654979646206
3816	0.01857118122279644
3817	0.02024143747985363
3818	0.0176535714417696
3819	0.02373083308339119
3820	0.0162942074239254
3821	0.02970949374139309
3822	0.037248771637678146
3823	0.0372471809387207
3824	0.02167242206633091
3825	0.03518999367952347
3826	0.05404554679989815
3827	0.028932858258485794
3828	0.027632951736450195
3829	0.07291130721569061
3830	0.045453447848558426
3831	0.06806754320859909
3832	0.043624408543109894
3833	0.062404971569776535
3834	0.07539083808660507
3835	0.04057224839925766
3836	0.2129649668931961
3837	0.24017809331417084
3838	0.23575928807258606
3839	0.07836347818374634
3840	0.13058175146579742
3841	0.10972070693969727
3842	0.09552489966154099
3843	0.2021414041519165
3844	0.3051604926586151
3845	0.23400335013866425
3846	0.3042556941509247
3847	0.16682028770446777
3848	0.06910901516675949
3849	0.047073688358068466
3850	0.042061399668455124
3851	0.017277399078011513
3852	0.014204959385097027
3853	0.011279537342488766
3854	0.015319961123168468
3855	0.02209911309182644
3856	0.015582931227982044
3857	0.05536907911300659
3858	0.09726700186729431
3859	0.04839082807302475
3860	0.03446432948112488
3861	0.05203899368643761
3862	0.036839354783296585
3863	0.055484067648649216
3864	0.042874712496995926
3865	0.052985310554504395
3866	0.07741787284612656
3867	0.06717323511838913
3868	0.21829397976398468
3869	0.3290749192237854
3870	0.48839330673217773
3871	0.23028087615966797
3872	0.5816025733947754
3873	0.34166479110717773
3874	0.7956253290176392
3875	0.9488601684570312
3876	0.9186588525772095
3877	0.8581669926643372
3878	0.702716052532196
3879	0.8705536723136902
3880	0.8236995935440063
3881	0.4051074981689453
3882	0.2621384561061859
3883	0.10801829397678375
3884	0.18989630043506622
3885	0.20046308636665344
3886	0.13225392997264862
3887	0.05455125495791435
3888	0.09393658488988876
3889	0.06312691420316696
3890	0.09922319650650024
3891	0.5418161153793335
3892	0.706690788269043
3893	0.6327957510948181
3894	0.44167453050613403
3895	0.759331226348877
3896	0.6224481463432312
3897	0.23240481317043304
3898	0.5405303835868835
3899	0.3003176748752594
3900	0.5385586023330688
3901	0.5524185299873352
3902	0.4562484920024872
3903	0.24720004200935364
3904	0.4335920512676239
3905	0.4853877127170563
3906	0.5224108695983887
3907	0.3707832098007202
3908	0.26070457696914673
3909	0.23128798604011536
3910	0.21449565887451172
3911	0.4429588317871094
3912	0.6561105847358704
3913	0.778299868106842
3914	0.8148550391197205
3915	0.6491543650627136
3916	0.7738641500473022
3917	0.775511622428894
3918	0.6395623087882996
3919	0.5624018907546997
3920	0.33106639981269836
3921	0.036717407405376434
3922	0.048861511051654816
3923	0.016939882189035416
3924	0.014710408635437489
3925	0.012641298584640026
3926	0.01248524896800518
3927	0.016407182440161705
3928	0.012170969508588314
3929	0.016629282385110855
3930	0.01058261003345251
3931	0.012828605249524117
3932	0.01816629432141781
3933	0.014272413216531277
3934	0.017603619024157524
3935	0.012252958491444588
3936	0.014113331213593483
3937	0.009590494446456432
3938	0.013316014781594276
3939	0.013119501061737537
3940	0.01382762473076582
3941	0.012292883358895779
3942	0.01496260054409504
3943	0.012748452834784985
3944	0.014470206573605537
3945	0.010414035990834236
3946	0.013390791602432728
3947	0.011318364180624485
3948	0.010485619306564331
3949	0.0077559626661241055
3950	0.013285505585372448
3951	0.00956851989030838
3952	0.01898813061416149
3953	0.009481078945100307
3954	0.016228143125772476
3955	0.01163529884070158
3956	0.012098497711122036
3957	0.008564352989196777
3958	0.011997158639132977
3959	0.009215941652655602
3960	0.012675962410867214
3961	0.009015969932079315
3962	0.008449983783066273
3963	0.006964662577956915
3964	0.01313967164605856
3965	0.013339998200535774
3966	0.02169240638613701
3967	0.009615114890038967
3968	0.016865208745002747
3969	0.009218505583703518
3970	0.009621239267289639
3971	0.012271822430193424
3972	0.011211514472961426
3973	0.012876078486442566
3974	0.01251672487705946
3975	0.009984145872294903
3976	0.012037666514515877
3977	0.015521344728767872
3978	0.011337503790855408
3979	0.011191337369382381
3980	0.012201415374875069
3981	0.011795178055763245
3982	0.01116876769810915
3983	0.010767931118607521
3984	0.015746114775538445
3985	0.008863020688295364
3986	0.016452187672257423
3987	0.011281116865575314
3988	0.011378702707588673
3989	0.00926706101745367
3990	0.01378739532083273
3991	0.015129722654819489
3992	0.016582993790507317
3993	0.01535325963050127
3994	0.014841298572719097
3995	0.012957118451595306
3996	0.010824850760400295
3997	0.012196463532745838
3998	0.012227441184222698
3999	0.011437538079917431
4000	0.018933622166514397
4001	0.010357397608458996
4002	0.010281852446496487
4003	0.009082387201488018
4004	0.009729810059070587
4005	0.011202972382307053
4006	0.009493043646216393
4007	0.008477047085762024
4008	0.010320903733372688
4009	0.009416480548679829
4010	0.00640818802639842
4011	0.01189530361443758
4012	0.01048631127923727
4013	0.013705904595553875
4014	0.017161691561341286
4015	0.012261736206710339
4016	0.009778251871466637
4017	0.014600939117372036
4018	0.01993693970143795
4019	0.021206023171544075
4020	0.01093996036797762
4021	0.024373656138777733
4022	0.012697244063019753
4023	0.010468932799994946
4024	0.009482519701123238
4025	0.009006362408399582
4026	0.00995635986328125
4027	0.009240658953785896
4028	0.008441048674285412
4029	0.007732330355793238
4030	0.007234235294163227
4031	0.005632159300148487
4032	0.007046308368444443
4033	0.007248211652040482
4034	0.006679912097752094
4035	0.0080574257299304
4036	0.006546545308083296
4037	0.006726764142513275
4038	0.005991082638502121
4039	0.006291294004768133
4040	0.005840282887220383
4041	0.005988216958940029
4042	0.005289390683174133
4043	0.0051749697886407375
4044	0.006154387257993221
4045	0.007784218527376652
4046	0.004609287716448307
4047	0.0036670982372015715
4048	0.0048196762800216675
4049	0.005652530584484339
4050	0.005527323577553034
4051	0.0054385666735470295
4052	0.005061068572103977
4053	0.004261751193553209
4054	0.005104897078126669
4055	0.004725540056824684
4056	0.005354123655706644
4057	0.005141390487551689
4058	0.0046207294799387455
4059	0.00524935033172369
4060	0.004649606999009848
4061	0.004839831031858921
4062	0.004094358999282122
4063	0.004105290863662958
4064	0.005012107081711292
4065	0.005442691035568714
4066	0.004790935665369034
4067	0.005056052468717098
4068	0.005251196213066578
4069	0.006489444058388472
4070	0.00659977737814188
4071	0.007151604630053043
4072	0.006364443339407444
4073	0.005615911912173033
4074	0.008973099291324615
4075	0.007253204472362995
4076	0.00930429995059967
4077	0.01747838594019413
4078	0.019803905859589577
4079	0.03007149137556553
4080	0.06316323578357697
4081	0.17657698690891266
4082	0.19929493963718414
4083	0.5832815766334534
4084	0.11768374592065811
4085	0.040106918662786484
4086	0.1751154512166977
4087	0.07325784862041473
4088	0.11492260545492172
4089	0.1396181583404541
4090	0.19624128937721252
4091	0.15204723179340363
4092	0.09646573662757874
4093	0.1549181491136551
4094	0.25450262427330017
4095	0.18140894174575806
4096	0.08903104066848755
4097	0.25238141417503357
4098	0.28357911109924316
4099	0.3740966022014618
4100	0.34670448303222656
4101	0.46505385637283325
4102	0.6887950897216797
4103	0.705912709236145
4104	0.848789632320404
4105	0.7642380595207214
4106	0.735107421875
4107	0.04320090636610985
4108	0.529777467250824
4109	0.6585423350334167
4110	0.8540298342704773
4111	0.7741262316703796
4112	0.7713180184364319
4113	0.8477077484130859
4114	0.8603014349937439
4115	0.8876761794090271
4116	0.9057653546333313
4117	0.8615716099739075
4118	0.8734291195869446
4119	0.8309795260429382
4120	0.8436727523803711
4121	0.8270881772041321
4122	0.9162394404411316
4123	0.8772422075271606
4124	0.7274870276451111
4125	0.7495750784873962
4126	0.7861239314079285
4127	0.7022678256034851
4128	0.5984804034233093
4129	0.11430443823337555
4130	0.4298864006996155
4131	0.464595228433609
4132	0.62323397397995
4133	0.22235028445720673
4134	0.07705044001340866
4135	0.26899829506874084
4136	0.6360247731208801
4137	0.4866641163825989
4138	0.7397260069847107
4139	0.8317809104919434
4140	0.5949017405509949
4141	0.3402279317378998
4142	0.09782085567712784
4143	0.09723591804504395
4144	0.05927354842424393
4145	0.025214344263076782
4146	0.028697336092591286
4147	0.016327176243066788
4148	0.016970062628388405
4149	0.010278959758579731
4150	0.013384698890149593
4151	0.01753549464046955
4152	0.02127249911427498
4153	0.07542907446622849
4154	0.4413154721260071
4155	0.7521968483924866
4156	0.7817880511283875
4157	0.7623066306114197
4158	0.8651674389839172
4159	0.8072523474693298
4160	0.8660507202148438
4161	0.11017537117004395
4162	0.11082474142313004
4163	0.3589775264263153
4164	0.39867183566093445
4165	0.26645627617836
4166	0.13133326172828674
4167	0.22701478004455566
4168	0.3518593907356262
4169	0.4981921315193176
4170	0.8368914723396301
4171	0.8108178973197937
4172	0.701246440410614
4173	0.8308627009391785
4174	0.7802791595458984
4175	0.6552711725234985
4176	0.1683148592710495
4177	0.17308329045772552
4178	0.04398959502577782
4179	0.018222711980342865
4180	0.012824100442230701
4181	0.008764836005866528
4182	0.01349044032394886
4183	0.008817436173558235
4184	0.00965557899326086
4185	0.008682411164045334
4186	0.010520449839532375
4187	0.010250897146761417
4188	0.009191540069878101
4189	0.010748741216957569
4190	0.013040627352893353
4191	0.009895650669932365
4192	0.020882878452539444
4193	0.14151719212532043
4194	0.743783175945282
4195	0.6791624426841736
4196	0.9249240159988403
4197	0.91424560546875
4198	0.7838672995567322
4199	0.8716952204704285
4200	0.8772918581962585
4201	0.7772671580314636
4202	0.7745203375816345
4203	0.8314499258995056
4204	0.9201123118400574
4205	0.8332365155220032
4206	0.7396067976951599
4207	0.6996469497680664
4208	0.4299929141998291
4209	0.17287835478782654
4210	0.22719986736774445
4211	0.3452807068824768
4212	0.261706680059433
4213	0.5239471793174744
4214	0.3904900550842285
4215	0.263898104429245
4216	0.10068722069263458
4217	0.02488507702946663
4218	0.023813260719180107
4219	0.012334446422755718
4220	0.010947059839963913
4221	0.009808504953980446
4222	0.011662486009299755
4223	0.011574216187000275
4224	0.015785638242959976
4225	0.012123736552894115
4226	0.011738833971321583
4227	0.009867744520306587
4228	0.013905766420066357
4229	0.00830621924251318
4230	0.008002646267414093
4231	0.009526259265840054
4232	0.012920305132865906
4233	0.006279412191361189
4234	0.009439450688660145
4235	0.007815836928784847
4236	0.013182527385652065
4237	0.012571391649544239
4238	0.012411097064614296
4239	0.0107362549751997
4240	0.014122189953923225
4241	0.01141094695776701
4242	0.010146756656467915
4243	0.010015665553510189
4244	0.012891788966953754
4245	0.010670471005141735
4246	0.009094192646443844
4247	0.012880915775895119
4248	0.011749855242669582
4249	0.008927769027650356
4250	0.005567555781453848
4251	0.006688218098133802
4252	0.0055760410614311695
4253	0.006754778325557709
4254	0.0066540176048874855
4255	0.00937464740127325
4256	0.005903418175876141
4257	0.008027776144444942
4258	0.00853104330599308
4259	0.009583217091858387
4260	0.014974168501794338
4261	0.010000884532928467
4262	0.010229560546576977
4263	0.008425476960837841
4264	0.007054148707538843
4265	0.007033792324364185
4266	0.010117428377270699
4267	0.009950480423867702
4268	0.009562789462506771
4269	0.009358732029795647
4270	0.010414712131023407
4271	0.007022298872470856
4272	0.009018167853355408
4273	0.010134630836546421
4274	0.009456380270421505
4275	0.009754790924489498
4276	0.009267165325582027
4277	0.009794475510716438
4278	0.009783848188817501
4279	0.014212722890079021
4280	0.022741084918379784
4281	0.018587127327919006
4282	0.02300943434238434
4283	0.023847544565796852
4284	0.01924770139157772
4285	0.01955084502696991
4286	0.016419662162661552
4287	0.011560586281120777
4288	0.014972195029258728
4289	0.013352595269680023
4290	0.014163252897560596
4291	0.01076464168727398
4292	0.01580013893544674
4293	0.011907125823199749
4294	0.010882128030061722
4295	0.015613957308232784
4296	0.00913967750966549
4297	0.00813740398734808
4298	0.009763411246240139
4299	0.00935730617493391
4300	0.013371284119784832
4301	0.01350442785769701
4302	0.009360539726912975
4303	0.006945004221051931
4304	0.0058538042940199375
4305	0.00780419772490859
4306	0.008381797932088375
4307	0.011446299031376839
4308	0.010048349387943745
4309	0.009024222381412983
4310	0.017574921250343323
4311	0.009686713106930256
4312	0.022956466302275658
4313	0.008499737828969955
4314	0.007233846466988325
4315	0.008125875145196915
4316	0.008268184028565884
4317	0.009173348546028137
4318	0.010342857800424099
4319	0.011846563778817654
4320	0.01566026546061039
4321	0.012010554783046246
4322	0.008599232882261276
4323	0.0073496028780937195
4324	0.009356707334518433
4325	0.01168129313737154
4326	0.011811749078333378
4327	0.01790059171617031
4328	0.031759828329086304
4329	0.008490697480738163
4330	0.00747676333412528
4331	0.00932152010500431
4332	0.007295589428395033
4333	0.00770448986440897
4334	0.010136904194951057
4335	0.007345225661993027
4336	0.007188695948570967
4337	0.00717195263132453
4338	0.0072683836333453655
4339	0.005880656186491251
4340	0.007797664497047663
4341	0.010889391414821148
4342	0.0098833367228508
4343	0.01191085483878851
4344	0.010144631378352642
4345	0.006909510586410761
4346	0.006650542374700308
4347	0.006705911364406347
4348	0.006344527006149292
4349	0.0059763360768556595
4350	0.004874199628829956
4351	0.007618877571076155
4352	0.008071585558354855
4353	0.010025101713836193
4354	0.007636418100446463
4355	0.007313225418329239
4356	0.0059866770170629025
4357	0.009030178189277649
4358	0.008230209350585938
4359	0.005786742549389601
4360	0.007662095129489899
4361	0.0073461271822452545
4362	0.006012787111103535
4363	0.006405740510672331
4364	0.0069980197586119175
4365	0.006168821360915899
4366	0.008071095682680607
4367	0.007387819234281778
4368	0.008144943974912167
4369	0.008327721618115902
4370	0.008119156584143639
4371	0.007061597891151905
4372	0.007322944700717926
4373	0.006834870669990778
4374	0.006105643697082996
4375	0.007835539057850838
4376	0.007299938704818487
4377	0.009337314404547215
4378	0.008922731503844261
4379	0.007715550251305103
4380	0.007105291821062565
4381	0.006553900893777609
4382	0.006765931844711304
4383	0.006819726433604956
4384	0.005492048803716898
4385	0.005208336282521486
4386	0.005276295822113752
4387	0.00613500876352191
4388	0.004502199590206146
4389	0.005254051182419062
4390	0.00491332495585084
4391	0.00520666828379035
4392	0.005138632841408253
4393	0.00526411784812808
4394	0.005020791199058294
4395	0.004915864672511816
4396	0.004614120349287987
4397	0.005219442304223776
4398	0.004535146057605743
4399	0.004498532507568598
4400	0.0041681271977722645
4401	0.004573111888021231
4402	0.006455926690250635
4403	0.004538398701697588
4404	0.004345327615737915
4405	0.0034853273537009954
4406	0.0027196842711418867
4407	0.003518897807225585
4408	0.003157495055347681
4409	0.0031885162461549044
4410	0.0049729193560779095
4411	0.003502301871776581
4412	0.003847446758300066
4413	0.003865472972393036
4414	0.005260678473860025
4415	0.005213193129748106
4416	0.0055268676951527596
4417	0.0057825311087071896
4418	0.005432195495814085
4419	0.0053199343383312225
4420	0.005536862649023533
4421	0.006223786156624556
4422	0.00651403097435832
4423	0.00796786230057478
4424	0.007745340466499329
4425	0.00792676955461502
4426	0.007335586939007044
4427	0.009688961319625378
4428	0.008377398364245892
4429	0.007933790795505047
4430	0.01175377145409584
4431	0.025470320135354996
4432	0.024973493069410324
4433	0.08722534030675888
4434	0.06518267840147018
4435	0.09416922181844711
4436	0.13369245827198029
4437	0.1506851762533188
4438	0.19420480728149414
4439	0.37246257066726685
4440	0.33065149188041687
4441	0.32126328349113464
4442	0.2838931977748871
4443	0.38804665207862854
4444	0.38313254714012146
4445	0.4250093996524811
4446	0.3656570017337799
4447	0.2677821218967438
4448	0.4765941798686981
4449	0.5071700811386108
4450	0.45428189635276794
4451	0.4082721769809723
4452	0.4371923506259918
4453	0.34380805492401123
4454	0.5393194556236267
4455	0.32104918360710144
4456	0.5063584446907043
4457	0.5955236554145813
4458	0.778667151927948
4459	0.8213135600090027
4460	0.8870317339897156
4461	0.5773584246635437
4462	0.7016292810440063
4463	0.6974150538444519
4464	0.7434923052787781
4465	0.7808447480201721
4466	0.931256890296936
4467	0.7319687008857727
4468	0.8468421101570129
4469	0.9107199907302856
4470	0.9471494555473328
4471	0.8217426538467407
4472	0.9359278082847595
4473	0.9113903045654297
4474	0.816743016242981
4475	0.6894654631614685
4476	0.6903820037841797
4477	0.8363030552864075
4478	0.7349190711975098
4479	0.8535019159317017
4480	0.9439107775688171
4481	0.6300910115242004
4482	0.9056041836738586
4483	0.8300768733024597
4484	0.8445300459861755
4485	0.6826297640800476
4486	0.7346650958061218
4487	0.7584847211837769
4488	0.855254590511322
4489	0.9097232818603516
4490	0.9128620028495789
4491	0.7703361511230469
4492	0.9157058596611023
4493	0.8842029571533203
4494	0.8756851553916931
4495	0.7389013171195984
4496	0.9160035252571106
4497	0.9037485122680664
4498	0.8386633992195129
4499	0.8408805727958679
4500	0.8137809634208679
4501	0.9220744967460632
4502	0.9240946173667908
4503	0.8978193402290344
4504	0.9080085754394531
4505	0.831449031829834
4506	0.909427285194397
4507	0.8344964385032654
4508	0.8864753842353821
4509	0.830389678478241
4510	0.8496295809745789
4511	0.8800796866416931
4512	0.857940673828125
4513	0.9481592178344727
4514	0.8452378511428833
4515	0.8871431350708008
4516	0.7663077116012573
4517	0.8394151926040649
4518	0.9202374815940857
4519	0.8791271448135376
4520	0.858005166053772
4521	0.9097713828086853
4522	0.9251012802124023
4523	0.901374340057373
4524	0.9252262115478516
4525	0.8824267387390137
4526	0.8462015986442566
4527	0.8101768493652344
4528	0.9586252570152283
4529	0.8402406573295593
4530	0.8742889761924744
4531	0.8092171549797058
4532	0.7102506160736084
4533	0.8850228190422058
4534	0.8522284626960754
4535	0.7846623659133911
4536	0.8489200472831726
4537	0.858788013458252
4538	0.7848387360572815
4539	0.5978352427482605
4540	0.6814944744110107
4541	0.47934389114379883
4542	0.786236047744751
4543	0.7800790667533875
4544	0.7900182604789734
4545	0.9037768244743347
4546	0.8960214853286743
4547	0.8329684138298035
4548	0.9382200241088867
4549	0.8511447310447693
4550	0.7273870706558228
4551	0.4564628601074219
4552	0.2743838131427765
4553	0.10168220847845078
4554	0.07822063565254211
4555	0.1479099988937378
4556	0.17547498643398285
4557	0.05915442854166031
4558	0.0667610615491867
4559	0.022524340078234673
4560	0.01759914495050907
4561	0.017945630475878716
4562	0.016158850863575935
4563	0.012842905707657337
4564	0.02507193759083748
4565	0.02279171161353588
4566	0.06405619531869888
4567	0.4139472544193268
4568	0.793829083442688
4569	0.7357608079910278
4570	0.8203086853027344
4571	0.894415557384491
4572	0.8986455798149109
4573	0.8193298578262329
4574	0.913043200969696
4575	0.40249648690223694
4576	0.5329627394676208
4577	0.7300198674201965
4578	0.9417975544929504
4579	0.7275064587593079
4580	0.9252142310142517
4581	0.7125453352928162
4582	0.6922306418418884
4583	0.1528787612915039
4584	0.015516757033765316
4585	0.012381288222968578
4586	0.010233013890683651
4587	0.010519097559154034
4588	0.007986507378518581
4589	0.01019936241209507
4590	0.009523112326860428
4591	0.008680934086441994
4592	0.007339011412113905
4593	0.006813816726207733
4594	0.00847685243934393
4595	0.008046579547226429
4596	0.009044939652085304
4597	0.009563754312694073
4598	0.011465598829090595
4599	0.010933567769825459
4600	0.013174436055123806
4601	0.0113965580239892
4602	0.010325999930500984
4603	0.0071539850905537605
4604	0.01128360629081726
4605	0.006987076252698898
4606	0.007726392243057489
4607	0.03653307631611824
4608	0.9731853604316711
4609	0.8274070620536804
4610	0.8765465617179871
4611	0.8226227164268494
4612	0.8716264963150024
4613	0.33942195773124695
4614	0.3984937369823456
4615	0.18202300369739532
4616	0.22513161599636078
4617	0.11214587837457657
4618	0.10239630937576294
4619	0.07079049199819565
4620	0.0853549987077713
4621	0.03757922351360321
4622	0.06186223775148392
4623	0.028632506728172302
4624	0.020698552951216698
4625	0.039907410740852356
4626	0.025081366300582886
4627	0.025081021711230278
4628	0.024807026609778404
4629	0.04516347497701645
4630	0.06205016374588013
4631	0.09227589517831802
4632	0.20971627533435822
4633	0.18908222019672394
4634	0.48540979623794556
4635	0.6559779047966003
4636	0.9061169028282166
4637	0.8518280386924744
4638	0.9575075507164001
4639	0.9578434228897095
4640	0.9823055267333984
4641	0.868340015411377
4642	0.9148551821708679
4643	0.878482460975647
4644	0.9692954421043396
4645	0.7993547320365906
4646	0.8517038226127625
4647	0.5220333933830261
4648	0.09221557527780533
4649	0.19301532208919525
4650	0.40379562973976135
4651	0.31340405344963074
4652	0.10362136363983154
4653	0.048305727541446686
4654	0.017580728977918625
4655	0.01505772303789854
4656	0.03669143468141556
4657	0.08563357591629028
4658	0.29726600646972656
4659	0.5025215148925781
4660	0.25545474886894226
4661	0.01979701966047287
4662	0.019657274708151817
4663	0.017876138910651207
4664	0.0655706599354744
4665	0.182024285197258
4666	0.45451441407203674
4667	0.3714258372783661
4668	0.3595524728298187
4669	0.2465496063232422
4670	0.21236880123615265
4671	0.02188115566968918
4672	0.01790529489517212
4673	0.014430073089897633
4674	0.015059053897857666
4675	0.016705723479390144
4676	0.01121861208230257
4677	0.012037448585033417
4678	0.016471339389681816
4679	0.01568653993308544
4680	0.01838850788772106
4681	0.019617924466729164
4682	0.012144087813794613
4683	0.010062840767204762
4684	0.8076086044311523
4685	0.7813798785209656
4686	0.007435509469360113
4687	0.007163225207477808
4688	0.014516318216919899
4689	0.007954453118145466
4690	0.008499016985297203
4691	0.013249166309833527
4692	0.01841483823955059
4693	0.028031999245285988
4694	0.023529160767793655
4695	0.05392274260520935
4696	0.030207980424165726
4697	0.02229897305369377
4698	0.021191904321312904
4699	0.021219149231910706
4700	0.016635436564683914
4701	0.012931430712342262
4702	0.011178259737789631
4703	0.025125840678811073
4704	0.014842885546386242
4705	0.034848570823669434
4706	0.025747686624526978
4707	0.0456412099301815
4708	0.02535899356007576
4709	0.04017209634184837
4710	0.12506453692913055
4711	0.04769662767648697
4712	0.04334179311990738
4713	0.0353066623210907
4714	0.030090350657701492
4715	0.03896421939134598
4716	0.016494492068886757
4717	0.026171645149588585
4718	0.023814914748072624
4719	0.01543146651238203
4720	0.009706578217446804
4721	0.012154420837759972
4722	0.005583416670560837
4723	0.00916669424623251
4724	0.006273849401623011
4725	0.008497477509081364
4726	0.010000903159379959
4727	0.008008944801986217
4728	0.013405314646661282
4729	0.011873714625835419
4730	0.008610926568508148
4731	0.007070023566484451
4732	0.00865048635751009
4733	0.010829634964466095
4734	0.013010268099606037
4735	0.008223258890211582
4736	0.02259659767150879
4737	0.008431858383119106
4738	0.010765599086880684
4739	0.008497334085404873
4740	0.010533811524510384
4741	0.008761707693338394
4742	0.012005207128822803
4743	0.009885589592158794
4744	0.012579224072396755
4745	0.008997393772006035
4746	0.00841619074344635
4747	0.009041257202625275
4748	0.009618699550628662
4749	0.014817491173744202
4750	0.011123016476631165
4751	0.01106198038905859
4752	0.006320855114609003
4753	0.00879577361047268
4754	0.008858946152031422
4755	0.005894654430449009
4756	0.006919367704540491
4757	0.005565593484789133
4758	0.006871126592159271
4759	0.005925818812102079
4760	0.006175983231514692
4761	0.006196155678480864
4762	0.006624882109463215
4763	0.0058518643490970135
4764	0.004603621084243059
4765	0.005800967570394278
4766	0.004748933482915163
4767	0.005443246103823185
4768	0.004943621810525656
4769	0.005695330444723368
4770	0.007243091706186533
4771	0.006748198997229338
4772	0.00732994033023715
4773	0.007327786181122065
4774	0.0072791739366948605
4775	0.014397862367331982
4776	0.006458185613155365
4777	0.01562516950070858
4778	0.019710712134838104
4779	0.02543959952890873
4780	0.04411434754729271
4781	0.05575702711939812
4782	0.03337601572275162
4783	0.08965973556041718
4784	0.09644901007413864
4785	0.15090744197368622
4786	0.06197405979037285
4787	0.06591857969760895
4788	0.07544656097888947
4789	0.061152637004852295
4790	0.17067699134349823
4791	0.09400162845849991
4792	0.1500338315963745
4793	0.11926199495792389
4794	0.18740537762641907
4795	0.13917265832424164
4796	0.31914934515953064
4797	0.1595461219549179
4798	0.3027239739894867
4799	0.4838588833808899
4800	0.42526665329933167
4801	0.3408605456352234
4802	0.47704488039016724
4803	0.4454699456691742
4804	0.13712143898010254
4805	0.10051659494638443
4806	0.012649026699364185
4807	0.02105213887989521
4808	0.023022564128041267
4809	0.015620307996869087
4810	0.01614953577518463
4811	0.018542280420660973
4812	0.01390761137008667
4813	0.019582990556955338
4814	0.0552375502884388
4815	0.10441470146179199
4816	0.22154073417186737
4817	0.601775050163269
4818	0.8472963571548462
4819	0.8418580889701843
4820	0.9056962132453918
4821	0.865394115447998
4822	0.8032481074333191
4823	0.8106867074966431
4824	0.8109638094902039
4825	0.650678813457489
4826	0.7487685084342957
4827	0.8586320877075195
4828	0.5333137512207031
4829	0.37257933616638184
4830	0.6309147477149963
4831	0.6894364953041077
4832	0.7347943782806396
4833	0.8324589729309082
4834	0.8653016090393066
4835	0.8798292279243469
4836	0.5913934111595154
4837	0.5400142073631287
4838	0.7364012598991394
4839	0.7439865469932556
4840	0.6507861614227295
4841	0.7307011485099792
4842	0.6603986024856567
4843	0.6631109118461609
4844	0.7538440227508545
4845	0.699491024017334
4846	0.642429769039154
4847	0.6280843019485474
4848	0.4538393020629883
4849	0.2625187039375305
4850	0.1064479872584343
4851	0.05562422424554825
4852	0.02213788591325283
4853	0.04123230651021004
4854	0.06212364509701729
4855	0.14448197185993195
4856	0.29749795794487
4857	0.4394538104534149
4858	0.3673532009124756
4859	0.4543609619140625
4860	0.7024184465408325
4861	0.47889548540115356
4862	0.5077551007270813
4863	0.7025115489959717
4864	0.7794559597969055
4865	0.31188446283340454
4866	0.5906683206558228
4867	0.16383665800094604
4868	0.10580857843160629
4869	0.018901199102401733
4870	0.010095234028995037
4871	0.010258065536618233
4872	0.013813338242471218
4873	0.01013963297009468
4874	0.00846682209521532
4875	0.010959181934595108
4876	0.010078465566039085
4877	0.011316166259348392
4878	0.010662892833352089
4879	0.009354312904179096
4880	0.01616869680583477
4881	0.01065545529127121
4882	0.012755269184708595
4883	0.010220878757536411
4884	0.01464776135981083
4885	0.04256538674235344
4886	0.3531808853149414
4887	0.02977805770933628
4888	0.00871748011559248
4889	0.008801235817372799
4890	0.011231373064219952
4891	0.005987287499010563
4892	0.006057466845959425
4893	0.008485996164381504
4894	0.009769638068974018
4895	0.007900712080299854
4896	0.010640323162078857
4897	0.006709686014801264
4898	0.006669278722256422
4899	0.015265178866684437
4900	0.008213305845856667
4901	0.008324332535266876
4902	0.008329549804329872
4903	0.009797199629247189
4904	0.013704301789402962
4905	0.023648343980312347
4906	0.032028038054704666
4907	0.013633265160024166
4908	0.02845846116542816
4909	0.02777886763215065
4910	0.036703187972307205
4911	0.04172375798225403
4912	0.05967729166150093
4913	0.03476973995566368
4914	0.020714545622467995
4915	0.01944207400083542
4916	0.026349136605858803
4917	0.021332889795303345
4918	0.021626180037856102
4919	0.021495450288057327
4920	0.040445197373628616
4921	0.09168245643377304
4922	0.03745751082897186
4923	0.026400670409202576
4924	0.009585341438651085
4925	0.01381028350442648
4926	0.018722638487815857
4927	0.01213066466152668
4928	0.008394026197493076
4929	0.015331530943512917
4930	0.01715850830078125
4931	0.007568694651126862
4932	0.009238988161087036
4933	0.009307526983320713
4934	0.015311080031096935
4935	0.01584504544734955
4936	0.013280718587338924
4937	0.010987809859216213
4938	0.009556010365486145
4939	0.007229910232126713
4940	0.007452645339071751
4941	0.009418579749763012
4942	0.010902419686317444
4943	0.010373844765126705
4944	0.010469351895153522
4945	0.010378139093518257
4946	0.011032688431441784
4947	0.018203528597950935
4948	0.012835310772061348
4949	0.015724865719676018
4950	0.01648428849875927
4951	0.02186296135187149
4952	0.014044861309230328
4953	0.01636149361729622
4954	0.021593274548649788
4955	0.03828945755958557
4956	0.04707532748579979
4957	0.0554557740688324
4958	0.03302105888724327
4959	0.024267908185720444
4960	0.07472413033246994
4961	0.050453104078769684
4962	0.04178404435515404
4963	0.031468942761421204
4964	0.03150218352675438
4965	0.02270493470132351
4966	0.02261423133313656
4967	0.022691581398248672
4968	0.026917090639472008
4969	0.03155088424682617
4970	0.014523781836032867
4971	0.017048610374331474
4972	0.014655138365924358
4973	0.027308685705065727
4974	0.029062438756227493
4975	0.06685995310544968
4976	0.022931251674890518
4977	0.04559820890426636
4978	0.04539744183421135
4979	0.03576685115695
4980	0.014227491803467274
4981	0.027508128434419632
4982	0.031583454459905624
4983	0.020660249516367912
4984	0.011128226295113564
4985	0.018878411501646042
4986	0.057695742696523666
4987	0.047514040023088455
4988	0.02721496857702732
4989	0.0176653154194355
4990	0.01949658989906311
4991	0.015211452730000019
4992	0.010892626829445362
4993	0.01551077701151371
4994	0.010729402303695679
4995	0.013310511596500874
4996	0.014676334336400032
4997	0.016009431332349777
4998	0.016369713470339775
4999	0.012683065608143806
5000	0.017622942104935646
5001	0.01949494145810604
5002	0.02362293004989624
5003	0.0172115545719862
5004	0.022888150066137314
5005	0.02016599103808403
5006	0.017772043123841286
5007	0.016022738069295883
5008	0.014513877220451832
5009	0.022906675934791565
5010	0.019073879346251488
5011	0.01259408425539732
5012	0.027210062369704247
5013	0.02791665308177471
5014	0.0197370033711195
5015	0.04308159276843071
5016	0.02148771844804287
5017	0.02222137153148651
5018	0.019934238865971565
5019	0.03435048460960388
5020	0.06074678897857666
5021	0.05012303590774536
5022	0.03505989909172058
5023	0.012016691267490387
5024	0.03186310455203056
5025	0.045086007565259933
5026	0.039353568106889725
5027	0.05339549854397774
5028	0.03220662102103233
5029	0.022168461233377457
5030	0.03092861734330654
5031	0.055593665689229965
5032	0.0413452573120594
5033	0.044545937329530716
5034	0.02699352614581585
5035	0.020532503724098206
5036	0.014941415749490261
5037	0.014691397547721863
5038	0.025769025087356567
5039	0.014660397544503212
5040	0.019705969840288162
5041	0.04144171625375748
5042	0.047297295182943344
5043	0.0553957000374794
5044	0.021958595141768456
5045	0.014786139130592346
5046	0.011131788603961468
5047	0.025374924764037132
5048	0.029078328981995583
5049	0.03937750682234764
5050	0.054991673678159714
5051	0.019082918763160706
5052	0.01708461344242096
5053	0.012745137326419353
5054	0.015273570083081722
5055	0.016603529453277588
5056	0.012296810746192932
5057	0.01259630173444748
5058	0.01239891815930605
5059	0.0085277259349823
5060	0.018992751836776733
5061	0.013109752908349037
5062	0.010865195654332638
5063	0.010574910789728165
5064	0.008235253393650055
5065	0.010287015698850155
5066	0.008991357870399952
5067	0.01148462574928999
5068	0.011440048925578594
5069	0.01076135691255331
5070	0.01573668234050274
5071	0.013258484192192554
5072	0.007611855398863554
5073	0.008119973354041576
5074	0.008280069567263126
5075	0.0064842174760997295
5076	0.007838986814022064
5077	0.00839890819042921
5078	0.009687511250376701
5079	0.008040091954171658
5080	0.006967997644096613
5081	0.008600271306931973
5082	0.008813521824777126
5083	0.00628619035705924
5084	0.0063846842385828495
5085	0.006233552936464548
5086	0.006219667382538319
5087	0.005822894629091024
5088	0.004720455501228571
5089	0.005739844869822264
5090	0.004729516338557005
5091	0.005914404988288879
5092	0.006507981568574905
5093	0.00495104631409049
5094	0.006754925940185785
5095	0.006853889208287001
5096	0.00631037587299943
5097	0.005540475249290466
5098	0.00604012468829751
5099	0.005771392025053501
5100	0.005012050271034241
5101	0.004695757757872343
5102	0.004365905653685331
5103	0.0038355947472155094
5104	0.00421195849776268
5105	0.004050256218761206
5106	0.004165679216384888
5107	0.004380290862172842
5108	0.004161633085459471
5109	0.003780822502449155
5110	0.0041829608380794525
5111	0.00435134582221508
5112	0.004432074259966612
5113	0.0034561126958578825
5114	0.004332339856773615
5115	0.0037483081687241793
5116	0.004210427403450012
5117	0.003972003702074289
5118	0.004350203555077314
5119	0.004678238648921251
5120	0.004711925983428955
5121	0.004009516444057226
5122	0.004617683123797178
5123	0.004411531146615744
5124	0.004753907676786184
5125	0.004733074456453323
5126	0.004459646996110678
5127	0.005001587327569723
5128	0.005574583541601896
5129	0.006767271552234888
5130	0.004847811069339514
5131	0.005024794023483992
5132	0.0050066872499883175
5133	0.010467812418937683
5134	0.00502829160541296
5135	0.008054598234593868
5136	0.008540220558643341
5137	0.019319532439112663
5138	0.025853130966424942
5139	0.0805772915482521
5140	0.03327083960175514
5141	0.04191048815846443
5142	0.04344833269715309
5143	0.0791236087679863
5144	0.12444815784692764
5145	0.07129881531000137
5146	0.02604423277080059
5147	0.05857989937067032
5148	0.03591228276491165
5149	0.030280763283371925
5150	0.03373011574149132
5151	0.020064378157258034
5152	0.03441765531897545
5153	0.024736564606428146
5154	0.04796113446354866
5155	0.15893350541591644
5156	0.25237056612968445
5157	0.27491241693496704
5158	0.6832804679870605
5159	0.4820640981197357
5160	0.40274181962013245
5161	0.07319550961256027
5162	0.10191621631383896
5163	0.02887776494026184
5164	0.042327817529439926
5165	0.04702295735478401
5166	0.029494548216462135
5167	0.028860140591859818
5168	0.02281530201435089
5169	0.028209054842591286
5170	0.042330142110586166
5171	0.4638051986694336
5172	0.7604742050170898
5173	0.8795849084854126
5174	0.9803308844566345
5175	0.881024181842804
5176	0.6793254017829895
5177	0.5285136103630066
5178	0.4968256652355194
5179	0.07876572757959366
5180	0.15732921659946442
5181	0.44837304949760437
5182	0.6549559831619263
5183	0.8398298621177673
5184	0.9847049713134766
5185	0.9156913757324219
5186	0.979193389415741
5187	0.9483661651611328
5188	0.9765956997871399
5189	0.9840055704116821
5190	0.9714633822441101
5191	0.9645110368728638
5192	0.9601977467536926
5193	0.9402514696121216
5194	0.9257578253746033
5195	0.9207155108451843
5196	0.9319161772727966
5197	0.8694366812705994
5198	0.7896544337272644
5199	0.799178421497345
5200	0.8562270998954773
5201	0.7959198951721191
5202	0.677949845790863
5203	0.6503021121025085
5204	0.3888514041900635
5205	0.03731653839349747
5206	0.3120735287666321
5207	0.25043341517448425
5208	0.4834272861480713
5209	0.058217812329530716
5210	0.16545848548412323
5211	0.2147381752729416
5212	0.1807280033826828
5213	0.28877678513526917
5214	0.31129488348960876
5215	0.0797986164689064
5216	0.29787811636924744
5217	0.14773932099342346
5218	0.2683814465999603
5219	0.43575534224510193
5220	0.7511834502220154
5221	0.8301551938056946
5222	0.9622343182563782
5223	0.950788140296936
5224	0.9070839285850525
5225	0.951054036617279
5226	0.9541491866111755
5227	0.9452851414680481
5228	0.9815020561218262
5229	0.8681665658950806
5230	0.9737281799316406
5231	0.9800405502319336
5232	0.9662108421325684
5233	0.8369962573051453
5234	0.8697696924209595
5235	0.8860147595405579
5236	0.8228685259819031
5237	0.786112904548645
5238	0.8296758532524109
5239	0.5384039878845215
5240	0.8224388957023621
