frame	prob
0	0.11014466732740402
1	0.056498657912015915
2	0.05852648243308067
3	0.014807361178100109
4	0.012989324517548084
5	0.009393857792019844
6	0.00983798410743475
7	0.008539174683392048
8	0.009374717250466347
9	0.009500827640295029
10	0.011336891911923885
11	0.016816794872283936
12	0.011508908122777939
13	0.013878896832466125
14	0.009488589130342007
15	0.012026652693748474
16	0.0092914504930377
17	0.008097722195088863
18	0.008599014021456242
19	0.008803737349808216
20	0.008230417035520077
21	0.00821721088141203
22	0.011358446441590786
23	0.012258018366992474
24	0.01159137487411499
25	0.010165891610085964
26	0.014814508147537708
27	0.01456779707223177
28	0.019504964351654053
29	0.017403986304998398
30	0.01969556324183941
31	0.02763582579791546
32	0.021622784435749054
33	0.03910253569483757
34	0.034181416034698486
35	0.019698483869433403
36	0.028783394023776054
37	0.05061158537864685
38	0.11523580551147461
39	0.021125903353095055
40	0.037060000002384186
41	0.0392228364944458
42	0.022411713376641273
43	0.026579147204756737
44	0.06498129665851593
45	0.10740094631910324
46	0.07424376159906387
47	0.1124999076128006
48	0.12727707624435425
49	0.11781175434589386
50	0.1333308070898056
51	0.0512063167989254
52	0.1885625720024109
53	0.1237654909491539
54	0.14076034724712372
55	0.45502644777297974
56	0.3140833079814911
57	0.5021030306816101
58	0.533723771572113
59	0.07499437034130096
60	0.5821943283081055
61	0.6486110687255859
62	0.6629958152770996
63	0.7062115669250488
64	0.6583213806152344
65	0.22950439155101776
66	0.6972597241401672
67	0.6760823130607605
68	0.7105550765991211
69	0.6725134253501892
70	0.7459073066711426
71	0.044082630425691605
72	0.6324736475944519
73	0.7145683169364929
74	0.5349586606025696
75	0.4867737889289856
76	0.8728348016738892
77	0.8328399658203125
78	0.8267759680747986
79	0.9401132464408875
80	0.8612903952598572
81	0.7765833735466003
82	0.8059785962104797
83	0.7307963967323303
84	0.9953153729438782
85	0.9775938987731934
86	0.9584304690361023
87	0.9221614003181458
88	0.9182820320129395
89	0.8959425091743469
90	0.9409683346748352
91	0.9422348141670227
92	0.9513232111930847
93	0.9573795199394226
94	0.9783256649971008
95	0.9622741937637329
96	0.9566665887832642
97	0.23521025478839874
98	0.27194568514823914
99	0.3129427433013916
100	0.20128701627254486
101	0.17018385231494904
102	0.09792119264602661
103	0.15013639628887177
104	0.2753013074398041
105	0.131741002202034
106	0.1626940667629242
107	0.052100908011198044
108	0.12967190146446228
109	0.23774169385433197
110	0.37307190895080566
111	0.5550288558006287
112	0.8044914603233337
113	0.7967044115066528
114	0.9072028994560242
115	0.9416508078575134
116	0.949105441570282
117	0.6284302473068237
118	0.925765335559845
119	0.9690237045288086
120	0.984570324420929
121	0.9456050992012024
122	0.9721526503562927
123	0.9846956133842468
124	0.9564661383628845
125	0.9123388528823853
126	0.9752735495567322
127	0.9358410835266113
128	0.9741167426109314
129	0.97176593542099
130	0.9286293387413025
131	0.9823586344718933
132	0.9874505996704102
133	0.9789864420890808
134	0.9599125981330872
135	0.9646326303482056
136	0.940372109413147
137	0.9741591811180115
138	0.9653391242027283
139	0.9747208952903748
140	0.9639402627944946
141	0.9884832501411438
142	0.9929106831550598
143	0.9722711443901062
144	0.9936532974243164
145	0.9885390400886536
146	0.991834819316864
147	0.98800128698349
148	0.9868707060813904
149	0.9790669679641724
150	0.9613041281700134
151	0.9467347264289856
152	0.9693252444267273
153	0.9392325282096863
154	0.7713348269462585
155	0.9898408055305481
156	0.9743383526802063
157	0.44991180300712585
158	0.9724317789077759
159	0.9647653698921204
160	0.9772182703018188
161	0.9618381857872009
162	0.9793158769607544
163	0.9862001538276672
164	0.9843603372573853
165	0.9450298547744751
166	0.9684173464775085
167	0.9609031677246094
168	0.9682518243789673
169	0.989409863948822
170	0.9842128753662109
171	0.9491406679153442
172	0.9867138862609863
173	0.9724903106689453
174	0.9867847561836243
175	0.9791312217712402
176	0.9441300630569458
177	0.18337427079677582
178	0.9968172311782837
179	0.9867863059043884
180	0.9888953566551208
181	0.899854302406311
182	0.8264517784118652
183	0.1055392250418663
184	0.020682666450738907
185	0.01488769706338644
186	0.015555426478385925
187	0.013374335132539272
188	0.01196879893541336
189	0.014411461539566517
190	0.017216376960277557
191	0.013254019431769848
192	0.015368282794952393
193	0.012058868072926998
194	0.009451936930418015
195	0.012120590545237064
196	0.010745150037109852
197	0.010164672508835793
198	0.00862929131835699
199	0.008898592554032803
200	0.01524436753243208
201	0.01294715702533722
202	0.013986480422317982
203	0.9581931233406067
204	0.9923519492149353
205	0.9898585677146912
206	0.9596874117851257
207	0.17525269091129303
208	0.025142772123217583
209	0.022552799433469772
210	0.01776861771941185
211	0.013080510310828686
212	0.01681286096572876
213	0.01615603081882
214	0.012196171097457409
215	0.016673030331730843
216	0.03911057859659195
217	0.038563262671232224
218	0.07457698881626129
219	0.2929772734642029
220	0.7856348752975464
221	0.8500044941902161
222	0.8329370617866516
223	0.8434038162231445
224	0.9268625378608704
225	0.9240198135375977
226	0.8618764281272888
227	0.5468253493309021
228	0.40276986360549927
229	0.8352448344230652
230	0.884782612323761
231	0.8086382150650024
232	0.6137368083000183
233	0.8350391387939453
234	0.9817703366279602
235	0.9944549798965454
236	0.9564613699913025
237	0.9269265532493591
238	0.8164001703262329
239	0.9612457156181335
240	0.9904857873916626
241	0.967380940914154
242	0.9746904373168945
243	0.9837331771850586
244	0.925952136516571
245	0.4262361526489258
246	0.18703994154930115
247	0.33788689970970154
248	0.8740591406822205
249	0.5961694121360779
250	0.9442893266677856
251	0.7492555379867554
252	0.03748002275824547
253	0.01975567638874054
254	0.015104121528565884
255	0.020038258284330368
256	0.012647858820855618
257	0.016163712367415428
258	0.02046532742679119
259	0.04625033587217331
260	0.9361638426780701
261	0.9810623526573181
262	0.9856201410293579
263	0.9795927405357361
264	0.9859057664871216
265	0.9915931820869446
266	0.9834924936294556
267	0.9764467477798462
268	0.6988174319267273
269	0.9760797619819641
270	0.9624719619750977
271	0.9712135195732117
272	0.9769895672798157
273	0.9865527153015137
274	0.9882508516311646
275	0.9624493718147278
276	0.9409527778625488
277	0.7946076989173889
278	0.8256945013999939
279	0.9250812530517578
280	0.9564422965049744
281	0.9838647842407227
282	0.9669479727745056
283	0.916747510433197
284	0.2263994663953781
285	0.5629650950431824
286	0.8805431723594666
287	0.9818074107170105
288	0.9870762228965759
289	0.9720260500907898
290	0.9606706500053406
291	0.7354888319969177
292	0.984735906124115
293	0.979999840259552
294	0.9533807635307312
295	0.9674200415611267
296	0.9829832911491394
297	0.9265575408935547
298	0.9541071057319641
299	0.9064626693725586
300	0.477353572845459
301	0.33200642466545105
302	0.9759491086006165
303	0.9475793838500977
304	0.9598760604858398
305	0.9703384637832642
306	0.903287410736084
307	0.9734939932823181
308	0.9803308844566345
309	0.9804435968399048
310	0.8973143696784973
311	0.9551786780357361
312	0.9574805498123169
313	0.9656205177307129
314	0.9924820065498352
315	0.946833074092865
316	0.9638263583183289
317	0.9609672427177429
318	0.9859066009521484
319	0.9724440574645996
320	0.9831576347351074
321	0.5068396329879761
322	0.9747942090034485
323	0.9701526761054993
324	0.9676520228385925
325	0.9904538989067078
326	0.9550215005874634
327	0.9638381004333496
328	0.9298593401908875
329	0.881015419960022
330	0.8207772374153137
331	0.9288029074668884
332	0.9546783566474915
333	0.8324443101882935
334	0.3834975063800812
335	0.9412550330162048
336	0.9855055212974548
337	0.991491973400116
338	0.9956097602844238
339	0.9880434274673462
340	0.9862672090530396
341	0.954606831073761
342	0.9742031097412109
343	0.9643394351005554
344	0.8993602991104126
345	0.8547064065933228
346	0.8311924338340759
347	0.67144775390625
348	0.738095223903656
349	0.3027966022491455
350	0.9766721725463867
351	0.9924044013023376
352	0.9917802810668945
353	0.9953275918960571
354	0.9993032813072205
355	0.998763382434845
356	0.996799886226654
357	0.9739176630973816
358	0.5818313956260681
359	0.04735512658953667
360	0.021658463403582573
361	0.018829060718417168
362	0.036430854350328445
363	0.025145167484879494
364	0.030278438702225685
365	0.032258834689855576
366	0.021219026297330856
367	0.02743401564657688
368	0.02918558195233345
369	0.023479415103793144
370	0.019903773441910744
371	0.01885395310819149
372	0.0169904176145792
373	0.01410631276667118
374	0.013307968154549599
375	0.013074896298348904
376	0.01518048346042633
377	0.014275901019573212
378	0.016306301578879356
379	0.009375834837555885
380	0.014049435034394264
381	0.01322777010500431
382	0.014201730489730835
383	0.011276116594672203
384	0.012155033648014069
385	0.013370676897466183
386	0.011625046841800213
387	0.010902689769864082
388	0.014567457139492035
389	0.01188513170927763
390	0.01677488349378109
391	0.014691904187202454
392	0.03358621522784233
393	0.14546261727809906
394	0.0391557514667511
395	0.015859857201576233
396	0.015153004787862301
397	0.013202947564423084
398	0.014691337943077087
399	0.01699204184114933
400	0.016378996893763542
401	0.019205395132303238
402	0.01463011559098959
403	0.013727838173508644
404	0.013441330753266811
405	0.013021898455917835
406	0.013818489387631416
407	0.013849715702235699
408	0.012983475811779499
409	0.009471061639487743
410	0.009636270813643932
411	0.00987708568572998
412	0.012328851036727428
413	0.010832270607352257
414	0.011661713942885399
415	0.016806021332740784
416	0.02277933433651924
417	0.02028585784137249
418	0.8422431349754333
419	0.835453987121582
420	0.9404582977294922
421	0.9459945559501648
422	0.731364369392395
423	0.579306960105896
424	0.340075820684433
425	0.225423201918602
426	0.28320127725601196
427	0.17700043320655823
428	0.12460016459226608
429	0.13898932933807373
430	0.10654653608798981
431	0.20187845826148987
432	0.4929284155368805
433	0.5485912561416626
434	0.5942061543464661
435	0.5835787057876587
436	0.6849947571754456
437	0.8197512030601501
438	0.7266027331352234
439	0.8348466753959656
440	0.3616335988044739
441	0.8971344232559204
442	0.9081465005874634
443	0.9103944897651672
444	0.9151462912559509
445	0.9722328186035156
446	0.9855920672416687
447	0.9957525134086609
448	0.99225252866745
449	0.9976856112480164
450	0.9974706768989563
451	0.9961496591567993
452	0.9930519461631775
453	0.9676281213760376
454	0.9211018681526184
455	0.5005303025245667
456	0.21813829243183136
457	0.7878288626670837
458	0.642215371131897
459	0.3652949035167694
460	0.8299066424369812
461	0.8290616869926453
462	0.8765535354614258
463	0.7660666704177856
464	0.9633960723876953
465	0.9915363192558289
466	0.8059610724449158
467	0.9922526478767395
468	0.9936805963516235
469	0.9918023943901062
470	0.9970371127128601
471	0.9934441447257996
472	0.9954565167427063
473	0.9927341341972351
474	0.9806333780288696
475	0.9975144267082214
476	0.9954004287719727
477	0.9976655840873718
478	0.9805442690849304
479	0.9791955947875977
480	0.9655759930610657
481	0.956860363483429
482	0.801023006439209
483	0.6993008852005005
484	0.7624649405479431
485	0.1587190181016922
486	0.9802150130271912
487	0.9644619226455688
488	0.9471960067749023
489	0.9554314017295837
490	0.9426286816596985
491	0.8710428476333618
492	0.6638070940971375
493	0.5269705653190613
494	0.48819470405578613
495	0.23370853066444397
496	0.8038758635520935
497	0.9156051874160767
498	0.9554814696311951
499	0.9670906066894531
500	0.9632608294487
501	0.9679200053215027
502	0.937990665435791
503	0.9547035098075867
504	0.9785625338554382
505	0.9719802737236023
506	0.9814299941062927
507	0.9867427945137024
508	0.9701509475708008
509	0.9906673431396484
510	0.11152923107147217
511	0.8193939328193665
512	0.8133506774902344
513	0.8107848167419434
514	0.8561997413635254
515	0.943764328956604
516	0.8671383857727051
517	0.776117742061615
518	0.988187313079834
519	0.98458331823349
520	0.9867499470710754
521	0.977590024471283
522	0.9933490753173828
523	0.9822896122932434
524	0.9912607073783875
525	0.956662654876709
526	0.9866601824760437
527	0.9895793795585632
528	0.9864833950996399
529	0.9911428689956665
530	0.9884017109870911
531	0.9718848466873169
532	0.9951813817024231
533	0.9946447610855103
534	0.9967004656791687
535	0.48475930094718933
536	0.9890850186347961
537	0.9895772933959961
538	0.9946280717849731
539	0.9942970275878906
540	0.9915909767150879
541	0.9944397807121277
542	0.9926544427871704
543	0.9351480603218079
544	0.09414293617010117
545	0.7693821787834167
546	0.9781625866889954
547	0.9611894488334656
548	0.9363365173339844
549	0.8827869296073914
550	0.6418971419334412
551	0.24227724969387054
552	0.0563398115336895
553	0.03018156997859478
554	0.02550460770726204
555	0.027858102694153786
556	0.02328999526798725
557	0.02300575189292431
558	0.017159072682261467
559	0.021433381363749504
560	0.02461317740380764
561	0.04923010990023613
562	0.13418196141719818
563	0.2750733494758606
564	0.6584705114364624
565	0.8345354199409485
566	0.7864307761192322
567	0.6880065202713013
568	0.25836434960365295
569	0.9397603869438171
570	0.8922107815742493
571	0.9740490913391113
572	0.9608253836631775
573	0.971544086933136
574	0.9780067801475525
575	0.9896713495254517
576	0.9937770962715149
577	0.9824336171150208
578	0.9927836656570435
579	0.9954887628555298
580	0.9970163702964783
581	0.9842562079429626
582	0.8660966157913208
583	0.8965816497802734
584	0.08362501114606857
585	0.0167434960603714
586	0.01706845872104168
587	0.012721334584057331
588	0.013411660678684711
589	0.012244924902915955
590	0.01245790719985962
591	0.0125737264752388
592	0.013282707892358303
593	0.012662815861403942
594	0.015021306462585926
595	0.01485177781432867
596	0.016579916700720787
597	0.014373707585036755
598	0.19604520499706268
599	0.8062711954116821
600	0.8784300088882446
601	0.9433375597000122
602	0.9372683763504028
603	0.9575963020324707
604	0.9792686700820923
605	0.9669173359870911
606	0.9874975085258484
607	0.7975641489028931
608	0.9807777404785156
609	0.9939205050468445
610	0.994720458984375
611	0.9963760375976562
612	0.9961846470832825
613	0.9917829632759094
614	0.9872932434082031
615	0.9873661994934082
616	0.9762741327285767
617	0.7573843002319336
618	0.9876239895820618
619	0.946086585521698
620	0.968235969543457
621	0.9554679989814758
622	0.8410267233848572
623	0.27671945095062256
624	0.03378697857260704
625	0.027536028996109962
626	0.022268196567893028
627	0.01920461654663086
628	0.02819739654660225
629	0.012445961125195026
630	0.01640603505074978
631	0.015260487794876099
632	0.014847436919808388
633	0.020288852974772453
634	0.011715720407664776
635	0.014209034852683544
636	0.016477471217513084
637	0.017888450995087624
638	0.01842198148369789
639	0.023578986525535583
640	0.01889185607433319
641	0.01740296557545662
642	0.01273637730628252
643	0.00824698805809021
644	0.013215604238212109
645	0.0127909230068326
646	0.012494383379817009
647	0.01611023209989071
648	0.014821424148976803
649	0.01408272422850132
650	0.012353037483990192
651	0.007611540146172047
652	0.009778198786079884
653	0.011029873974621296
654	0.010644768364727497
655	0.01107709389179945
656	0.011420267634093761
657	0.010290738195180893
658	0.007035307586193085
659	0.008404984138906002
660	0.009168392978608608
661	0.015283963643014431
662	0.009740634821355343
663	0.010434354655444622
664	0.006861530244350433
665	0.008991003967821598
666	0.005651978775858879
667	0.00704531092196703
668	0.006784048862755299
669	0.008548730984330177
670	0.0076398104429244995
671	0.007430462632328272
672	0.0065572126768529415
673	0.006639918778091669
674	0.006474698428064585
675	0.006463310215622187
676	0.00809436198323965
677	0.0062601701356470585
678	0.005953015293926001
679	0.004551537800580263
680	0.003663285868242383
681	0.0038758949376642704
682	0.00389505410566926
683	0.006690280046314001
684	0.00540511030703783
685	0.00601973244920373
686	0.0067001148127019405
687	0.0073899137787520885
688	0.005812799092382193
689	0.008176746778190136
690	0.0063088433817029
691	0.008131335489451885
692	0.00838242657482624
693	0.007444057613611221
694	0.006977243814617395
695	0.00649006012827158
696	0.008959708735346794
697	0.007420647423714399
698	0.00609203614294529
699	0.00887176115065813
700	0.010532483458518982
701	0.008316797204315662
702	0.008366976864635944
703	0.00833143200725317
704	0.008237163536250591
705	0.00781719945371151
706	0.00885035004466772
707	0.009589592926204205
708	0.010974968783557415
709	0.01716447062790394
710	0.011005328968167305
711	0.010099219158291817
712	0.019353056326508522
713	0.015886813402175903
714	0.01595439575612545
715	0.010952983982861042
716	0.01079639047384262
717	0.011100741103291512
718	0.011420458555221558
719	0.012438741512596607
720	0.01208378467708826
721	0.016667533665895462
722	0.007931598462164402
723	0.018327388912439346
724	0.008056861348450184
725	0.008351891301572323
726	0.0074438112787902355
727	0.005906403996050358
728	0.005897493567317724
729	0.010104185901582241
730	0.008695478551089764
731	0.01606832444667816
732	0.01241621095687151
733	0.016097769141197205
734	0.016456210985779762
735	0.011095677502453327
736	0.007378287147730589
737	0.007316038012504578
738	0.008840291760861874
739	0.012851511128246784
740	0.011931766755878925
741	0.013953626155853271
742	0.007173050194978714
743	0.00794296432286501
744	0.008367272093892097
745	0.00839561503380537
746	0.006851123180240393
747	0.009639203548431396
748	0.008169835433363914
749	0.008778270334005356
750	0.010451729409396648
751	0.011165542528033257
752	0.010122273117303848
753	0.011199290864169598
754	0.007793927099555731
755	0.009052852168679237
756	0.009500480256974697
757	0.008835953660309315
758	0.017423633486032486
759	0.009174133650958538
760	0.009592274203896523
761	0.010421320796012878
762	0.011875948868691921
763	0.009709291160106659
764	0.007958218455314636
765	0.008062168024480343
766	0.007392540108412504
767	0.007909074425697327
768	0.012234719470143318
769	0.020493319258093834
770	0.014367306604981422
771	0.02014731429517269
772	0.013951067812740803
773	0.014785435982048512
774	0.006307975389063358
775	0.014985715039074421
776	0.019008085131645203
777	0.031243333593010902
778	0.020071325823664665
779	0.021536843851208687
780	0.0172685869038105
781	0.011652544140815735
782	0.010777054354548454
783	0.010445845313370228
784	0.007950814440846443
785	0.010851914994418621
786	0.010977484285831451
787	0.009762845933437347
788	0.012897183187305927
789	0.011951013468205929
790	0.009843050502240658
791	0.00970261450856924
792	0.010752073489129543
793	0.010600249283015728
794	0.012268940918147564
795	0.015224459581077099
796	0.011117393150925636
797	0.011919224634766579
798	0.011498461477458477
799	0.01094354223459959
800	0.010893763974308968
801	0.01088995672762394
802	0.00962937343865633
803	0.004078759346157312
804	0.006776624824851751
805	0.007025641389191151
806	0.010035312734544277
807	0.009454636834561825
808	0.007188946008682251
809	0.006811879575252533
810	0.012447706423699856
811	0.013573020696640015
812	0.011140057817101479
813	0.01622864045202732
814	0.014232270419597626
815	0.015070256777107716
816	0.018655018880963326
817	0.017224039882421494
818	0.015916671603918076
819	0.011919495649635792
820	0.014164048247039318
821	0.010345044545829296
822	0.009716902859508991
823	0.010846040211617947
824	0.015869155526161194
825	0.021154148504137993
826	0.029067277908325195
827	0.038297612220048904
828	0.011439439840614796
829	0.008711867965757847
830	0.01293804682791233
831	0.0182825718075037
832	0.01693015731871128
833	0.01320655643939972
834	0.011893031187355518
835	0.01595279388129711
836	0.011896885931491852
837	0.011139965616166592
838	0.014595297165215015
839	0.01062864437699318
840	0.015382565557956696
841	0.014650696888566017
842	0.01804399862885475
843	0.019064810127019882
844	0.015705691650509834
845	0.015775596722960472
846	0.012411253526806831
847	0.013722035102546215
848	0.01999078504741192
849	0.013088908977806568
850	0.015820519998669624
851	0.012936770915985107
852	0.01733420602977276
853	0.020517338067293167
854	0.01392280776053667
855	0.011365734972059727
856	0.011971183121204376
857	0.017473459243774414
858	0.023536603897809982
859	0.025600602850317955
860	0.02824198082089424
861	0.01470030378550291
862	0.010124899446964264
863	0.015381969511508942
864	0.022226860746741295
865	0.015883682295680046
866	0.02383905090391636
867	0.024286573752760887
868	0.023900693282485008
869	0.027210354804992676
870	0.025087673217058182
871	0.021301057189702988
872	0.025270739570260048
873	0.024880968034267426
874	0.025602877140045166
875	0.02500498667359352
876	0.023180879652500153
877	0.024075234308838844
878	0.028676623478531837
879	0.026275504380464554
880	0.029537057504057884
881	0.02324814908206463
882	0.026986271142959595
883	0.027806121855974197
884	0.027641071006655693
885	0.016539309173822403
886	0.01545959897339344
887	0.02062946930527687
888	0.02452726475894451
889	0.01377036888152361
890	0.010465445928275585
891	0.009562711231410503
892	0.014550183899700642
893	0.015139909461140633
894	0.012320741079747677
895	0.016923923045396805
896	0.01702084392309189
897	0.01743997447192669
898	0.018527081236243248
899	0.016274740919470787
900	0.017888424918055534
901	0.01474116463214159
902	0.018470704555511475
903	0.01678062230348587
904	0.01338574942201376
905	0.013047866523265839
906	0.0125040328130126
907	0.015291959047317505
908	0.019483843818306923
909	0.018458185717463493
910	0.019326409325003624
911	0.0174463652074337
912	0.020453333854675293
913	0.016830796375870705
914	0.015854526311159134
915	0.018637334927916527
916	0.014428232796490192
917	0.020792284980416298
918	0.01565386913716793
919	0.021135320886969566
920	0.021838223561644554
921	0.022207237780094147
922	0.022949108853936195
923	0.02326163835823536
924	0.01611649990081787
925	0.02025602199137211
926	0.017219586297869682
927	0.017317038029432297
928	0.014017282985150814
929	0.019211893901228905
930	0.02255171351134777
931	0.016095062717795372
932	0.01632343791425228
933	0.020771818235516548
934	0.024951860308647156
935	0.01861889474093914
936	0.019922200590372086
937	0.018250616267323494
938	0.02014070563018322
939	0.016879508271813393
940	0.020436419174075127
941	0.024858472868800163
942	0.021529603749513626
943	0.021666591987013817
944	0.022817233577370644
945	0.02273990772664547
946	0.020266879349946976
947	0.027005914598703384
948	0.01990182138979435
949	0.02893349900841713
950	0.027664292603731155
951	0.022291336208581924
952	0.02281905524432659
953	0.017582738772034645
954	0.02205321006476879
955	0.019818559288978577
956	0.02176022343337536
957	0.026335759088397026
958	0.017990976572036743
959	0.02611563913524151
960	0.02873101830482483
961	0.03571322187781334
962	0.018994634971022606
963	0.016007935628294945
964	0.012446986511349678
965	0.016658974811434746
966	0.013964963145554066
967	0.013815194368362427
968	0.013746196404099464
969	0.015241521410644054
970	0.019545122981071472
971	0.016852978616952896
972	0.013484287075698376
973	0.017879772931337357
974	0.02224995568394661
975	0.022236153483390808
976	0.015778567641973495
977	0.018299737945199013
978	0.01593809202313423
979	0.019183088093996048
980	0.018832489848136902
981	0.026756053790450096
982	0.015015426091849804
983	0.02283891849219799
984	0.020762626081705093
985	0.020626002922654152
986	0.01945933699607849
987	0.019056735560297966
988	0.012828459031879902
989	0.014016106724739075
990	0.017722060903906822
991	0.017833739519119263
992	0.01827576756477356
993	0.01580721139907837
994	0.01764780841767788
995	0.016284693032503128
996	0.011896382085978985
997	0.012751688249409199
998	0.015221844427287579
999	0.016948049888014793
1000	0.01071129646152258
1001	0.014312438666820526
1002	0.010469217784702778
1003	0.01016740407794714
1004	0.013331371359527111
1005	0.00975089706480503
1006	0.008190273307263851
1007	0.027483249083161354
1008	0.05112207680940628
1009	0.022914886474609375
1010	0.01528202649205923
1011	0.022246038541197777
1012	0.022680340334773064
1013	0.014949730597436428
1014	0.009779124520719051
1015	0.01272288616746664
1016	0.011852665804326534
1017	0.009708675555884838
1018	0.005934592802077532
1019	0.009311149828135967
1020	0.008163699880242348
1021	0.010338653810322285
1022	0.01205498818308115
1023	0.011372079141438007
1024	0.009963559918105602
1025	0.010798133909702301
1026	0.011412016116082668
1027	0.011412153951823711
1028	0.013352545909583569
1029	0.010092630982398987
1030	0.009681127965450287
1031	0.007214957382529974
1032	0.008829891681671143
1033	0.010319165885448456
1034	0.006577252876013517
1035	0.006325309164822102
1036	0.008092439733445644
1037	0.009565059095621109
1038	0.008450726978480816
1039	0.009006808511912823
1040	0.007492345757782459
1041	0.009971859864890575
1042	0.01088964194059372
1043	0.008395719341933727
1044	0.01106240600347519
1045	0.012458175420761108
1046	0.01450007688254118
1047	0.019332243129611015
1048	0.013343500904738903
1049	0.012504488229751587
1050	0.0106148486956954
1051	0.007709797006100416
1052	0.01636226288974285
1053	0.008959506638348103
1054	0.004493432119488716
1055	0.010258452966809273
1056	0.006331260781735182
1057	0.006478504743427038
1058	0.006111407186836004
1059	0.008591866120696068
1060	0.008701262064278126
1061	0.007419323083013296
1062	0.008270464837551117
1063	0.007847453467547894
1064	0.0077820210717618465
1065	0.006420251913368702
1066	0.0064521790482103825
1067	0.00426514120772481
1068	0.0038216745015233755
1069	0.004904026165604591
1070	0.0039124200120568275
1071	0.006377710495144129
1072	0.010790280066430569
1073	0.011531703174114227
1074	0.010667601600289345
1075	0.009378446266055107
1076	0.008698339574038982
1077	0.008564941585063934
1078	0.005280085373669863
1079	0.0072782295756042
1080	0.005879141390323639
1081	0.006578317377716303
1082	0.009042719379067421
1083	0.00922712218016386
1084	0.011392016895115376
1085	0.008639882318675518
1086	0.009217229671776295
1087	0.012987305410206318
1088	0.00892841350287199
1089	0.008199912495911121
1090	0.008843096904456615
1091	0.008019279688596725
1092	0.010231065563857555
1093	0.008005804382264614
1094	0.008388969115912914
1095	0.006932172924280167
1096	0.005418635439127684
1097	0.007152426987886429
1098	0.01175334956496954
1099	0.011575259268283844
1100	0.00803937204182148
1101	0.009020465426146984
1102	0.010685043409466743
1103	0.015315569005906582
1104	0.013139620423316956
1105	0.01105878222733736
1106	0.011961091309785843
1107	0.011575969867408276
1108	0.008821324445307255
1109	0.00991042610257864
1110	0.010618275962769985
1111	0.013081762008368969
1112	0.01562769152224064
1113	0.013870887458324432
1114	0.009638997726142406
1115	0.016264965757727623
1116	0.02005727030336857
1117	0.01503420528024435
1118	0.01380904484540224
1119	0.013519554398953915
1120	0.014552555046975613
1121	0.01370889600366354
1122	0.01631474308669567
1123	0.01585722528398037
1124	0.009239447303116322
1125	0.014255342073738575
1126	0.014809268526732922
1127	0.027580637484788895
1128	0.010573935694992542
1129	0.009356456808745861
1130	0.00996455829590559
1131	0.011903280392289162
1132	0.007780744228512049
1133	0.009758967906236649
1134	0.007388805039227009
1135	0.010536945424973965
1136	0.007755717728286982
1137	0.00856044702231884
1138	0.00813079159706831
1139	0.010064045898616314
1140	0.010037928819656372
1141	0.008563011884689331
1142	0.006086273584514856
1143	0.00562663609161973
1144	0.00564166996628046
1145	0.006413878407329321
1146	0.01016958151012659
1147	0.009963198564946651
1148	0.009115277789533138
1149	0.008386886678636074
1150	0.013145257718861103
1151	0.014726362191140652
1152	0.01206329558044672
1153	0.008293477818369865
1154	0.011988211423158646
1155	0.007397346198558807
1156	0.006867207586765289
1157	0.007719814777374268
1158	0.006164879538118839
1159	0.0052813030779361725
1160	0.006216719280928373
1161	0.010815954767167568
1162	0.007937287911772728
1163	0.006649193353950977
1164	0.005673157051205635
1165	0.007457897067070007
1166	0.008095827884972095
1167	0.004956397693604231
1168	0.007025697268545628
1169	0.007040248718112707
1170	0.008098836988210678
1171	0.008855719119310379
1172	0.007717290427535772
1173	0.007998372428119183
1174	0.009077507071197033
1175	0.00918927974998951
1176	0.0068367705680429935
1177	0.0061994390562176704
1178	0.008756224066019058
1179	0.009410339407622814
1180	0.007232332136482
1181	0.006277510430663824
1182	0.008035806007683277
1183	0.008006262592971325
1184	0.006676790304481983
1185	0.00942056905478239
1186	0.007353983353823423
1187	0.006835476495325565
1188	0.006532465573400259
1189	0.006860643625259399
1190	0.00591113930568099
1191	0.005775767844170332
1192	0.00798618234694004
1193	0.00661662220954895
1194	0.006345753557980061
1195	0.0041631716303527355
1196	0.005550349596887827
1197	0.0050971778109669685
1198	0.006074980366975069
1199	0.005116747226566076
1200	0.005393974017351866
1201	0.006599376443773508
1202	0.005211050622165203
1203	0.004790460225194693
1204	0.004497462883591652
1205	0.005127358715981245
1206	0.004779651761054993
1207	0.005026469472795725
1208	0.0051406254060566425
1209	0.005669793579727411
1210	0.0044286539778113365
1211	0.006215601693838835
1212	0.006700288038700819
1213	0.004687439184635878
1214	0.005945582874119282
1215	0.005633397493511438
1216	0.004644095432013273
1217	0.006453694310039282
1218	0.006502977106720209
1219	0.006739720236510038
1220	0.006671200972050428
1221	0.005042308010160923
1222	0.004936439450830221
1223	0.0074556730687618256
1224	0.0062915547750890255
1225	0.009353380650281906
1226	0.007262866478413343
1227	0.01239034067839384
1228	0.02235816977918148
1229	0.023201312869787216
1230	0.013165709562599659
1231	0.08461330831050873
1232	0.16545505821704865
1233	0.14199648797512054
1234	0.31199613213539124
1235	0.2536196708679199
1236	0.45355674624443054
1237	0.4675142467021942
1238	0.42831331491470337
1239	0.2761249542236328
1240	0.36886486411094666
1241	0.5870122313499451
1242	0.7303821444511414
1243	0.6251874566078186
1244	0.6800435185432434
1245	0.7295481562614441
1246	0.7968349456787109
1247	0.9284189343452454
1248	0.8786458969116211
1249	0.9492462277412415
1250	0.9341623187065125
1251	0.8296712040901184
1252	0.8310698866844177
1253	0.8598011136054993
1254	0.9063513875007629
1255	0.9301847815513611
1256	0.9807403683662415
1257	0.9771081805229187
1258	0.9883112907409668
1259	0.9875199198722839
1260	0.98004549741745
1261	0.9856874346733093
1262	0.9759716391563416
1263	0.9832373857498169
1264	0.981922447681427
1265	0.9829228520393372
1266	0.9423120617866516
1267	0.978434681892395
1268	0.9900881052017212
1269	0.9895672798156738
1270	0.9870477914810181
1271	0.9950717091560364
1272	0.9895336031913757
1273	0.7245352268218994
1274	0.9949121475219727
1275	0.9948644042015076
1276	0.9903964996337891
1277	0.9958422780036926
1278	0.9959571957588196
1279	0.9963096976280212
1280	0.9930917024612427
1281	0.9947478175163269
1282	0.9943071603775024
1283	0.9960784912109375
1284	0.9951400756835938
1285	0.9950336813926697
1286	0.9953945279121399
1287	0.9939137697219849
1288	0.9967802166938782
1289	0.9953640103340149
1290	0.9944453239440918
1291	0.9975854754447937
1292	0.9968623518943787
1293	0.9893455505371094
1294	0.995069146156311
1295	0.9664273262023926
1296	0.887126088142395
1297	0.9887534976005554
1298	0.9817280173301697
1299	0.9933289885520935
1300	0.9888869524002075
1301	0.9944161772727966
1302	0.9867849349975586
1303	0.8857877850532532
1304	0.46005716919898987
1305	0.6069122552871704
1306	0.7237758040428162
1307	0.8538593649864197
1308	0.9117071032524109
1309	0.9814645648002625
1310	0.9861224293708801
1311	0.9944238662719727
1312	0.9937820434570312
1313	0.9970397353172302
1314	0.9983016848564148
1315	0.9970949292182922
1316	0.9907751083374023
1317	0.9701414108276367
1318	0.9886409044265747
1319	0.9711944460868835
1320	0.9562024474143982
1321	0.9552620053291321
1322	0.919711709022522
1323	0.9592989087104797
1324	0.9821094870567322
1325	0.9811674356460571
1326	0.9646398425102234
1327	0.47227439284324646
1328	0.7965764999389648
1329	0.9910514950752258
1330	0.985176682472229
1331	0.9669999480247498
1332	0.9761358499526978
1333	0.9395864605903625
1334	0.7350414395332336
1335	0.014552447013556957
1336	0.012498434633016586
1337	0.013256470672786236
1338	0.014841747470200062
1339	0.0180964395403862
1340	0.013192526064813137
1341	0.016192201524972916
1342	0.014921349473297596
1343	0.021518295630812645
1344	0.08472094684839249
1345	0.4066174626350403
1346	0.8710395693778992
1347	0.8850126266479492
1348	0.8405880928039551
1349	0.7665550112724304
1350	0.1955365538597107
1351	0.07403027266263962
1352	0.021438416093587875
1353	0.018911803141236305
1354	0.019237207248806953
1355	0.019090864807367325
1356	0.02263745106756687
1357	0.025162402540445328
1358	0.0165097713470459
1359	0.01929551735520363
1360	0.04145171120762825
1361	0.055314626544713974
1362	0.023176124319434166
1363	0.024834949523210526
1364	0.05627026781439781
1365	0.027381349354982376
1366	0.024089684709906578
1367	0.01337956078350544
1368	0.015034590847790241
1369	0.01570402830839157
1370	0.012933080084621906
1371	0.009821531362831593
1372	0.011646001599729061
1373	0.012663173489272594
1374	0.012429333291947842
1375	0.01726553402841091
1376	0.018613621592521667
1377	0.012497938238084316
1378	0.017439894378185272
1379	0.017939874902367592
1380	0.0145539166405797
1381	0.018268799409270287
1382	0.0132432971149683
1383	0.012361596338450909
1384	0.016742778941988945
1385	0.01596776768565178
1386	0.012853882275521755
1387	0.014720909297466278
1388	0.014919877052307129
1389	0.013396081514656544
1390	0.009978557005524635
1391	0.011189861223101616
1392	0.015325762331485748
1393	0.0147788617759943
1394	0.018878597766160965
1395	0.01741906814277172
1396	0.017372524365782738
1397	0.012988467700779438
1398	0.015281940810382366
1399	0.01173423696309328
1400	0.013588611967861652
1401	0.014791999943554401
1402	0.013683969154953957
1403	0.012195040471851826
1404	0.01203174889087677
1405	0.013613668270409107
1406	0.01726159267127514
1407	0.01662140153348446
1408	0.022993551567196846
1409	0.020205620676279068
1410	0.026867305859923363
1411	0.030100716277956963
1412	0.02441801130771637
1413	0.018468771129846573
1414	0.017162302508950233
1415	0.02386290952563286
1416	0.017353955656290054
1417	0.01685754768550396
1418	0.010961745865643024
1419	0.02535327710211277
1420	0.014963516965508461
1421	0.016033103689551353
1422	0.01917452923953533
1423	0.018014343455433846
1424	0.017815001308918
1425	0.018546033650636673
1426	0.02515040896832943
1427	0.02677035890519619
1428	0.020463159307837486
1429	0.027931153774261475
1430	0.026524407789111137
1431	0.019718755036592484
1432	0.031044477596879005
1433	0.052426766604185104
1434	0.044847480952739716
1435	0.05287344381213188
1436	0.045515865087509155
1437	0.06627228111028671
1438	0.100114606320858
1439	0.09182611107826233
1440	0.03253024071455002
1441	0.05111206695437431
1442	0.040741536766290665
1443	0.03301322087645531
1444	0.02464088797569275
1445	0.03920801356434822
1446	0.04000348597764969
1447	0.014066985808312893
1448	0.011574303731322289
1449	0.0118036437779665
1450	0.013994336128234863
1451	0.01137305423617363
1452	0.008609773591160774
1453	0.010308608412742615
1454	0.010404391214251518
1455	0.0140718137845397
1456	0.010439346544444561
1457	0.01419241726398468
1458	0.014290466904640198
1459	0.01182036753743887
1460	0.016125530004501343
1461	0.020950540900230408
1462	0.01869305782020092
1463	0.013636275194585323
1464	0.013910857029259205
1465	0.017040202394127846
1466	0.017379019409418106
1467	0.014011572115123272
1468	0.015972575172781944
1469	0.01569133810698986
1470	0.016318870708346367
1471	0.01693175546824932
1472	0.02295645698904991
1473	0.016431955620646477
1474	0.017233459278941154
1475	0.021518848836421967
1476	0.015872661024332047
1477	0.020273959264159203
1478	0.01871497929096222
1479	0.014660105109214783
1480	0.018953701481223106
1481	0.032912857830524445
1482	0.04396877810359001
1483	0.036558061838150024
1484	0.048247333616018295
1485	0.12458189576864243
1486	0.0594489648938179
1487	0.09767863899469376
1488	0.06197204068303108
1489	0.30170938372612
1490	0.18807493150234222
1491	0.1645229309797287
1492	0.06506924331188202
1493	0.03404971584677696
1494	0.08737773448228836
1495	0.054834842681884766
1496	0.159170001745224
1497	0.049622029066085815
1498	0.05590542033314705
1499	0.016475019976496696
1500	0.009660872630774975
1501	0.017861757427453995
1502	0.014485356397926807
1503	0.015289976261556149
1504	0.022687917575240135
1505	0.033339764922857285
1506	0.21097759902477264
1507	0.3988264501094818
1508	0.5153666734695435
1509	0.2199060469865799
1510	0.5175690054893494
1511	0.46386271715164185
1512	0.3279624879360199
1513	0.343860924243927
1514	0.3115971088409424
1515	0.16937731206417084
1516	0.035779695957899094
1517	0.15975165367126465
1518	0.18192671239376068
1519	0.03447074070572853
1520	0.02135181427001953
1521	0.019579561427235603
1522	0.011860975995659828
1523	0.014580038376152515
1524	0.01322406530380249
1525	0.017689991742372513
1526	0.017553988844156265
1527	0.012953045777976513
1528	0.013737455010414124
1529	0.01647333800792694
1530	0.01269847434014082
1531	0.014876876957714558
1532	0.01111359242349863
1533	0.03603428974747658
1534	0.016919119283556938
1535	0.03477262333035469
1536	0.0464630201458931
1537	0.017405172809958458
1538	0.01617170311510563
1539	0.018057435750961304
1540	0.050722844898700714
1541	0.08499659597873688
1542	0.013926065526902676
1543	0.018898243084549904
1544	0.012185151688754559
1545	0.01202182937413454
1546	0.010304358787834644
1547	0.006795694585889578
1548	0.009451244957745075
1549	0.01008675154298544
1550	0.0075676352716982365
1551	0.004543008748441935
1552	0.005323993507772684
1553	0.007955118082463741
1554	0.004132797010242939
1555	0.006836364511400461
1556	0.007506059017032385
1557	0.005851698573678732
1558	0.00796381663531065
1559	0.008806365542113781
1560	0.008724107407033443
1561	0.00651945173740387
1562	0.008304878138005733
1563	0.01404300332069397
1564	0.021087482571601868
1565	0.00721706822514534
1566	0.007326591294258833
1567	0.006711353547871113
1568	0.0048460583202540874
1569	0.00869128666818142
1570	0.011926442384719849
1571	0.010679145343601704
1572	0.018334874883294106
1573	0.010351138189435005
1574	0.014866185374557972
1575	0.02399553917348385
1576	0.010533091612160206
1577	0.008747824467718601
1578	0.0140141686424613
1579	0.00898123998194933
1580	0.009521945379674435
1581	0.009415666572749615
1582	0.016686225309967995
1583	0.01125327218323946
1584	0.009140958078205585
1585	0.010487357154488564
1586	0.00962498877197504
1587	0.010173369199037552
1588	0.00828709825873375
1589	0.009794873185455799
1590	0.011170582845807076
1591	0.00885677244514227
1592	0.00969864334911108
1593	0.007394263055175543
1594	0.007141445763409138
1595	0.007688081357628107
1596	0.007773590739816427
1597	0.009968270547688007
1598	0.014274845831096172
1599	0.014782545156776905
1600	0.015989812090992928
1601	0.013830557465553284
1602	0.019474206492304802
1603	0.015541392378509045
1604	0.03273973986506462
1605	0.02042284421622753
1606	0.017867056652903557
1607	0.013780581764876842
1608	0.014808638952672482
1609	0.02502947859466076
1610	0.016982443630695343
1611	0.010523118078708649
1612	0.017640400677919388
1613	0.022113237529993057
1614	0.014221997931599617
1615	0.006462455727159977
1616	0.008512908592820168
1617	0.006833574268966913
1618	0.020865077152848244
1619	0.0045981924049556255
1620	0.008269351907074451
1621	0.008314534090459347
1622	0.011996561661362648
1623	0.02039238251745701
1624	0.01601347140967846
1625	0.019239654764533043
1626	0.0208585225045681
1627	0.01642983965575695
1628	0.01350332796573639
1629	0.015274069271981716
1630	0.014616590924561024
1631	0.020217325538396835
1632	0.015203691087663174
1633	0.009903310798108578
1634	0.01462609600275755
1635	0.011122412979602814
1636	0.011323961429297924
1637	0.009735189378261566
1638	0.010347788222134113
1639	0.009385948069393635
1640	0.010899445042014122
1641	0.007818049751222134
1642	0.0038317262660712004
1643	0.007443048059940338
1644	0.0074064284563064575
1645	0.006149366032332182
1646	0.004732167348265648
1647	0.008760089054703712
1648	0.0080705052241683
1649	0.009414597414433956
1650	0.013491409830749035
1651	0.01942707970738411
1652	0.014930774457752705
1653	0.02012479305267334
1654	0.015991954132914543
1655	0.014388054609298706
1656	0.01188400574028492
1657	0.01317170262336731
1658	0.010566899552941322
1659	0.0070498608984053135
1660	0.009334239177405834
1661	0.008050971664488316
1662	0.010098340921103954
1663	0.007681685965508223
1664	0.008813604712486267
1665	0.006377791054546833
1666	0.006161987315863371
1667	0.0055474466644227505
1668	0.00548660010099411
1669	0.005996265914291143
1670	0.005821669474244118
1671	0.0054701813496649265
1672	0.006727926433086395
1673	0.006317857187241316
1674	0.00572556396946311
1675	0.005315167363733053
1676	0.006656942423433065
1677	0.0074605331756174564
1678	0.005057997535914183
1679	0.004159154370427132
1680	0.008415299467742443
1681	0.006025159265846014
1682	0.007090072613209486
1683	0.008727981708943844
1684	0.009313197806477547
1685	0.010041865520179272
1686	0.01025222148746252
1687	0.01182674802839756
1688	0.01290334016084671
1689	0.013781053014099598
1690	0.008375043980777264
1691	0.012530048377811909
1692	0.012818358838558197
1693	0.0116043072193861
1694	0.007816001772880554
1695	0.011005223728716373
1696	0.023204801604151726
1697	0.01977081410586834
1698	0.025153590366244316
1699	0.020152045413851738
1700	0.020604029297828674
1701	0.02061494253575802
1702	0.019889498129487038
1703	0.048671744763851166
1704	0.013812950812280178
1705	0.010756048373878002
1706	0.010473599657416344
1707	0.011339748278260231
1708	0.01320184487849474
1709	0.009336146526038647
1710	0.011301982216536999
1711	0.010044315829873085
1712	0.009971643798053265
1713	0.009749031625688076
1714	0.009262992069125175
1715	0.007828271016478539
1716	0.00799928605556488
1717	0.00990756880491972
1718	0.00942396093159914
1719	0.009495474398136139
1720	0.007987788878381252
1721	0.008133522234857082
1722	0.007949967868626118
1723	0.0053284005261957645
1724	0.0056903176009655
1725	0.005767741706222296
1726	0.005730442237108946
1727	0.0053201462142169476
1728	0.004837643820792437
1729	0.006247000303119421
1730	0.006340363062918186
1731	0.007428813260048628
1732	0.006473013665527105
1733	0.00693656736984849
1734	0.0064361318945884705
1735	0.006399949546903372
1736	0.0056798928417265415
1737	0.005238249897956848
1738	0.00547593692317605
1739	0.00644863722845912
1740	0.0061609200201928616
1741	0.007174767553806305
1742	0.0067319744266569614
1743	0.006712719332426786
1744	0.007562411017715931
1745	0.004766598343849182
1746	0.0060554128140211105
1747	0.005952129140496254
1748	0.007126589305698872
1749	0.006668676622211933
1750	0.00668644905090332
1751	0.00784280151128769
1752	0.009449630044400692
1753	0.006717853248119354
1754	0.006259693298488855
1755	0.004625109490007162
1756	0.004895571619272232
1757	0.005114865954965353
1758	0.006935125682502985
1759	0.008464223705232143
1760	0.007472829427570105
1761	0.0067228348925709724
1762	0.0071013616397976875
1763	0.009635385125875473
1764	0.009265678003430367
1765	0.007510355208069086
1766	0.00787630956619978
1767	0.007744161877781153
1768	0.007715307176113129
1769	0.006657503545284271
1770	0.010201183147728443
1771	0.00566014414653182
1772	0.006279017310589552
1773	0.005334127228707075
1774	0.007964584045112133
1775	0.006225222256034613
1776	0.006810143124312162
1777	0.0053709158673882484
1778	0.0064161778427660465
1779	0.007665122393518686
1780	0.007083925884217024
1781	0.00564626744017005
1782	0.005903166718780994
1783	0.0070174443535506725
1784	0.0055551654659211636
1785	0.006659208331257105
1786	0.006477720569819212
1787	0.008065853267908096
1788	0.006288446485996246
1789	0.007188910152763128
1790	0.006100151222199202
1791	0.00656220642849803
1792	0.0049728224985301495
1793	0.006157422438263893
1794	0.010506569407880306
1795	0.010987994261085987
1796	0.009136470034718513
1797	0.005187709350138903
1798	0.006718385498970747
1799	0.009060464799404144
1800	0.011794296093285084
1801	0.009143813513219357
1802	0.007216611411422491
1803	0.009555003605782986
1804	0.00781661830842495
1805	0.012194531038403511
1806	0.01798347570002079
1807	0.021704507991671562
1808	0.018400082364678383
1809	0.07986845821142197
1810	0.1004234179854393
1811	0.14779816567897797
1812	0.08243685960769653
1813	0.3636094331741333
1814	0.1121598482131958
1815	0.40634414553642273
1816	0.33523955941200256
1817	0.45881906151771545
1818	0.46857815980911255
1819	0.5791359543800354
1820	0.15536406636238098
1821	0.5334224700927734
1822	0.4869624674320221
1823	0.5454654097557068
1824	0.040286432951688766
1825	0.03185143694281578
1826	0.06154198572039604
1827	0.13635952770709991
1828	0.15743114054203033
1829	0.1398339569568634
1830	0.3912786543369293
1831	0.23336954414844513
1832	0.08927281945943832
1833	0.633723795413971
1834	0.927757740020752
1835	0.9559282660484314
1836	0.9299787878990173
1837	0.981610894203186
1838	0.9933155179023743
1839	0.9860591292381287
1840	0.9891053438186646
1841	0.9858617186546326
1842	0.988682746887207
1843	0.7224704623222351
1844	0.9838549494743347
1845	0.9886892437934875
1846	0.9633234143257141
1847	0.9519283175468445
1848	0.9653176665306091
1849	0.9325400590896606
1850	0.9051483273506165
1851	0.8847786784172058
1852	0.9233693480491638
1853	0.8721437454223633
1854	0.8755135536193848
1855	0.8320774435997009
1856	0.9386218190193176
1857	0.736890435218811
1858	0.9880070090293884
1859	0.9551839828491211
1860	0.8187753558158875
1861	0.9172210693359375
1862	0.9101647734642029
1863	0.9508811831474304
1864	0.9759342074394226
1865	0.9888113141059875
1866	0.9806532263755798
1867	0.9928190112113953
1868	0.990649402141571
1869	0.9910604357719421
1870	0.05221353843808174
1871	0.03741271421313286
1872	0.024076072499155998
1873	0.010378173552453518
1874	0.013960209675133228
1875	0.010356912389397621
1876	0.010610497556626797
1877	0.011309737339615822
1878	0.0101289888843894
1879	0.01167308446019888
1880	0.01075867097824812
1881	0.014229655265808105
1882	0.022547125816345215
1883	0.013364759273827076
1884	0.01927669160068035
1885	0.007776767015457153
1886	0.011670845560729504
1887	0.04913771152496338
1888	0.9359140396118164
1889	0.9861883521080017
1890	0.9404672980308533
1891	0.7717177271842957
1892	0.538869321346283
1893	0.05407142639160156
1894	0.027912084013223648
1895	0.025782113894820213
1896	0.019036177545785904
1897	0.220561221241951
1898	0.34410539269447327
1899	0.48971444368362427
1900	0.6936075091362
1901	0.9330410361289978
1902	0.9772058725357056
1903	0.9865958094596863
1904	0.9827308654785156
1905	0.9554401636123657
1906	0.9909235239028931
1907	0.9852760434150696
1908	0.9858162999153137
1909	0.9768299460411072
1910	0.9890904426574707
1911	0.98358154296875
1912	0.9769905209541321
1913	0.9874427914619446
1914	0.959441602230072
1915	0.40648961067199707
1916	0.06320567429065704
1917	0.04810183122754097
1918	0.12714095413684845
1919	0.23522081971168518
1920	0.4723871350288391
1921	0.47093963623046875
1922	0.5450761914253235
1923	0.6495753526687622
1924	0.7480092644691467
1925	0.6360937356948853
1926	0.5500535368919373
1927	0.5557580590248108
1928	0.5377018451690674
1929	0.3602440059185028
1930	0.475106805562973
1931	0.2599290907382965
1932	0.591021716594696
1933	0.7827557921409607
1934	0.9519465565681458
1935	0.9214970469474792
1936	0.9662697911262512
1937	0.9606637954711914
1938	0.7382544279098511
1939	0.12036087363958359
1940	0.05134664848446846
1941	0.02959141694009304
1942	0.020002076402306557
1943	0.017183540388941765
1944	0.016589496284723282
1945	0.03115226700901985
1946	0.020702866837382317
1947	0.03155369311571121
1948	0.09012556076049805
1949	0.9135344624519348
1950	0.9775304794311523
1951	0.9899032711982727
1952	0.9964389801025391
1953	0.9945282340049744
1954	0.9913405776023865
1955	0.9894518852233887
1956	0.9818393588066101
1957	0.9637861251831055
1958	0.44507303833961487
1959	0.05398380756378174
1960	0.013466647826135159
1961	0.013834983110427856
1962	0.018330460414290428
1963	0.01565505936741829
1964	0.017528094351291656
1965	0.0129313413053751
1966	0.01665649376809597
1967	0.019321441650390625
1968	0.06743650883436203
1969	0.29010024666786194
1970	0.7614641189575195
1971	0.9406375288963318
1972	0.9925214648246765
1973	0.11435454338788986
1974	0.1282305270433426
1975	0.022132975980639458
1976	0.01557189878076315
1977	0.016044897958636284
1978	0.020171431824564934
1979	0.03603227064013481
1980	0.024166999384760857
1981	0.649579644203186
1982	0.4939177930355072
1983	0.3083617389202118
1984	0.38525259494781494
1985	0.2840626835823059
1986	0.1438460797071457
1987	0.10284848511219025
1988	0.11144832521677017
1989	0.16224156320095062
1990	0.1714479923248291
1991	0.3087211847305298
1992	0.28352299332618713
1993	0.2597666382789612
1994	0.12538817524909973
1995	0.2700773775577545
1996	0.7098116874694824
1997	0.9492496848106384
1998	0.9352204203605652
1999	0.9694733023643494
2000	0.9873409271240234
2001	0.9766992926597595
2002	0.9853607416152954
2003	0.9540247321128845
2004	0.9709989428520203
2005	0.9032145738601685
2006	0.8645514845848083
2007	0.8047767877578735
2008	0.9274879693984985
2009	0.9564642906188965
2010	0.8210727572441101
2011	0.8817707896232605
2012	0.7072439193725586
2013	0.019757186993956566
2014	0.04074770212173462
2015	0.4269106984138489
2016	0.7899260520935059
2017	0.8761537671089172
2018	0.9662027359008789
2019	0.9682294726371765
2020	0.9903336763381958
2021	0.5696836709976196
2022	0.9982534646987915
2023	0.9972220659255981
2024	0.9927331805229187
2025	0.9316760897636414
2026	0.9927242398262024
2027	0.9926729202270508
2028	0.9795225262641907
2029	0.9630835652351379
2030	0.9569218754768372
2031	0.9241833090782166
2032	0.6116719245910645
2033	0.21911482512950897
2034	0.9378318786621094
2035	0.9028896689414978
2036	0.9364237785339355
2037	0.970982015132904
2038	0.9544496536254883
2039	0.8962479829788208
2040	0.6009213924407959
2041	0.02121795155107975
2042	0.009487523697316647
2043	0.009749295189976692
2044	0.009382128715515137
2045	0.00872038584202528
2046	0.009629514999687672
2047	0.013278317637741566
2048	0.012248407118022442
2049	0.01108794566243887
2050	0.01009056344628334
2051	0.009425531141459942
2052	0.011873834766447544
2053	0.00976522546261549
2054	0.01028096117079258
2055	0.009046899154782295
2056	0.009390141814947128
2057	0.008018486201763153
2058	0.01912902668118477
2059	0.018013713881373405
2060	0.021479567512869835
2061	0.01544008869677782
2062	0.028789356350898743
2063	0.021675491705536842
2064	0.02599968947470188
2065	0.01292842160910368
2066	0.017376244068145752
2067	0.014843461103737354
2068	0.018754558637738228
2069	0.014700016938149929
2070	0.01914060488343239
2071	0.0192225631326437
2072	0.02979940176010132
2073	0.0280043613165617
2074	0.042885489761829376
2075	0.03662056103348732
2076	0.02559536136686802
2077	0.01890229992568493
2078	0.017838826403021812
2079	0.01836702786386013
2080	0.012365623377263546
2081	0.011932591907680035
2082	0.017331387847661972
2083	0.02116265334188938
2084	0.016104979440569878
2085	0.02221512235701084
2086	0.011978217400610447
2087	0.014492926187813282
2088	0.015917910262942314
2089	0.01315542496740818
2090	0.013393393717706203
2091	0.0180406142026186
2092	0.013546871952712536
2093	0.013581760227680206
2094	0.011816699989140034
2095	0.015575987286865711
2096	0.011701973155140877
2097	0.01068863458931446
2098	0.011280681006610394
2099	0.0132658826187253
2100	0.014521735720336437
2101	0.014005603268742561
2102	0.015280111692845821
2103	0.01101757027208805
2104	0.011019296944141388
2105	0.01954333297908306
2106	0.02516821026802063
2107	0.023731255903840065
2108	0.04456368833780289
2109	0.04609811305999756
2110	0.042264606803655624
2111	0.01775468699634075
2112	0.020790670067071915
2113	0.10515878349542618
2114	0.18505927920341492
2115	0.05614633485674858
2116	0.038452718406915665
2117	0.04546447843313217
2118	0.09412538260221481
2119	0.04076846316456795
2120	0.030368471518158913
2121	0.024637456983327866
2122	0.052706528455019
2123	0.12396722286939621
2124	0.05310714244842529
2125	0.056656885892152786
2126	0.11350121349096298
2127	0.07242012023925781
2128	0.11969085782766342
2129	0.18766902387142181
2130	0.42017117142677307
2131	0.6220278143882751
2132	0.5208402276039124
2133	0.52443927526474
2134	0.4495859146118164
2135	0.38805317878723145
2136	0.10779645293951035
2137	0.04987318813800812
2138	0.23547649383544922
2139	0.21747294068336487
2140	0.09634502232074738
2141	0.43911752104759216
2142	0.6500672101974487
2143	0.8056163787841797
2144	0.933810830116272
2145	0.9746904373168945
2146	0.9834221005439758
2147	0.9768428802490234
2148	0.041840456426143646
2149	0.3219665586948395
2150	0.5772924423217773
2151	0.6635233163833618
2152	0.7788230180740356
2153	0.9574877023696899
2154	0.9719117283821106
2155	0.9105958342552185
2156	0.9823495149612427
2157	0.9947873950004578
2158	0.9943056106567383
2159	0.9926943182945251
2160	0.9979776740074158
2161	0.9969303011894226
2162	0.9966249465942383
2163	0.3951416313648224
2164	0.996922492980957
2165	0.9926809668540955
2166	0.9958717226982117
2167	0.9913060069084167
2168	0.994122326374054
2169	0.988123893737793
2170	0.9705692529678345
2171	0.95393306016922
2172	0.9581558108329773
2173	0.9340927004814148
2174	0.9089173674583435
2175	0.9046635031700134
2176	0.8612697720527649
2177	0.9693195223808289
2178	0.9216111302375793
2179	0.954118549823761
2180	0.9310833215713501
2181	0.9776222109794617
2182	0.9906954169273376
2183	0.9881025552749634
2184	0.9832472801208496
2185	0.9916300177574158
2186	0.9817394614219666
2187	0.9627651572227478
2188	0.9841541647911072
2189	0.9872665405273438
2190	0.993645191192627
2191	0.9851211905479431
2192	0.975334644317627
2193	0.956576943397522
2194	0.9240833520889282
2195	0.9568802118301392
2196	0.9763660430908203
2197	0.9852789044380188
2198	0.9909338355064392
2199	0.9928058981895447
2200	0.9922083020210266
2201	0.976553738117218
2202	0.8347421884536743
2203	0.09087835997343063
2204	0.2755635678768158
2205	0.1387895941734314
2206	0.07255792617797852
2207	0.06208808347582817
2208	0.026537461206316948
2209	0.00826194416731596
2210	0.009847118519246578
2211	0.009486140683293343
2212	0.008811186999082565
2213	0.009526562876999378
2214	0.012483230791985989
2215	0.015369335189461708
2216	0.010356969200074673
2217	0.009854109026491642
2218	0.00911015272140503
2219	0.01060438435524702
2220	0.01409109402447939
2221	0.012516306713223457
2222	0.020666565746068954
2223	0.026223963126540184
2224	0.09998057782649994
2225	0.24975167214870453
2226	0.39183202385902405
2227	0.5542765259742737
2228	0.43433982133865356
2229	0.22506855428218842
2230	0.668727695941925
2231	0.7259232997894287
2232	0.7618786096572876
2233	0.07088934630155563
2234	0.9216064810752869
2235	0.9115857481956482
2236	0.8819486498832703
2237	0.8511786460876465
2238	0.8710502982139587
2239	0.9797295928001404
2240	0.9730449914932251
2241	0.962955117225647
2242	0.9462561011314392
2243	0.9444664120674133
2244	0.9470168948173523
2245	0.961935818195343
2246	0.9709398150444031
2247	0.9904174208641052
2248	0.991071879863739
2249	0.9966036677360535
2250	0.9952213168144226
2251	0.9946584701538086
2252	0.6829894185066223
2253	0.9916836023330688
2254	0.9945165514945984
2255	0.9919261336326599
2256	0.9512845277786255
2257	0.8927273750305176
2258	0.901793897151947
2259	0.8218573927879333
2260	0.2854985296726227
2261	0.08687254786491394
2262	0.09320114552974701
2263	0.03629213199019432
2264	0.016552386805415154
2265	0.011781974695622921
2266	0.01621381938457489
2267	0.015021172352135181
2268	0.016697904095053673
2269	0.015555894933640957
2270	0.011764836497604847
2271	0.015259272418916225
2272	0.01704503409564495
2273	0.015794504433870316
2274	0.015670983120799065
2275	0.014074647799134254
2276	0.012454378418624401
2277	0.011460247449576855
2278	0.07119487971067429
2279	0.0674644336104393
2280	0.027936294674873352
2281	0.012139569967985153
2282	0.01165833231061697
2283	0.01205527875572443
2284	0.01647300459444523
2285	0.0161339920014143
2286	0.6155357360839844
2287	0.9549828767776489
2288	0.9950937628746033
2289	0.9969034194946289
2290	0.782757043838501
2291	0.9958705902099609
2292	0.9945477843284607
2293	0.9899187088012695
2294	0.9883829355239868
2295	0.9834438562393188
2296	0.9582549929618835
2297	0.9638967514038086
2298	0.961609959602356
2299	0.9504066705703735
2300	0.9712061285972595
2301	0.981982409954071
2302	0.9779882431030273
2303	0.9775826334953308
2304	0.9839311838150024
2305	0.9805818796157837
2306	0.9720889925956726
2307	0.9738950729370117
2308	0.9731701016426086
2309	0.15040741860866547
2310	0.6290456652641296
2311	0.640743613243103
2312	0.5508293509483337
2313	0.6493588089942932
2314	0.6118651628494263
2315	0.415198415517807
2316	0.43002089858055115
2317	0.7108514904975891
2318	0.6026657223701477
2319	0.21707509458065033
2320	0.9293891787528992
2321	0.9461502432823181
2322	0.9636775255203247
2323	0.9794230461120605
2324	0.9571087956428528
2325	0.9588733911514282
2326	0.5559437870979309
2327	0.9762254953384399
2328	0.9390899538993835
2329	0.9634602665901184
2330	0.9164962768554688
2331	0.8239114880561829
2332	0.6842820048332214
2333	0.5079382061958313
2334	0.14241598546504974
2335	0.10886241495609283
2336	0.03843265399336815
2337	0.03504388406872749
2338	0.05480515956878662
2339	0.35268065333366394
2340	0.7560604810714722
2341	0.8772716522216797
2342	0.9372565150260925
2343	0.9904186129570007
2344	0.9832833409309387
2345	0.9898380637168884
2346	0.9932020306587219
2347	0.9911094903945923
2348	0.9887308478355408
2349	0.9793041348457336
2350	0.9975479245185852
2351	0.9954416155815125
2352	0.9962420463562012
2353	0.9658260345458984
2354	0.24727468192577362
2355	0.2774544656276703
2356	0.8191112875938416
2357	0.9142942428588867
2358	0.9421344995498657
2359	0.9352580904960632
2360	0.8928934931755066
2361	0.8618233799934387
2362	0.9560075998306274
2363	0.9236747622489929
2364	0.8036144375801086
2365	0.890534520149231
2366	0.3717840313911438
2367	0.1633872240781784
2368	0.10143592208623886
2369	0.04146132618188858
2370	0.1488661766052246
2371	0.6398829817771912
2372	0.18972273170948029
2373	0.12440978735685349
2374	0.4565046727657318
2375	0.6873230934143066
2376	0.4219013750553131
2377	0.05332643538713455
2378	0.29871878027915955
2379	0.019741760566830635
2380	0.012943366542458534
2381	0.019392739981412888
2382	0.014625783078372478
2383	0.014676133170723915
2384	0.020101312547922134
2385	0.013475142419338226
2386	0.01310091931372881
2387	0.015438712202012539
2388	0.02152613364160061
2389	0.01982743851840496
2390	0.018913567066192627
2391	0.012051096186041832
2392	0.01919860951602459
2393	0.01342224795371294
2394	0.008829571306705475
2395	0.011768537573516369
2396	0.008398748934268951
2397	0.00925722997635603
2398	0.009661597199738026
2399	0.0101392213255167
2400	0.007097525056451559
2401	0.011349804699420929
2402	0.009054228663444519
2403	0.010359575040638447
2404	0.012494373135268688
2405	0.012597021646797657
2406	0.014177940785884857
2407	0.012489126063883305
2408	0.012911510653793812
2409	0.015017040073871613
2410	0.014258463867008686
2411	0.016236020252108574
2412	0.013731800019741058
2413	0.012904509902000427
2414	0.013434982858598232
2415	0.015467162244021893
2416	0.014680053107440472
2417	0.014997385442256927
2418	0.015500113368034363
2419	0.01566249504685402
2420	0.016611624509096146
2421	0.012800506316125393
2422	0.011447361670434475
2423	0.008788089267909527
2424	0.008993756957352161
2425	0.008905245922505856
2426	0.07381262630224228
2427	0.16333578526973724
2428	0.3122687339782715
2429	0.11922500282526016
2430	0.05146649107336998
2431	0.031173348426818848
2432	0.08345720916986465
2433	0.022864608094096184
2434	0.02028849720954895
2435	0.01670393906533718
2436	0.018865708261728287
2437	0.02167593687772751
2438	0.01867435686290264
2439	0.022523848339915276
2440	0.017129933461546898
2441	0.01886916346848011
2442	0.027027366682887077
2443	0.014787601307034492
2444	0.011531274765729904
2445	0.014869066886603832
2446	0.014639622531831264
2447	0.0144273666664958
2448	0.025124168023467064
2449	0.018551800400018692
2450	0.022264985367655754
2451	0.024554938077926636
2452	0.024360064417123795
2453	0.024789372459053993
2454	0.023072270676493645
2455	0.030986595898866653
2456	0.018464794382452965
2457	0.07614725083112717
2458	0.08029492944478989
2459	0.09403315931558609
2460	0.2436082661151886
2461	0.14412178099155426
2462	0.17874863743782043
2463	0.26217377185821533
2464	0.2259681075811386
2465	0.2812284231185913
2466	0.3026484251022339
2467	0.34757909178733826
2468	0.46825096011161804
2469	0.2669527530670166
2470	0.2628643810749054
2471	0.09306065738201141
2472	0.30509382486343384
2473	0.5651758909225464
2474	0.6943791508674622
2475	0.7097123265266418
2476	0.8549699187278748
2477	0.7284526824951172
2478	0.9331623315811157
2479	0.34710070490837097
2480	0.7093650102615356
2481	0.7595576643943787
2482	0.7490479350090027
2483	0.8121688961982727
2484	0.7956480383872986
2485	0.8104943633079529
2486	0.8087822794914246
2487	0.714043915271759
2488	0.7895976901054382
2489	0.08051306009292603
2490	0.7171806693077087
2491	0.7164878845214844
2492	0.7887400984764099
2493	0.15269672870635986
2494	0.6555989980697632
2495	0.7382540702819824
2496	0.7652237415313721
2497	0.9643160104751587
2498	0.949576199054718
2499	0.8300431370735168
2500	0.37999996542930603
2501	0.8734162449836731
2502	0.8897776007652283
2503	0.9148673415184021
2504	0.455515056848526
2505	0.9514617919921875
2506	0.9548693895339966
2507	0.9493778347969055
2508	0.9027675986289978
2509	0.723578155040741
2510	0.0695161446928978
2511	0.8223352432250977
2512	0.8586341738700867
2513	0.9252338409423828
2514	0.9383304715156555
2515	0.8598011136054993
2516	0.8283249139785767
2517	0.8802388310432434
2518	0.8365093469619751
2519	0.8007827997207642
2520	0.1015554666519165
2521	0.017899660393595695
2522	0.029854029417037964
2523	0.0351203978061676
2524	0.02774636447429657
2525	0.026010338217020035
2526	0.011707263998687267
2527	0.017620321363210678
2528	0.020264098420739174
2529	0.02854120545089245
2530	0.1425328254699707
2531	0.764548659324646
2532	0.8941411972045898
2533	0.6081390380859375
2534	0.2564351558685303
2535	0.43427014350891113
2536	0.6311413645744324
2537	0.4394408166408539
2538	0.022294174879789352
2539	0.03690037876367569
2540	0.016591882333159447
2541	0.012333650141954422
2542	0.019444022327661514
2543	0.03246604651212692
2544	0.04231040179729462
2545	0.04050310328602791
2546	0.034726135432720184
2547	0.016570372506976128
2548	0.021556945517659187
2549	0.04386577755212784
2550	0.033118050545454025
2551	0.04089641571044922
2552	0.03810359910130501
2553	0.060055624693632126
2554	0.025263262912631035
2555	0.02250228449702263
2556	0.04860161989927292
2557	0.16264623403549194
2558	0.07033952325582504
2559	0.13794468343257904
2560	0.1187567338347435
2561	0.2924261689186096
2562	0.24992899596691132
2563	0.26142165064811707
2564	0.18782562017440796
2565	0.08134259283542633
2566	0.23382782936096191
2567	0.17032451927661896
2568	0.153672993183136
2569	0.1460280567407608
2570	0.14854416251182556
2571	0.15077519416809082
2572	0.17351962625980377
2573	0.1254432052373886
2574	0.1298155039548874
2575	0.14244751632213593
2576	0.14704792201519012
2577	0.17348051071166992
2578	0.2729625701904297
2579	0.2578839957714081
2580	0.45022425055503845
2581	0.06465379893779755
2582	0.2498936951160431
2583	0.3980339467525482
2584	0.22095786035060883
2585	0.2708028554916382
2586	0.13796959817409515
2587	0.04110570624470711
2588	0.0676809772849083
2589	0.609017014503479
2590	0.4940469264984131
2591	0.47494813799858093
2592	0.3605280816555023
2593	0.3179321885108948
2594	0.0949498638510704
2595	0.06274058669805527
2596	0.064741350710392
2597	0.029934978112578392
2598	0.0210445374250412
2599	0.03244971111416817
2600	0.09294946491718292
2601	0.2552170753479004
2602	0.22381091117858887
2603	0.1642533838748932
2604	0.03497413173317909
2605	0.016193652525544167
2606	0.016608310863375664
2607	0.01717536151409149
2608	0.018497774377465248
2609	0.017261048778891563
2610	0.01627844199538231
2611	0.021381845697760582
2612	0.016519460827112198
2613	0.019488124176859856
2614	0.021479066461324692
2615	0.02181086130440235
2616	0.015018424950540066
2617	0.01185534056276083
2618	0.011486494913697243
2619	0.015288054943084717
2620	0.017312144860625267
2621	0.020136354491114616
2622	0.020052960142493248
2623	0.01582437753677368
2624	0.0192490853369236
2625	0.017728392034769058
2626	0.018114542588591576
2627	0.012097586877644062
2628	0.010607252828776836
2629	0.015840474516153336
2630	0.014606642536818981
2631	0.015200047753751278
2632	0.019018476828932762
2633	0.014594445936381817
2634	0.013042156584560871
2635	0.014612868428230286
2636	0.01821109466254711
2637	0.03579436615109444
2638	0.03258141130208969
2639	0.020457521080970764
2640	0.021992435678839684
2641	0.013979165814816952
2642	0.010493683628737926
2643	0.007035430055111647
2644	0.008800179697573185
2645	0.011197700165212154
2646	0.012574277818202972
2647	0.011909740045666695
2648	0.0077765705063939095
2649	0.009661342017352581
2650	0.008921362459659576
2651	0.008125106804072857
2652	0.00875151064246893
2653	0.015054138377308846
2654	0.01185291726142168
2655	0.010769691318273544
2656	0.017127906903624535
2657	0.013377544470131397
2658	0.006542504765093327
2659	0.010899956338107586
2660	0.010370105504989624
2661	0.005762501619756222
2662	0.006338386330753565
2663	0.00481656426563859
2664	0.0070283981040120125
2665	0.01082321535795927
2666	0.011087695136666298
2667	0.011397133581340313
2668	0.014518672600388527
2669	0.010903808288276196
2670	0.007085577584803104
2671	0.00714484928175807
2672	0.005810023285448551
2673	0.0066468724980950356
2674	0.007160309236496687
2675	0.0050516254268586636
2676	0.007227333728224039
2677	0.006738599389791489
2678	0.005402455106377602
2679	0.007026003208011389
2680	0.007689140737056732
2681	0.00724851805716753
2682	0.006828132551163435
2683	0.006961918901652098
2684	0.004768222104758024
2685	0.007695286069065332
2686	0.0037474811542779207
2687	0.004928688518702984
2688	0.005396833643317223
2689	0.004583633970469236
2690	0.005876874551177025
2691	0.005417796317487955
2692	0.006684769876301289
2693	0.005031188949942589
2694	0.005230305250734091
2695	0.007833628915250301
2696	0.008516049943864346
2697	0.006062169559299946
2698	0.008784219622612
2699	0.006558093708008528
2700	0.009120269678533077
2701	0.006099013611674309
2702	0.005277009680867195
2703	0.0038541369140148163
2704	0.004829406272619963
2705	0.005233496427536011
2706	0.006060874555259943
2707	0.007824388332664967
2708	0.005744362249970436
2709	0.006008017808198929
2710	0.009741703048348427
2711	0.006728968117386103
2712	0.00580717483535409
2713	0.005304031074047089
2714	0.007779896259307861
2715	0.006436751689761877
2716	0.006409368943423033
2717	0.006159541197121143
2718	0.004393748473376036
2719	0.004226417280733585
2720	0.004499288275837898
2721	0.004951316397637129
2722	0.005157246720045805
2723	0.007004253566265106
2724	0.011887875385582447
2725	0.005919542163610458
2726	0.00683320639654994
2727	0.008626610040664673
2728	0.009722882881760597
2729	0.01431971974670887
2730	0.01471276767551899
2731	0.02656383626163006
2732	0.07477293163537979
2733	0.0707392543554306
2734	0.06008065864443779
2735	0.10026588290929794
2736	0.18036699295043945
2737	0.11071695387363434
2738	0.0962350144982338
2739	0.1862967312335968
2740	0.1198735237121582
2741	0.18782345950603485
2742	0.28548935055732727
2743	0.3487568497657776
2744	0.26025575399398804
2745	0.09172274172306061
2746	0.0231825839728117
2747	0.006741599645465612
2748	0.006311927922070026
2749	0.004678546451032162
2750	0.004881459753960371
2751	0.005693575832992792
2752	0.00964680127799511
2753	0.04612921550869942
2754	0.356675922870636
2755	0.6867419481277466
2756	0.7001418471336365
2757	0.7020142078399658
2758	0.7203457951545715
2759	0.6262992024421692
2760	0.7537817358970642
2761	0.8847886919975281
2762	0.709055483341217
2763	0.6137837767601013
2764	0.6804089546203613
2765	0.713646650314331
2766	0.646239697933197
2767	0.5498172640800476
2768	0.7052327394485474
2769	0.5875817537307739
2770	0.6758024096488953
2771	0.48777246475219727
2772	0.13114376366138458
2773	0.2314840406179428
2774	0.06823921203613281
2775	0.3189410865306854
2776	0.3865852355957031
2777	0.5129691958427429
2778	0.6692872047424316
2779	0.7381094098091125
2780	0.8594840168952942
2781	0.9771119952201843
2782	0.9901933670043945
2783	0.9958294034004211
2784	0.9939565658569336
2785	0.9958959817886353
2786	0.6723860502243042
2787	0.7749214172363281
2788	0.9894350171089172
2789	0.9679951667785645
2790	0.9935882687568665
2791	0.9932283759117126
2792	0.9828881621360779
2793	0.9862474799156189
2794	0.9920658469200134
2795	0.9959496855735779
2796	0.9938810467720032
2797	0.9904667735099792
2798	0.9760689735412598
2799	0.9239992499351501
2800	0.4134971797466278
2801	0.20802955329418182
2802	0.022913308814167976
2803	0.013241109438240528
2804	0.013246878981590271
2805	0.010463888756930828
2806	0.01365054864436388
2807	0.01228997390717268
2808	0.014707994647324085
2809	0.013910330832004547
2810	0.01667671836912632
2811	0.013540014624595642
2812	0.016674529761075974
2813	0.012753251008689404
2814	0.016060221940279007
2815	0.0105293532833457
2816	0.01793675124645233
2817	0.018233338370919228
2818	0.01585400104522705
2819	0.022069081664085388
2820	0.9838735461235046
2821	0.9979268908500671
2822	0.9834368824958801
2823	0.017948482185602188
2824	0.0040883333422243595
2825	0.010403520427644253
2826	0.013009155169129372
2827	0.01766207627952099
2828	0.01369719672948122
2829	0.01302928663790226
2830	0.0195350032299757
2831	0.02216849848628044
2832	0.02153649739921093
2833	0.01543398853391409
2834	0.014270883984863758
2835	0.016724945977330208
2836	0.013970717787742615
2837	0.011635650880634785
2838	0.010999682359397411
2839	0.02577998675405979
2840	0.03363426402211189
2841	0.03610091283917427
2842	0.09204050153493881
2843	0.05852103233337402
2844	0.10484208911657333
2845	0.07647872716188431
2846	0.14220082759857178
2847	0.06291985511779785
2848	0.05221765115857124
2849	0.024877047166228294
2850	0.01824142038822174
2851	0.04013901576399803
2852	0.060605134814977646
2853	0.11700190603733063
2854	0.13717710971832275
2855	0.3203633427619934
2856	0.4292726218700409
2857	0.22646358609199524
2858	0.11117436736822128
2859	0.024720629677176476
2860	0.03534591570496559
2861	0.02570267580449581
2862	0.020357904955744743
2863	0.024308398365974426
2864	0.041878946125507355
2865	0.13254314661026
2866	0.10628407448530197
2867	0.14874283969402313
2868	0.344896525144577
2869	0.2903003692626953
2870	0.2159244567155838
2871	0.4112734794616699
2872	0.04062322899699211
2873	0.6859182715415955
2874	0.8969925045967102
2875	0.8210248947143555
2876	0.9125596284866333
2877	0.8860461115837097
2878	0.9658109545707703
2879	0.7238101363182068
2880	0.9876683354377747
2881	0.9788640141487122
2882	0.9619300961494446
2883	0.9577345252037048
2884	0.9380742907524109
2885	0.9422268271446228
2886	0.938754677772522
2887	0.8375796675682068
2888	0.753741443157196
2889	0.3265813887119293
2890	0.05869317054748535
2891	0.02474738471210003
2892	0.019004343077540398
2893	0.020743776112794876
2894	0.02467021532356739
2895	0.023179879412055016
2896	0.024266880005598068
2897	0.021703584119677544
2898	0.019553013145923615
2899	0.01485478039830923
2900	0.026701217517256737
2901	0.01032558735460043
2902	0.013379800133407116
2903	0.04986919090151787
2904	0.1838669776916504
2905	0.02242336980998516
2906	0.09102852642536163
2907	0.3816247582435608
2908	0.046101074665784836
2909	0.01369903702288866
2910	0.06492111831903458
2911	0.035274431109428406
2912	0.025055576115846634
2913	0.0219771396368742
2914	0.02699681557714939
2915	0.07121694087982178
2916	0.38453409075737
2917	0.7620832920074463
2918	0.7446404099464417
2919	0.7276012301445007
2920	0.6599298715591431
2921	0.49460792541503906
2922	0.720564067363739
2923	0.4863301217556
2924	0.27440333366394043
2925	0.06275078654289246
2926	0.3369101583957672
2927	0.6133789420127869
2928	0.5925390124320984
2929	0.6421634554862976
2930	0.7587242126464844
2931	0.8897044062614441
2932	0.9367895126342773
2933	0.8800731897354126
2934	0.6995243430137634
2935	0.6406511664390564
2936	0.692826509475708
2937	0.5002273917198181
2938	0.46690377593040466
2939	0.2835577130317688
2940	0.08725249767303467
2941	0.7477272152900696
2942	0.7786270380020142
2943	0.883790135383606
2944	0.8885046243667603
2945	0.17386965453624725
2946	0.1656108796596527
2947	0.22523227334022522
2948	0.4382432997226715
2949	0.7722049951553345
2950	0.9347505569458008
2951	0.31638941168785095
2952	0.8971424102783203
2953	0.8891655206680298
2954	0.8726892471313477
2955	0.9265682101249695
2956	0.9565778970718384
2957	0.9799528121948242
2958	0.9916120767593384
2959	0.993663489818573
2960	0.9964844584465027
2961	0.7166492342948914
2962	0.9763757586479187
2963	0.9849533438682556
2964	0.974639356136322
2965	0.9848076701164246
2966	0.9662620425224304
2967	0.9842422604560852
2968	0.9690091013908386
2969	0.9871976971626282
2970	0.9598857760429382
2971	0.7029092907905579
2972	0.054063715040683746
2973	0.017518676817417145
2974	0.01605074107646942
2975	0.017891818657517433
2976	0.017713937908411026
2977	0.017443878576159477
2978	0.5374910235404968
2979	0.86073237657547
2980	0.8778831362724304
2981	0.9304174780845642
2982	0.9672582745552063
2983	0.9721089601516724
2984	0.2537899911403656
2985	0.8629212379455566
2986	0.7473676800727844
2987	0.8716272711753845
2988	0.7829174399375916
2989	0.5887407660484314
2990	0.4262092113494873
2991	0.09872039407491684
2992	0.018358319997787476
2993	0.013776245526969433
2994	0.017274601384997368
2995	0.015728672966361046
2996	0.014945673756301403
2997	0.016426026821136475
2998	0.014574739150702953
2999	0.012894961051642895
3000	0.013679820112884045
3001	0.0164716225117445
3002	0.017569953575730324
3003	0.01724446751177311
3004	0.01877148263156414
3005	0.026327500119805336
3006	0.012683798559010029
3007	0.03489368036389351
3008	0.4726620614528656
3009	0.4740365147590637
3010	0.9536013603210449
3011	0.9470243453979492
3012	0.856332004070282
3013	0.9531165957450867
3014	0.9404825568199158
3015	0.9633510708808899
3016	0.9728233218193054
3017	0.9824983477592468
3018	0.9930831789970398
3019	0.9770849347114563
3020	0.9773088693618774
3021	0.9115982055664062
3022	0.8721060752868652
3023	0.9379216432571411
3024	0.7351781129837036
3025	0.36705249547958374
3026	0.9443524479866028
3027	0.9823310971260071
3028	0.9696186184883118
3029	0.9769423604011536
3030	0.9872187972068787
3031	0.49039965867996216
3032	0.9068073630332947
3033	0.9590431451797485
3034	0.9108552932739258
3035	0.9721717834472656
3036	0.971657931804657
3037	0.990822434425354
3038	0.9798166155815125
3039	0.9890024065971375
3040	0.9711856842041016
3041	0.9547902345657349
3042	0.972405731678009
3043	0.9578426480293274
3044	0.9170730710029602
3045	0.9230173230171204
3046	0.8019245266914368
3047	0.5032728910446167
3048	0.9905943870544434
3049	0.991078794002533
3050	0.9944145083427429
3051	0.9891485571861267
3052	0.9944726824760437
3053	0.9970890283584595
3054	0.9968199133872986
3055	0.9956634640693665
3056	0.9963241815567017
3057	0.9553331732749939
3058	0.9923428893089294
3059	0.9879526495933533
3060	0.9784188270568848
3061	0.9107460379600525
3062	0.8801634907722473
3063	0.7218770384788513
3064	0.9440860748291016
3065	0.8885019421577454
3066	0.6191679835319519
3067	0.02423957549035549
3068	0.01484013069421053
3069	0.013181924819946289
3070	0.025782203301787376
3071	0.03261418268084526
3072	0.13504023849964142
3073	0.45023342967033386
3074	0.8047466278076172
3075	0.9659757614135742
3076	0.9541544318199158
3077	0.9980441331863403
3078	0.9986850023269653
3079	0.9974422454833984
3080	0.9968973398208618
3081	0.9987562298774719
3082	0.996665894985199
3083	0.9961130023002625
3084	0.9926444888114929
3085	0.9223661422729492
3086	0.13930831849575043
3087	0.043112948536872864
3088	0.011084499768912792
3089	0.0116419717669487
3090	0.012724569998681545
3091	0.45957884192466736
3092	0.7944734692573547
3093	0.8646756410598755
3094	0.9219072461128235
3095	0.9830984473228455
3096	0.9977235198020935
3097	0.9953436255455017
3098	0.9941526651382446
3099	0.845716118812561
3100	0.9730059504508972
3101	0.9903923273086548
3102	0.989967942237854
3103	0.9937943816184998
3104	0.9775837063789368
3105	0.9788743853569031
3106	0.9720728993415833
3107	0.8491153717041016
3108	0.37963441014289856
3109	0.6528607606887817
3110	0.5397352576255798
3111	0.2125793993473053
3112	0.8739677667617798
3113	0.7254025340080261
3114	0.549751341342926
3115	0.14080294966697693
3116	0.048503436148166656
3117	0.03017464280128479
3118	0.03503590449690819
3119	0.08086372911930084
3120	0.03278307244181633
3121	0.026043785735964775
3122	0.029680440202355385
3123	0.019115205854177475
3124	0.016154689714312553
3125	0.016795707866549492
3126	0.020646395161747932
3127	0.015809666365385056
3128	0.017594914883375168
3129	0.016368521377444267
3130	0.015602282248437405
3131	0.033765777945518494
3132	0.031274113804101944
3133	0.05254988744854927
3134	0.3511597812175751
3135	0.6264289617538452
3136	0.7842428088188171
3137	0.9592483639717102
3138	0.9598968625068665
3139	0.9737016558647156
3140	0.979104220867157
3141	0.9231018424034119
3142	0.050536513328552246
3143	0.03363479673862457
3144	0.06615137308835983
3145	0.1739364117383957
3146	0.27051839232444763
3147	0.4899000823497772
3148	0.4942600727081299
3149	0.23592261970043182
3150	0.023104513064026833
3151	0.011657985858619213
3152	0.01336643099784851
3153	0.012460020370781422
3154	0.011155552230775356
3155	0.01397679466754198
3156	0.013031303882598877
3157	0.013169506564736366
3158	0.013058612123131752
3159	0.01384111400693655
3160	0.013169069774448872
3161	0.009072980843484402
3162	0.014566791243851185
3163	0.016910899430513382
3164	0.2042682021856308
3165	0.9857479929924011
3166	0.9912407994270325
3167	0.9923185706138611
3168	0.9908537268638611
3169	0.9968751072883606
3170	0.9975481033325195
3171	0.9971729516983032
3172	0.9956413507461548
3173	0.996931254863739
3174	0.996813952922821
3175	0.9965238571166992
3176	0.9962116479873657
3177	0.9928597807884216
3178	0.992524266242981
3179	0.9959592819213867
3180	0.991813600063324
3181	0.9897586703300476
3182	0.9629223942756653
3183	0.9516506195068359
3184	0.9681030511856079
3185	0.8085315823554993
3186	0.8759343028068542
3187	0.9511063694953918
3188	0.9462724924087524
3189	0.9900907874107361
3190	0.991020143032074
3191	0.9960660934448242
3192	0.9961393475532532
3193	0.8229475021362305
3194	0.9971246719360352
3195	0.9905123710632324
3196	0.995090126991272
3197	0.9940775036811829
3198	0.9962139129638672
3199	0.9267420768737793
3200	0.9889270067214966
3201	0.985950767993927
3202	0.9896270036697388
3203	0.970055878162384
3204	0.9881258010864258
3205	0.8836389780044556
3206	0.9914606213569641
3207	0.9784004092216492
3208	0.9688135385513306
3209	0.9711632132530212
3210	0.9472630620002747
3211	0.9111446738243103
3212	0.9653350114822388
3213	0.9671188592910767
3214	0.9727681279182434
3215	0.8915987014770508
3216	0.3057532012462616
3217	0.18529032170772552
3218	0.1125875934958458
3219	0.11744947731494904
3220	0.1321033239364624
3221	0.08765352517366409
3222	0.016704387962818146
3223	0.019974136725068092
3224	0.04875503107905388
3225	0.18040108680725098
3226	0.32541391253471375
3227	0.15320025384426117
3228	0.9686960577964783
3229	0.8679473996162415
3230	0.8354591727256775
3231	0.2766971290111542
3232	0.32735475897789
3233	0.8080040812492371
3234	0.8743596076965332
3235	0.824995219707489
3236	0.8330432772636414
3237	0.9646768569946289
3238	0.9233646392822266
3239	0.9584644436836243
3240	0.9349086880683899
3241	0.912661075592041
3242	0.8924040794372559
3243	0.799192488193512
3244	0.888188362121582
3245	0.9709721803665161
3246	0.9764885902404785
3247	0.9131361842155457
3248	0.5169535875320435
3249	0.2349863052368164
3250	0.03321170434355736
3251	0.013387066312134266
3252	0.011409522965550423
3253	0.010702142491936684
3254	0.011102388612926006
3255	0.01122999843209982
3256	0.012320445850491524
3257	0.010217460803687572
3258	0.01039897557348013
3259	0.013308743014931679
3260	0.011555756442248821
3261	0.010685683228075504
3262	0.013000584207475185
3263	0.015856176614761353
3264	0.04685182124376297
3265	0.050391387194395065
3266	0.03372543677687645
3267	0.01892702281475067
3268	0.050368744879961014
3269	0.042871955782175064
3270	0.06389161199331284
3271	0.024575619027018547
3272	0.023641346022486687
3273	0.21693561971187592
3274	0.7870566248893738
3275	0.1815982609987259
3276	0.935411274433136
3277	0.9778308868408203
3278	0.9876082539558411
3279	0.5888092517852783
3280	0.9951086044311523
3281	0.9956845641136169
3282	0.9936519861221313
3283	0.9924516677856445
3284	0.9809714555740356
3285	0.8743637204170227
3286	0.9758520126342773
3287	0.9808053970336914
3288	0.9917890429496765
3289	0.8718408942222595
3290	0.39536619186401367
3291	0.3140835762023926
3292	0.6349449157714844
3293	0.574353039264679
3294	0.4779069423675537
3295	0.8736972808837891
3296	0.8199043273925781
3297	0.729058563709259
3298	0.7962216734886169
3299	0.934430718421936
3300	0.9702324867248535
3301	0.9746636748313904
3302	0.9606653451919556
3303	0.9779791235923767
3304	0.894997775554657
3305	0.07947111129760742
3306	0.013635361567139626
3307	0.01164096500724554
3308	0.011317990720272064
3309	0.01226287242025137
3310	0.015928447246551514
3311	0.017132265493273735
3312	0.014394707977771759
3313	0.012921764515340328
3314	0.011480658315122128
3315	0.018010661005973816
3316	0.015310214832425117
3317	0.01902441680431366
3318	0.019451791420578957
3319	0.018462521955370903
3320	0.014897543005645275
3321	0.018596520647406578
3322	0.01924392580986023
3323	0.020066363736987114
3324	0.019894978031516075
3325	0.02026096172630787
3326	0.02033417858183384
3327	0.027206389233469963
3328	0.02135157398879528
3329	0.021071601659059525
3330	0.015387437306344509
3331	0.015113092958927155
3332	0.018360629677772522
3333	0.0149112893268466
3334	0.017388179898262024
3335	0.015168368816375732
3336	0.014585752971470356
3337	0.026964282616972923
3338	0.04173651337623596
3339	0.09513255208730698
3340	0.05844959244132042
3341	0.3161203861236572
3342	0.23680734634399414
3343	0.18263371288776398
3344	0.3144371509552002
3345	0.05889812111854553
3346	0.03290857747197151
3347	0.04786045849323273
3348	0.03238656371831894
3349	0.05533846095204353
3350	0.09814419597387314
3351	0.3824060559272766
3352	0.154000923037529
3353	0.06174193695187569
3354	0.06331368535757065
3355	0.0247240848839283
3356	0.013216999359428883
3357	0.01863192953169346
3358	0.019630879163742065
3359	0.02420877479016781
3360	0.024685455486178398
3361	0.02295110747218132
3362	0.024179846048355103
3363	0.02277475595474243
3364	0.022897064685821533
3365	0.019593188539147377
3366	0.024225324392318726
3367	0.016209684312343597
3368	0.023046473041176796
3369	0.02096944861114025
3370	0.02084059827029705
3371	0.08901450783014297
3372	0.6632242202758789
3373	0.8962110877037048
3374	0.951276957988739
3375	0.947006344795227
3376	0.7379451990127563
3377	0.5068876147270203
3378	0.6417883038520813
3379	0.7730463743209839
3380	0.9391641020774841
3381	0.9084354639053345
3382	0.8877534866333008
3383	0.8556324243545532
3384	0.9529411196708679
3385	0.9361163973808289
3386	0.9648262858390808
3387	0.9484791159629822
3388	0.9638994336128235
3389	0.9236361384391785
3390	0.9703879356384277
3391	0.9615784883499146
3392	0.8867525458335876
3393	0.9637556076049805
3394	0.9136120676994324
3395	0.9680196046829224
3396	0.4497630298137665
3397	0.628578782081604
3398	0.5826898813247681
3399	0.2847259044647217
3400	0.03749639540910721
3401	0.034577470272779465
3402	0.03386325761675835
3403	0.0208999402821064
3404	0.02097347564995289
3405	0.02090655080974102
3406	0.02154594287276268
3407	0.031843699514865875
3408	0.05604007467627525
3409	0.1859653741121292
3410	0.09623000770807266
3411	0.1763099730014801
3412	0.07876985520124435
3413	0.14358101785182953
3414	0.41816312074661255
3415	0.5684553384780884
3416	0.5676183104515076
3417	0.9619913101196289
3418	0.9804863333702087
3419	0.9756981134414673
3420	0.9977303743362427
3421	0.9932035803794861
3422	0.9871196746826172
3423	0.9889378547668457
3424	0.5750703811645508
3425	0.9969808459281921
3426	0.9972015619277954
3427	0.9968641400337219
3428	0.998137891292572
3429	0.9929795265197754
3430	0.9389500021934509
3431	0.7906099557876587
3432	0.07201188057661057
3433	0.016137853264808655
3434	0.02273559756577015
3435	0.02256406471133232
3436	0.020055590197443962
3437	0.02082992158830166
3438	0.020595794543623924
3439	0.022053087130188942
3440	0.0198625847697258
3441	0.016944078728556633
3442	0.023291202262043953
3443	0.026812762022018433
3444	0.024407675489783287
3445	0.019326580688357353
3446	0.020827550441026688
3447	0.01993422769010067
3448	0.01824036054313183
3449	0.01825794018805027
3450	0.018052823841571808
3451	0.01884370855987072
3452	0.01639587990939617
3453	0.027831722050905228
3454	0.02150251716375351
3455	0.02417914755642414
3456	0.026706833392381668
3457	0.028575683012604713
3458	0.018072351813316345
3459	0.023326389491558075
3460	0.029014140367507935
3461	0.032340168952941895
3462	0.023291099816560745
3463	0.018565980717539787
3464	0.013101056218147278
3465	0.009346318431198597
3466	0.018007686361670494
3467	0.018108734861016273
3468	0.01869051530957222
3469	0.018875673413276672
3470	0.017260495573282242
3471	0.029767025262117386
3472	0.04776350408792496
3473	0.07997391372919083
3474	0.15292933583259583
3475	0.12629936635494232
3476	0.08075835555791855
3477	0.03161716088652611
3478	0.029201555997133255
3479	0.020564714446663857
3480	0.020566215738654137
3481	0.023245567455887794
3482	0.019858915358781815
3483	0.024288076907396317
3484	0.016949350014328957
3485	0.03209258243441582
3486	0.0459529347717762
3487	0.08521070331335068
3488	0.11861026287078857
3489	0.5497731566429138
3490	0.2839738130569458
3491	0.5171651840209961
3492	0.4548036754131317
3493	0.8003697395324707
3494	0.5303670167922974
3495	0.8465469479560852
3496	0.6053507924079895
3497	0.4428669512271881
3498	0.3849547207355499
3499	0.7415964007377625
3500	0.4710865914821625
3501	0.13914130628108978
3502	0.4954818785190582
3503	0.4603460729122162
3504	0.6742534041404724
3505	0.7252464890480042
3506	0.82277911901474
3507	0.1261926144361496
3508	0.0175972580909729
3509	0.00865919142961502
3510	0.01480183657258749
3511	0.019687896594405174
3512	0.01462013740092516
3513	0.017853019759058952
3514	0.020178183913230896
3515	0.017684761434793472
3516	0.018099484965205193
3517	0.01618930511176586
3518	0.019303832203149796
3519	0.06099105626344681
3520	0.9288542866706848
3521	0.9893914461135864
3522	0.9966461062431335
3523	0.998112142086029
3524	0.9943052530288696
3525	0.9134882092475891
3526	0.7374915480613708
3527	0.9941564798355103
3528	0.997370719909668
3529	0.9916751980781555
3530	0.9918413162231445
3531	0.9949911236763
3532	0.9964935183525085
3533	0.9780014157295227
3534	0.9729499220848083
3535	0.8433902859687805
3536	0.3595202565193176
3537	0.032873328775167465
3538	0.01925605908036232
3539	0.017745260149240494
3540	0.01683974824845791
3541	0.015242955647408962
3542	0.015839146450161934
3543	0.02331855148077011
3544	0.2945075035095215
3545	0.5213813185691833
3546	0.6074825525283813
3547	0.8574989438056946
3548	0.28182464838027954
3549	0.7675126194953918
3550	0.9582148790359497
3551	0.9885585904121399
3552	0.9947754144668579
3553	0.9859588742256165
3554	0.9903656840324402
3555	0.6250175833702087
3556	0.988045334815979
3557	0.9885364770889282
3558	0.9709798097610474
3559	0.8247795104980469
3560	0.9877111315727234
3561	0.9874143600463867
3562	0.9911041259765625
3563	0.9575222134590149
3564	0.6998369693756104
3565	0.9487199187278748
3566	0.9426186680793762
3567	0.9297589659690857
3568	0.7027266621589661
3569	0.061209406703710556
3570	0.1062086820602417
3571	0.16152210533618927
3572	0.10460672527551651
3573	0.29000377655029297
3574	0.5875195860862732
3575	0.3497157096862793
3576	0.45116662979125977
3577	0.09682991355657578
3578	0.016215555369853973
3579	0.597453773021698
3580	0.7309739589691162
3581	0.6888620257377625
3582	0.9848012924194336
3583	0.9953953623771667
3584	0.9957874417304993
3585	0.9960134625434875
3586	0.9912555813789368
3587	0.2502293288707733
3588	0.0782289057970047
3589	0.014986108057200909
3590	0.015832245349884033
3591	0.016105741262435913
3592	0.022164219990372658
3593	0.021063540130853653
3594	0.013691097497940063
3595	0.01576371304690838
3596	0.01392581220716238
3597	0.01285555399954319
3598	0.0147117143496871
3599	0.01671587862074375
3600	0.021611060947179794
3601	0.014232806861400604
3602	0.016901258379220963
3603	0.028971871361136436
3604	0.032020602375268936
3605	0.022418497130274773
3606	0.021491151303052902
3607	0.014007575809955597
3608	0.014413336291909218
3609	0.019574841484427452
3610	0.018875006586313248
3611	0.018078653141856194
3612	0.020039811730384827
3613	0.022642094641923904
3614	0.019708720967173576
3615	0.018052903935313225
3616	0.018629474565386772
3617	0.017976021394133568
3618	0.014288589358329773
3619	0.017338955774903297
3620	0.015783969312906265
3621	0.013683125376701355
3622	0.012202990241348743
3623	0.014341838657855988
3624	0.019690532237291336
3625	0.016553513705730438
3626	0.02357911877334118
3627	0.019604910165071487
3628	0.017503714188933372
3629	0.0199032761156559
3630	0.02163328044116497
3631	0.019027670845389366
3632	0.019400203600525856
3633	0.023365860804915428
3634	0.023131437599658966
3635	0.02569427527487278
3636	0.025667915120720863
3637	0.03451085835695267
3638	0.027569090947508812
3639	0.031043654307723045
3640	0.030468767508864403
3641	0.026514047756791115
3642	0.023064561188220978
3643	0.03370537981390953
3644	0.027740269899368286
3645	0.02261020615696907
3646	0.014968610368669033
3647	0.014602879993617535
3648	0.011347784660756588
3649	0.014481082558631897
3650	0.014620206318795681
3651	0.016240239143371582
3652	0.016199631616473198
3653	0.015286440961062908
3654	0.013209673576056957
3655	0.013544517569243908
3656	0.01674136333167553
3657	0.01841787062585354
3658	0.015462452545762062
3659	0.01827509142458439
3660	0.020275553688406944
3661	0.014800034463405609
3662	0.020255722105503082
3663	0.012785414233803749
3664	0.012734484858810902
3665	0.016644703224301338
3666	0.012698249891400337
3667	0.01534316223114729
3668	0.017866047099232674
3669	0.020078185945749283
3670	0.022694258019328117
3671	0.048151787370443344
3672	0.05407034233212471
3673	0.09520217031240463
3674	0.05637858435511589
3675	0.020406601950526237
3676	0.03671952709555626
3677	0.06119517236948013
3678	0.044990964233875275
3679	0.03552515059709549
3680	0.02739492990076542
3681	0.05605372413992882
3682	0.029960548505187035
3683	0.03738798573613167
3684	0.018353426828980446
3685	0.05656025558710098
3686	0.07558047771453857
3687	0.09351886808872223
3688	0.11553410440683365
3689	0.24622900784015656
3690	0.31564947962760925
3691	0.2611468732357025
3692	0.16513065993785858
3693	0.24893198907375336
3694	0.25336921215057373
3695	0.6375806927680969
3696	0.77411288022995
3697	0.608160138130188
3698	0.8328863978385925
3699	0.7866395711898804
3700	0.8094974756240845
3701	0.9344393610954285
3702	0.9208807349205017
3703	0.5383093953132629
3704	0.9605542421340942
3705	0.9816441535949707
3706	0.9676999449729919
3707	0.373800665140152
3708	0.8892437219619751
3709	0.9433973431587219
3710	0.9393714070320129
3711	0.935027539730072
3712	0.8755287528038025
3713	0.9081541299819946
3714	0.848211944103241
3715	0.9297428131103516
3716	0.9734999537467957
3717	0.9776968955993652
3718	0.9681453108787537
3719	0.7020947337150574
3720	0.8528375625610352
3721	0.8606563806533813
3722	0.8848890662193298
3723	0.9367046356201172
3724	0.9313913583755493
3725	0.8956990242004395
3726	0.827073872089386
3727	0.9604144096374512
3728	0.9636712074279785
3729	0.9448783993721008
3730	0.9568244814872742
3731	0.6486722826957703
3732	0.8068739175796509
3733	0.8708063364028931
3734	0.9803465008735657
3735	0.9193142056465149
3736	0.8220573663711548
3737	0.8030012249946594
3738	0.2147633135318756
3739	0.026155773550271988
3740	0.04516209661960602
3741	0.7229522466659546
3742	0.47118639945983887
3743	0.10907775163650513
3744	0.11597471684217453
3745	0.2419615238904953
3746	0.5170249938964844
3747	0.7976394891738892
3748	0.8014844059944153
3749	0.8934130668640137
3750	0.9167399406433105
3751	0.8936010599136353
3752	0.20207861065864563
3753	0.8592603802680969
3754	0.9533061981201172
3755	0.9624582529067993
3756	0.9864255785942078
3757	0.9838536381721497
3758	0.9142592549324036
3759	0.938537061214447
3760	0.8452903032302856
3761	0.4041863977909088
3762	0.24309669435024261
3763	0.02626790665090084
3764	0.015554568730294704
3765	0.02025897055864334
3766	0.015904096886515617
3767	0.01353961881250143
3768	0.1657770723104477
3769	0.1397223323583603
3770	0.9711410403251648
3771	0.9545572400093079
3772	0.9928069114685059
3773	0.9939126968383789
3774	0.9961269497871399
3775	0.9928292632102966
3776	0.9935854077339172
3777	0.9899610877037048
3778	0.9892945289611816
3779	0.9849352836608887
3780	0.9954769015312195
3781	0.9943744540214539
3782	0.995827317237854
3783	0.9963253140449524
3784	0.9944689869880676
3785	0.9940149188041687
3786	0.9827020764350891
3787	0.9787494540214539
3788	0.9544714093208313
3789	0.25010791420936584
3790	0.9049955606460571
3791	0.7546042799949646
3792	0.8505029678344727
3793	0.8510339856147766
3794	0.950137734413147
3795	0.987450122833252
3796	0.9935838580131531
3797	0.98870849609375
3798	0.9844445586204529
3799	0.9940496683120728
3800	0.9888763427734375
3801	0.9810390472412109
3802	0.9829986691474915
3803	0.7507576942443848
3804	0.9873194098472595
3805	0.9863630533218384
3806	0.9871225357055664
3807	0.9604820609092712
3808	0.9761223196983337
3809	0.9577299356460571
3810	0.9637247323989868
3811	0.9748349189758301
3812	0.9736413955688477
3813	0.983742356300354
3814	0.9662107825279236
3815	0.9671962857246399
3816	0.9553901553153992
3817	0.9642443060874939
3818	0.8332229852676392
3819	0.9813132286071777
3820	0.9838197827339172
3821	0.9902348518371582
3822	0.9716375470161438
3823	0.05463803932070732
3824	0.016753874719142914
3825	0.01805827207863331
3826	0.016589947044849396
3827	0.014195623807609081
3828	0.01391062792390585
3829	0.017116088420152664
3830	0.015504292212426662
3831	0.015169731341302395
3832	0.015184909105300903
3833	0.014413093216717243
3834	0.01817341335117817
3835	0.01598222367465496
3836	0.015019528567790985
3837	0.014187735505402088
3838	0.016106246039271355
3839	0.018252208828926086
3840	0.015639448538422585
3841	0.01583113893866539
3842	0.12504665553569794
3843	0.1415705531835556
3844	0.44900208711624146
3845	0.5668275356292725
3846	0.9686442613601685
3847	0.7998854517936707
3848	0.9917680621147156
3849	0.9942386746406555
3850	0.9924287796020508
3851	0.6709843873977661
3852	0.9926267862319946
3853	0.9912198185920715
3854	0.9943281412124634
3855	0.9959454536437988
3856	0.9968097805976868
3857	0.996128261089325
3858	0.9935421943664551
3859	0.9905571341514587
3860	0.9827360510826111
3861	0.8443538546562195
3862	0.4315432012081146
3863	0.08712173998355865
3864	0.018739674240350723
3865	0.013588215224444866
3866	0.017013581469655037
3867	0.012996154837310314
3868	0.015306058339774609
3869	0.012004478834569454
3870	0.01334129273891449
3871	0.01309067290276289
3872	0.012027856893837452
3873	0.009534885175526142
3874	0.010220631957054138
3875	0.010756002739071846
3876	0.013738703913986683
3877	0.009544843807816505
3878	0.05128027871251106
3879	0.39824193716049194
3880	0.9678756594657898
3881	0.968553364276886
3882	0.8294901847839355
3883	0.948607861995697
3884	0.9292253851890564
3885	0.9780516624450684
3886	0.9696025252342224
3887	0.5704018473625183
3888	0.18383584916591644
3889	0.009730280376970768
3890	0.012504837475717068
3891	0.00974245835095644
3892	0.009715992957353592
3893	0.01108530629426241
3894	0.01081799902021885
3895	0.007083267904818058
3896	0.009421853348612785
3897	0.014710952527821064
3898	0.010171875357627869
3899	0.011343385092914104
3900	0.020261874422430992
3901	0.07032406330108643
3902	0.9052379727363586
3903	0.9717203378677368
3904	0.9755415320396423
3905	0.9733490347862244
3906	0.9810349345207214
3907	0.9867067337036133
3908	0.9865714907646179
3909	0.9919643402099609
3910	0.9888858795166016
3911	0.974711537361145
3912	0.9758971333503723
3913	0.9715191721916199
3914	0.9856616258621216
3915	0.9896761775016785
3916	0.9775015115737915
3917	0.9908428192138672
3918	0.5102232098579407
3919	0.9922279715538025
3920	0.9900650382041931
3921	0.9923070073127747
3922	0.9909915924072266
3923	0.993395984172821
3924	0.9954248666763306
3925	0.9844064116477966
3926	0.9855729341506958
3927	0.9879984855651855
3928	0.9161890149116516
3929	0.9827932715415955
3930	0.9947107434272766
3931	0.9922571182250977
3932	0.9650015234947205
3933	0.9887186884880066
3934	0.7128230333328247
3935	0.5956076979637146
3936	0.9003674387931824
3937	0.9219303131103516
3938	0.8831270337104797
3939	0.8742580413818359
3940	0.8180777430534363
3941	0.6795120239257812
3942	0.8403906226158142
3943	0.7706860899925232
3944	0.8542808890342712
3945	0.6329017877578735
3946	0.9841533899307251
3947	0.9813648462295532
3948	0.9472057223320007
3949	0.9340193867683411
3950	0.9373123049736023
3951	0.5934187769889832
3952	0.5847100019454956
3953	0.5265349745750427
3954	0.5894957780838013
3955	0.6185762286186218
3956	0.5210002660751343
3957	0.579713761806488
3958	0.6112029552459717
3959	0.6991162300109863
3960	0.5813263058662415
3961	0.48377928137779236
3962	0.493702232837677
3963	0.5380473136901855
3964	0.6635391712188721
3965	0.7222080230712891
3966	0.8495191931724548
3967	0.9520434737205505
3968	0.9461804628372192
3969	0.891457736492157
3970	0.9198220372200012
3971	0.8225986361503601
3972	0.8929159045219421
3973	0.8921217322349548
3974	0.5902573466300964
3975	0.6422678232192993
3976	0.016831619665026665
3977	0.011279004625976086
3978	0.010037317872047424
3979	0.011779122054576874
3980	0.01226778980344534
3981	0.01796388439834118
3982	0.013211107812821865
3983	0.01824561320245266
3984	0.02486204355955124
3985	0.28524428606033325
3986	0.8324543833732605
3987	0.9543300867080688
3988	0.9557876586914062
3989	0.9707756042480469
3990	0.14572738111019135
3991	0.2102695256471634
3992	0.013601580634713173
3993	0.014537516050040722
3994	0.0370621457695961
3995	0.13301578164100647
3996	0.8455958366394043
3997	0.8193041086196899
3998	0.9743499755859375
3999	0.9944558143615723
4000	0.8059988021850586
4001	0.9509455561637878
4002	0.42439842224121094
4003	0.27665939927101135
4004	0.03908142074942589
4005	0.015863468870520592
4006	0.011317421682178974
4007	0.01485230028629303
4008	0.012913835234940052
4009	0.011592033319175243
4010	0.0213633943349123
4011	0.12719126045703888
4012	0.11580219119787216
4013	0.12507562339305878
4014	0.48006564378738403
4015	0.5159844756126404
4016	0.8825214505195618
4017	0.7587849497795105
4018	0.8181324005126953
4019	0.9429025650024414
4020	0.9946369528770447
4021	0.8487076163291931
4022	0.5041477084159851
4023	0.2438700646162033
4024	0.2284313291311264
4025	0.05904494598507881
4026	0.07504570484161377
4027	0.1763278841972351
4028	0.3256154954433441
4029	0.4112151265144348
4030	0.7088769674301147
4031	0.8469501733779907
4032	0.8338193893432617
4033	0.8801819086074829
4034	0.8398723602294922
4035	0.8275167346000671
4036	0.8391916155815125
4037	0.9012314081192017
4038	0.9301069378852844
4039	0.9313172698020935
4040	0.9729120135307312
4041	0.9739222526550293
4042	0.9818278551101685
4043	0.9842582941055298
4044	0.9811539053916931
4045	0.9516933560371399
4046	0.23118558526039124
4047	0.4969501495361328
4048	0.48103687167167664
4049	0.09135863929986954
4050	0.04799654707312584
4051	0.008694102987647057
4052	0.010650213807821274
4053	0.015297985635697842
4054	0.014115585945546627
4055	0.015122226439416409
4056	0.01913127675652504
4057	0.03413127735257149
4058	0.412243515253067
4059	0.9911922812461853
4060	0.9814001321792603
4061	0.27972158789634705
4062	0.12485348433256149
4063	0.1329166144132614
4064	0.03146645054221153
4065	0.017508050426840782
4066	0.017308754846453667
4067	0.03990223631262779
4068	0.9093784689903259
4069	0.9650594592094421
4070	0.9909834265708923
4071	0.5990960597991943
4072	0.9156656265258789
4073	0.6857115626335144
4074	0.8985710144042969
4075	0.8041353225708008
4076	0.8567293286323547
4077	0.7616538405418396
4078	0.6512307524681091
4079	0.8431196212768555
4080	0.9365940093994141
4081	0.8104127049446106
4082	0.9811345934867859
4083	0.9848098754882812
4084	0.9859505891799927
4085	0.8986696600914001
4086	0.9362438321113586
4087	0.7902712225914001
4088	0.6027818918228149
4089	0.0933726504445076
4090	0.035941313952207565
4091	0.021518101915717125
4092	0.015063965693116188
4093	0.01721986010670662
4094	0.015174031257629395
4095	0.019338291138410568
4096	0.026297708973288536
4097	0.023382039740681648
4098	0.02686142735183239
4099	0.025997048243880272
4100	0.029232818633317947
4101	0.02742956392467022
4102	0.02924121730029583
4103	0.0362754724919796
4104	0.27032753825187683
4105	0.7726556658744812
4106	0.9268524050712585
4107	0.9313222169876099
4108	0.9797846078872681
4109	0.9773996472358704
4110	0.9923211932182312
4111	0.9794090390205383
4112	0.9800230264663696
4113	0.6435388922691345
4114	0.01946472004055977
4115	0.012957185506820679
4116	0.01362097728997469
4117	0.022453943267464638
4118	0.01781718246638775
4119	0.01880785822868347
4120	0.01227986067533493
4121	0.022062575444579124
4122	0.0200127474963665
4123	0.019976971670985222
4124	0.015379279851913452
4125	0.014388290233910084
4126	0.0153269087895751
4127	0.015601128339767456
4128	0.013485423289239407
4129	0.011066854000091553
4130	0.012983945198357105
4131	0.011040639132261276
4132	0.011819743551313877
4133	0.017100684344768524
4134	0.02059154212474823
4135	0.018946951255202293
4136	0.012539029121398926
4137	0.014284806326031685
4138	0.01797730289399624
4139	0.01828589104115963
4140	0.0173428263515234
4141	0.015145349316298962
4142	0.031132949516177177
4143	0.1208810955286026
4144	0.19700728356838226
4145	0.3280075192451477
4146	0.6184085011482239
4147	0.5391265749931335
4148	0.7212228775024414
4149	0.45172110199928284
4150	0.6120511293411255
4151	0.7348909378051758
4152	0.791073203086853
4153	0.7631496787071228
4154	0.9429492354393005
4155	0.9161988496780396
4156	0.9918357729911804
4157	0.994716465473175
4158	0.9954460263252258
4159	0.9788227081298828
4160	0.9804483652114868
4161	0.9890841841697693
4162	0.9869964718818665
4163	0.5756781697273254
4164	0.8815582394599915
4165	0.8313608169555664
4166	0.7340039610862732
4167	0.46100497245788574
4168	0.36326339840888977
4169	0.012474197894334793
4170	0.012929543852806091
4171	0.012756327167153358
4172	0.010453683324158192
4173	0.01476132869720459
4174	0.01498394925147295
4175	0.02072128839790821
4176	0.015203142538666725
4177	0.02188492938876152
4178	0.014774421229958534
4179	0.015086297877132893
4180	0.016728563234210014
4181	0.6616312861442566
4182	0.8970562219619751
4183	0.9753393530845642
4184	0.9962949752807617
4185	0.9947749376296997
4186	0.6687600016593933
4187	0.9886951446533203
4188	0.9942523837089539
4189	0.9916958212852478
4190	0.9929995536804199
4191	0.9869356155395508
4192	0.9753795862197876
4193	0.9739025235176086
4194	0.8401326537132263
4195	0.9629222750663757
4196	0.9950768351554871
4197	0.9802030920982361
4198	0.6900523900985718
4199	0.036764755845069885
4200	0.40761491656303406
4201	0.5268195867538452
4202	0.11567344516515732
4203	0.9710686802864075
4204	0.991673469543457
4205	0.9915605783462524
4206	0.9810516238212585
4207	0.994489312171936
4208	0.9907865524291992
4209	0.9930621981620789
4210	0.9778556227684021
4211	0.9858762621879578
4212	0.9538160562515259
4213	0.9629796147346497
4214	0.9123575091362
4215	0.7835383415222168
4216	0.5043150782585144
4217	0.5205385684967041
4218	0.462374210357666
4219	0.66734379529953
4220	0.8702406287193298
4221	0.9540947079658508
4222	0.9352960586547852
4223	0.9614318013191223
4224	0.9315513968467712
4225	0.989019513130188
4226	0.9917812347412109
4227	0.9756562113761902
4228	0.027963826432824135
4229	0.31374868750572205
4230	0.16382542252540588
4231	0.009777135215699673
4232	0.009709717705845833
4233	0.010671989060938358
4234	0.014130321331322193
4235	0.020791638642549515
4236	0.01560311671346426
4237	0.014863142743706703
4238	0.019127223640680313
4239	0.019040308892726898
4240	0.008764375932514668
4241	0.010634628124535084
4242	0.01483568549156189
4243	0.010709632188081741
4244	0.011954349465668201
4245	0.010388771072030067
4246	0.012197604402899742
4247	0.013294796459376812
4248	0.009946009144186974
4249	0.010164412669837475
4250	0.01472057867795229
4251	0.011551079340279102
4252	0.013439460657536983
4253	0.011390174739062786
4254	0.020046258345246315
4255	0.01420681830495596
4256	0.01533922553062439
4257	0.016244446858763695
4258	0.017344390973448753
4259	0.014111332595348358
4260	0.013947093859314919
4261	0.014785903505980968
4262	0.014015520922839642
4263	0.014052963815629482
