frame	prob
0	0.014200176112353802
1	0.01505382638424635
2	0.01045110821723938
3	0.01162337139248848
4	0.014487244188785553
5	0.013726755045354366
6	0.012094656005501747
7	0.012678510509431362
8	0.015413564629852772
9	0.015017518773674965
10	0.017138054594397545
11	0.016883090138435364
12	0.013552648015320301
13	0.010934198275208473
14	0.009500670246779919
15	0.0083592114970088
16	0.010149105452001095
17	0.012833914719522
18	0.014442125335335732
19	0.011179817840456963
20	0.012018042616546154
21	0.011443914845585823
22	0.012119779363274574
23	0.012484706938266754
24	0.009130628779530525
25	0.008933912962675095
26	0.009772215969860554
27	0.011547120288014412
28	0.00984321627765894
29	0.011262274347245693
30	0.010750598274171352
31	0.010263064876198769
32	0.01084727980196476
33	0.011967514641582966
34	0.013724473305046558
35	0.016539325937628746
36	0.03947676345705986
37	0.1355801224708557
38	0.11804347485303879
39	0.14298836886882782
40	0.23743963241577148
41	0.2022991180419922
42	0.3267950713634491
43	0.19061140716075897
44	0.241641566157341
45	0.20137444138526917
46	0.1727251559495926
47	0.13985642790794373
48	0.09704090654850006
49	0.08279812335968018
50	0.01408298034220934
51	0.013646549545228481
52	0.01431369036436081
53	0.013376764953136444
54	0.011353008449077606
55	0.009046386927366257
56	0.007990295067429543
57	0.009772253222763538
58	0.010365030728280544
59	0.009443431161344051
60	0.009256744757294655
61	0.008307650685310364
62	0.00922179501503706
63	0.010120711289346218
64	0.025671010836958885
65	0.08842210471630096
66	0.024319803342223167
67	0.017444953322410583
68	0.015089805237948895
69	0.014371407218277454
70	0.011207296513020992
71	0.011296020820736885
72	0.00975162722170353
73	0.011447622440755367
74	0.01041702926158905
75	0.009511162526905537
76	0.009174192324280739
77	0.011208166368305683
78	0.011138242669403553
79	0.008510961197316647
80	0.009689494967460632
81	0.01939043030142784
82	0.020898371934890747
83	0.047550998628139496
84	0.05607486888766289
85	0.15424056351184845
86	0.12307282537221909
87	0.07378631085157394
88	0.06273617595434189
89	0.0465599000453949
90	0.027767105028033257
91	0.017352305352687836
92	0.012543645687401295
93	0.0636429414153099
94	0.3030925691127777
95	0.3934590518474579
96	0.6684228777885437
97	0.7168233394622803
98	0.7841028571128845
99	0.8161901831626892
100	0.7590430378913879
101	0.7278010249137878
102	0.581363320350647
103	0.0843416079878807
104	0.020890528336167336
105	0.020705193281173706
106	0.0429404154419899
107	0.44191431999206543
108	0.6550711989402771
109	0.6604824662208557
110	0.6326907873153687
111	0.33261141180992126
112	0.3098202645778656
113	0.08221080154180527
114	0.14019006490707397
115	0.06136372685432434
116	0.009183487854897976
117	0.010689531452953815
118	0.008793084882199764
119	0.010092481039464474
120	0.008288045413792133
121	0.008245781064033508
122	0.008084784261882305
123	0.007146909367293119
124	0.006915138103067875
125	0.00919226836413145
126	0.013320967555046082
127	0.012898377142846584
128	0.011008764617145061
129	0.01253046840429306
130	0.011740739457309246
131	0.011889236979186535
132	0.015219449996948242
133	0.011680147610604763
134	0.013660210184752941
135	0.01114711631089449
136	0.009486003778874874
137	0.00794637855142355
138	0.008920933119952679
139	0.011063863523304462
140	0.009332110174000263
141	0.010464056394994259
142	0.01244727335870266
143	0.011327157728374004
144	0.012147953733801842
145	0.011695965193212032
146	0.011931153945624828
147	0.008792380802333355
148	0.008472375571727753
149	0.007318124175071716
150	0.01014694757759571
151	0.01023881696164608
152	0.011101849377155304
153	0.011073000729084015
154	0.01015493180602789
155	0.009150728583335876
156	0.009074869565665722
157	0.011284486390650272
158	0.6529735922813416
159	0.1450909525156021
160	0.9346416592597961
161	0.8884367346763611
162	0.8206841349601746
163	0.11264040321111679
164	0.012487639673054218
165	0.010315458290278912
166	0.010702135041356087
167	0.011130700819194317
168	0.012369324453175068
169	0.012241940014064312
170	0.010171293281018734
171	0.01291586458683014
172	0.03351811692118645
173	0.29312390089035034
174	0.5377510786056519
175	0.786649763584137
176	0.7916156649589539
177	0.012833595275878906
178	0.011698033660650253
179	0.009866266511380672
180	0.008144296705722809
181	0.00986281968653202
182	0.013989115133881569
183	0.012986148707568645
184	0.011418931186199188
185	0.017691241577267647
186	0.012394162826240063
187	0.009961205534636974
188	0.010405163280665874
189	0.013010094873607159
190	0.011411290615797043
191	0.016917962580919266
192	0.16459718346595764
193	0.5927559733390808
194	0.6390573382377625
195	0.8325520753860474
196	0.8328971862792969
197	0.25459104776382446
198	0.2561408579349518
199	0.17030756175518036
200	0.2789158821105957
201	0.44724637269973755
202	0.0896196961402893
203	0.010785977356135845
204	0.0368022695183754
205	0.08483598381280899
206	0.4554578959941864
207	0.8751446008682251
208	0.894356906414032
209	0.8307299017906189
210	0.8166571855545044
211	0.7906883358955383
212	0.7552828788757324
213	0.010601813904941082
214	0.011984429322183132
215	0.79726642370224
216	0.8147727251052856
217	0.8397846221923828
218	0.8456323742866516
219	0.8857070803642273
220	0.7860357165336609
221	0.20230534672737122
222	0.6176273226737976
223	0.20413310825824738
224	0.010367889888584614
225	0.010370961390435696
226	0.011173883453011513
227	0.010698256082832813
228	0.017134398221969604
229	0.05583876371383667
230	0.011357803829014301
231	0.05503962188959122
232	0.1278143972158432
233	0.01285814680159092
234	0.013715571723878384
235	0.011923924088478088
236	0.010579035617411137
237	0.08397600799798965
238	0.037073083221912384
239	0.18362244963645935
240	0.18443341553211212
241	0.024378424510359764
242	0.014091342687606812
243	0.01137110497802496
244	0.014969348907470703
245	0.011782415211200714
246	0.010156339034438133
247	0.009457828477025032
248	0.008160551078617573
249	0.005962954368442297
250	0.008207912556827068
251	0.010041020810604095
252	0.014602876268327236
253	0.02207035757601261
254	0.0520525760948658
255	0.02602236345410347
256	0.017417309805750847
257	0.009347118437290192
258	0.010644065216183662
259	0.008609605953097343
260	0.008987064473330975
261	0.006809277925640345
262	0.010180476121604443
263	0.007977250032126904
264	0.008875067345798016
265	0.008892196230590343
266	0.010846393182873726
267	0.011387545615434647
268	0.01064231712371111
269	0.008033566176891327
270	0.0063921730034053326
271	0.006905372720211744
272	0.009288229048252106
273	0.007831498980522156
274	0.00798227172344923
275	0.007689458318054676
276	0.007423558738082647
277	0.007177801337093115
278	0.010820834897458553
279	0.012061436660587788
280	0.009683447889983654
281	0.007921523414552212
282	0.010966532863676548
283	0.01636321470141411
284	0.010096641257405281
285	0.00981289241462946
286	0.007706171367317438
287	0.009148359298706055
288	0.008194944821298122
289	0.007394782733172178
290	0.009228223003447056
291	0.011106587015092373
292	0.008757970295846462
293	0.008485193364322186
294	0.009997784160077572
295	0.01040271669626236
296	0.009766961447894573
297	0.008184126578271389
298	0.008936642669141293
299	0.008993439376354218
300	0.009026221930980682
301	0.007667319383472204
302	0.009356765076518059
303	0.008569231256842613
304	0.010701104067265987
305	0.008206933736801147
306	0.009795132093131542
307	0.011875735595822334
308	0.010237296111881733
309	0.010654257610440254
310	0.009219173341989517
311	0.010384336113929749
312	0.014663844369351864
313	0.014462150633335114
314	0.013899735175073147
315	0.008844979107379913
316	0.008453517220914364
317	0.011645982973277569
318	0.010207670740783215
319	0.012179932557046413
320	0.011867358349263668
321	0.008220059797167778
322	0.009708995930850506
323	0.01187869906425476
324	0.019421497359871864
325	0.01527817826718092
326	0.017188994213938713
327	0.011985338293015957
328	0.016652589663863182
329	0.013799491338431835
330	0.01634255424141884
331	0.015950772911310196
332	0.014957866631448269
333	0.013632518239319324
334	0.015343531034886837
335	0.013212829828262329
336	0.016246536746621132
337	0.015810102224349976
338	0.016294164583086967
339	0.01409997045993805
340	0.016847124323248863
341	0.016321076080203056
342	0.013336283154785633
343	0.014091908931732178
344	0.01637089066207409
345	0.015630828216671944
346	0.01576892100274563
347	0.014417365193367004
348	0.016961002722382545
349	0.015448465012013912
350	0.01619414985179901
351	0.012519854120910168
352	0.01321274321526289
353	0.008557339198887348
354	0.01329136174172163
355	0.00666399160400033
356	0.014396374113857746
357	0.016850624233484268
358	0.013697472400963306
359	0.01828288473188877
360	0.01850247196853161
361	0.020685506984591484
362	0.02265218459069729
363	0.0178463663905859
364	0.017577804625034332
365	0.016437996178865433
366	0.01079461257904768
367	0.01225616317242384
368	0.010574792511761189
369	0.01273161917924881
370	0.01513489056378603
371	0.014444629661738873
372	0.01419104915112257
373	0.013998240232467651
374	0.011243583634495735
375	0.00882244948297739
376	0.00785845797508955
377	0.005985173862427473
378	0.007415465544909239
379	0.00815379898995161
380	0.0104022566229105
381	0.013702498748898506
382	0.010571359656751156
383	0.011608696542680264
384	0.009172506630420685
385	0.01038138847798109
386	0.009263584390282631
387	0.008601672947406769
388	0.007863528095185757
389	0.007488435599952936
390	0.005616158712655306
391	0.005301696714013815
392	0.006547337863594294
393	0.005879763513803482
394	0.007662800140678883
395	0.007619389798492193
396	0.006911729462444782
397	0.006157759111374617
398	0.0066549452021718025
399	0.005015494767576456
400	0.00499275978654623
401	0.009019951336085796
402	0.006065236870199442
403	0.0064156996086239815
404	0.003932387568056583
405	0.006404314190149307
406	0.0046845548786222935
407	0.004700670018792152
408	0.004002735018730164
409	0.0049053761176764965
410	0.003616420552134514
411	0.0047041187062859535
412	0.004304204136133194
413	0.005983512848615646
414	0.00559153500944376
415	0.011085118167102337
416	0.008188514970242977
417	0.010538442060351372
418	0.006571587175130844
419	0.0076697575859725475
420	0.006343722343444824
421	0.006520603783428669
422	0.010762487538158894
423	0.01893867552280426
424	0.01139894314110279
425	0.011813073419034481
426	0.008160407654941082
427	0.008243276737630367
428	0.008369374088943005
429	0.00737189594656229
430	0.0072278412990272045
431	0.008384314365684986
432	0.006689549423754215
433	0.009335590526461601
434	0.009627916850149632
435	0.009075939655303955
436	0.006591654848307371
437	0.00853605568408966
438	0.008330351673066616
439	0.008579019457101822
440	0.011458932422101498
441	0.009144346229732037
442	0.006862394046038389
443	0.005695812404155731
444	0.006309235002845526
445	0.005268774461001158
446	0.004999226424843073
447	0.004325199406594038
448	0.005425313953310251
449	0.005540034268051386
450	0.010190595872700214
451	0.009440883062779903
452	0.007937009446322918
453	0.00796634703874588
454	0.0063417330384254456
455	0.0065206922590732574
456	0.007943202741444111
457	0.007566031999886036
458	0.0054741669446229935
459	0.004337662365287542
460	0.005072424653917551
461	0.007253524847328663
462	0.007406242191791534
463	0.00956975668668747
464	0.007181973662227392
465	0.0070978798903524876
466	0.007430785335600376
467	0.00847298838198185
468	0.008664640597999096
469	0.008785500191152096
470	0.010895981453359127
471	0.010335368104279041
472	0.01142799574881792
473	0.00921438168734312
474	0.009897150099277496
475	0.009815963916480541
476	0.011322692036628723
477	0.010538708418607712
478	0.00778579106554389
479	0.008404882624745369
480	0.008717721328139305
481	0.008533627726137638
482	0.010899355635046959
483	0.01961980015039444
484	0.06987401098012924
485	0.04694163799285889
486	0.1029096394777298
487	0.02981952764093876
488	0.009509644471108913
489	0.009238106198608875
490	0.009812762029469013
491	0.008892372250556946
492	0.009325473569333553
493	0.008904676884412766
494	0.008775225840508938
495	0.007858320139348507
496	0.008080512285232544
497	0.008926253765821457
498	0.008647679351270199
499	0.03895099088549614
500	0.2023387998342514
501	0.7456886768341064
502	0.9498937726020813
503	0.9881476759910583
504	0.9890428781509399
505	0.9915410280227661
506	0.9863883256912231
507	0.9843824505805969
508	0.19889293611049652
509	0.8618963360786438
510	0.41188955307006836
511	0.013407259248197079
512	0.015158714726567268
513	0.016800884157419205
514	0.016174865886569023
515	0.01246560551226139
516	0.012226492166519165
517	0.010228087194263935
518	0.011335352435708046
519	0.013957417570054531
520	0.009844002313911915
521	0.009400318376719952
522	0.010096081532537937
523	0.010077343322336674
524	0.010779648087918758
525	0.0118881706148386
526	0.012059840373694897
527	0.010848304256796837
528	0.010802343487739563
529	0.01214840728789568
530	0.009730661287903786
531	0.012171952985227108
532	0.010061805136501789
533	0.008678050711750984
534	0.011049407534301281
535	0.012283368967473507
536	0.014018147252500057
537	0.015486204996705055
538	0.01454007625579834
539	0.01501765288412571
540	0.01216303464025259
541	0.011856521479785442
542	0.014973819255828857
543	0.012031696736812592
544	0.013519647531211376
545	0.014248760417103767
546	0.012276340276002884
547	0.01221990305930376
548	0.013388368301093578
549	0.013807939365506172
550	0.01972920261323452
551	0.019564783200621605
552	0.01619477942585945
553	0.01749795489013195
554	0.01400612574070692
555	0.024002838879823685
556	0.019758347421884537
557	0.01950756274163723
558	0.021680627018213272
559	0.014426854439079762
560	0.014321024529635906
561	0.019599659368395805
562	0.03411152586340904
563	0.04631475731730461
564	0.09146369993686676
565	0.2839599549770355
566	0.4008723199367523
567	0.4145273268222809
568	0.6177752614021301
569	0.5069820880889893
570	0.560487687587738
571	0.6023455858230591
572	0.2534615695476532
573	0.1756831258535385
574	0.30547720193862915
575	0.2347896844148636
576	0.30822402238845825
577	0.24001668393611908
578	0.17247043550014496
579	0.16723321378231049
580	0.3660163879394531
581	0.2712259888648987
582	0.4356086850166321
583	0.4675820767879486
584	0.2634653151035309
585	0.24630220234394073
586	0.045007262378931046
587	0.024667471647262573
588	0.020194945856928825
589	0.024251466616988182
590	0.02312486059963703
591	0.02530764974653721
592	0.015066084451973438
593	0.023903561756014824
594	0.026118893176317215
595	0.03671129792928696
596	0.020760739222168922
597	0.018174469470977783
598	0.02157466858625412
599	0.031827181577682495
600	0.05255218967795372
601	0.06598426401615143
602	0.014007190242409706
603	0.05754838138818741
604	0.02665398083627224
605	0.02605324797332287
606	0.019657228142023087
607	0.014497652649879456
608	0.010681557469069958
609	0.008143510669469833
610	0.006527547724545002
611	0.005640430375933647
612	0.006853340659290552
613	0.00837317481637001
614	0.006194147747009993
615	0.00912217516452074
616	0.011509458534419537
617	0.007833408191800117
618	0.006386089604347944
619	0.00899961031973362
620	0.008957025595009327
621	0.008377772755920887
622	0.00853837188333273
623	0.009542065672576427
624	0.00785513874143362
625	0.007061862852424383
626	0.008876140229403973
627	0.013562263920903206
628	0.00942394882440567
629	0.028906315565109253
630	0.03374519571661949
631	0.08984831720590591
632	0.10927765816450119
633	0.1602526605129242
634	0.20265570282936096
635	0.17553432285785675
636	0.09505601227283478
637	0.28601977229118347
638	0.44511815905570984
639	0.6070070862770081
640	0.5987334251403809
641	0.7150659561157227
642	0.6602385640144348
643	0.530754029750824
644	0.44440898299217224
645	0.31364890933036804
646	0.045956917107105255
647	0.0161148589104414
648	0.01788046397268772
649	0.013354673981666565
650	0.013959190808236599
651	0.012390260584652424
652	0.013340403325855732
653	0.011396906338632107
654	0.01354150753468275
655	0.01374364085495472
656	0.012520844116806984
657	0.013215702958405018
658	0.012767386622726917
659	0.01387690007686615
660	0.014737481251358986
661	0.01218405831605196
662	0.011388259008526802
663	0.011780792847275734
664	0.011029672808945179
665	0.013642690144479275
666	0.01021451223641634
667	0.010049359872937202
668	0.013016263023018837
669	0.012169897556304932
670	0.016407951712608337
671	0.014428793452680111
672	0.01685417629778385
673	0.012887469492852688
674	0.014968101866543293
675	0.012457632459700108
676	0.016395194455981255
677	0.014840560965240002
678	0.015752095729112625
679	0.01745886169373989
680	0.021446695551276207
681	0.025482654571533203
682	0.06270565092563629
683	0.14735350012779236
684	0.5475431680679321
685	0.801491916179657
686	0.8200138211250305
687	0.8536192178726196
688	0.9074689149856567
689	0.9194032549858093
690	0.9132627844810486
691	0.9313690066337585
692	0.8632609248161316
693	0.9228664636611938
694	0.8944515585899353
695	0.8797299265861511
696	0.8792361617088318
697	0.768770694732666
698	0.45414432883262634
699	0.40593430399894714
700	0.3148825764656067
701	0.10962840169668198
702	0.058781225234270096
703	0.055111002177000046
704	0.07164259999990463
705	0.09068064391613007
706	0.39481136202812195
707	0.6738433241844177
708	0.7872895002365112
709	0.8998270034790039
710	0.8849151730537415
711	0.9286035895347595
712	0.9184929132461548
713	0.773607075214386
714	0.5323207974433899
715	0.3802308738231659
716	0.64972984790802
717	0.9267292022705078
718	0.9172031283378601
719	0.8344295620918274
720	0.6765127778053284
721	0.1560491919517517
722	0.02872125804424286
723	0.015807360410690308
724	0.016766658052802086
725	0.015636524185538292
726	0.012396988458931446
727	0.013270686380565166
728	0.015296590514481068
729	0.03407137468457222
730	0.02852999046444893
731	0.31751927733421326
732	0.5261034965515137
733	0.6693127751350403
734	0.8077581524848938
735	0.7798717021942139
736	0.7448546290397644
737	0.7958481907844543
738	0.817640483379364
739	0.8229425549507141
740	0.9002845883369446
741	0.5653899908065796
742	0.4229147434234619
743	0.032269127666950226
744	0.012725737877190113
745	0.011386885307729244
746	0.013639414682984352
747	0.03889623284339905
748	0.011773872189223766
749	0.013720224611461163
750	0.012465340085327625
751	0.013722953386604786
752	0.0592646561563015
753	0.5956408381462097
754	0.768388569355011
755	0.6949520111083984
756	0.6948391199111938
757	0.859566330909729
758	0.7870001196861267
759	0.8577558398246765
760	0.9431160092353821
761	0.8399755358695984
762	0.22903399169445038
763	0.015376865863800049
764	0.1378457397222519
765	0.04787541180849075
766	0.016641821712255478
767	0.018684744834899902
768	0.367287278175354
769	0.8260879516601562
770	0.9657310843467712
771	0.9486727118492126
772	0.8170221447944641
773	0.9795961380004883
774	0.9804491400718689
775	0.9913979768753052
776	0.9871461987495422
777	0.9708108901977539
778	0.9296456575393677
779	0.961941659450531
780	0.8597383499145508
781	0.919076144695282
782	0.9251275062561035
783	0.936048150062561
784	0.9253849983215332
785	0.9534620642662048
786	0.9727789163589478
787	0.9727491736412048
788	0.9802798628807068
789	0.971749484539032
790	0.9571632742881775
791	0.9657403826713562
792	0.8368437886238098
793	0.9135398864746094
794	0.9083635210990906
795	0.7993935942649841
796	0.10619884729385376
797	0.09494996815919876
798	0.0638064369559288
799	0.07182203978300095
800	0.03335081413388252
801	0.016779879108071327
802	0.01398868765681982
803	0.014098748564720154
804	0.012110196053981781
805	0.009652676060795784
806	0.011550450697541237
807	0.012540656141936779
808	0.012795567512512207
809	0.013905649073421955
810	0.0134345768019557
811	0.013927489519119263
812	0.012877816334366798
813	0.015121971257030964
814	0.01603437028825283
815	0.013426405377686024
816	0.013884777203202248
817	0.018883690237998962
818	0.014092660509049892
819	0.013381868600845337
820	0.012026926502585411
821	0.013265875168144703
822	0.012488133274018764
823	0.01507693249732256
824	0.014693143777549267
825	0.01833241991698742
826	0.0145266717299819
827	0.014420035295188427
828	0.016535047441720963
829	0.01731920801103115
830	0.014407631941139698
831	0.01569259911775589
832	0.020482731983065605
833	0.016673315316438675
834	0.024419574066996574
835	0.01295965164899826
836	0.013582462444901466
837	0.011416974477469921
838	0.007867211475968361
839	0.011480781249701977
840	0.01119538489729166
841	0.014896290376782417
842	0.010132825933396816
843	0.011706589721143246
844	0.013954663649201393
845	0.015228102914988995
846	0.011573192663490772
847	0.014319704845547676
848	0.013156239874660969
849	0.09753032773733139
850	0.61979740858078
851	0.8417771458625793
852	0.9228309988975525
853	0.9681722521781921
854	0.9821469187736511
855	0.9779756665229797
856	0.9666954278945923
857	0.9839029312133789
858	0.9848419427871704
859	0.9900856018066406
860	0.9882465600967407
861	0.9874715805053711
862	0.9949681162834167
863	0.927539050579071
864	0.9801248908042908
865	0.9672166705131531
866	0.8987274169921875
867	0.9604963660240173
868	0.9640009999275208
869	0.9311636090278625
870	0.9096709489822388
871	0.9700384140014648
872	0.9615609049797058
873	0.9173912405967712
874	0.9195635914802551
875	0.9373283386230469
876	0.811143696308136
877	0.9138004183769226
878	0.9087677001953125
879	0.975469708442688
880	0.9299842119216919
881	0.9115533828735352
882	0.8753311038017273
883	0.8509160280227661
884	0.7875637412071228
885	0.7783379554748535
886	0.7401405572891235
887	0.7732724547386169
888	0.8981385231018066
889	0.9320046305656433
890	0.8036925196647644
891	0.8863434791564941
892	0.6299554705619812
893	0.5984513163566589
894	0.6333953142166138
895	0.7994763255119324
896	0.6190231442451477
897	0.7169941663742065
898	0.08693757653236389
899	0.6149741411209106
900	0.6222767233848572
901	0.6581541895866394
902	0.5546464920043945
903	0.615193784236908
904	0.5028424859046936
905	0.6466297507286072
906	0.6365076899528503
907	0.5469443202018738
908	0.489883154630661
909	0.23356471955776215
910	0.012870785780251026
911	0.009036773815751076
912	0.015939367935061455
913	0.010477319359779358
914	0.010826639831066132
915	0.12609298527240753
916	0.6253315210342407
917	0.7737396359443665
918	0.7802495360374451
919	0.7996619343757629
920	0.3663707375526428
921	0.30842325091362
922	0.5527157187461853
923	0.25901392102241516
924	0.5593970417976379
925	0.5131231546401978
926	0.018219852820038795
927	0.013126331381499767
928	0.014706814661622047
929	0.010918865911662579
930	0.012504217214882374
931	0.06490977108478546
932	0.18745486438274384
933	0.025243673473596573
934	0.10947282612323761
935	0.1092134490609169
936	0.12924329936504364
937	0.1743331104516983
938	0.4928308129310608
939	0.4667844772338867
940	0.15321996808052063
941	0.11223937571048737
942	0.043250903487205505
943	0.016052141785621643
944	0.032427798956632614
945	0.09848231077194214
946	0.6889280676841736
947	0.7796040773391724
948	0.8683419227600098
949	0.9223266839981079
950	0.9496135115623474
951	0.9561390280723572
952	0.8727468848228455
953	0.6843215227127075
954	0.5249842405319214
955	0.014583274722099304
956	0.011553815566003323
957	0.5480486750602722
958	0.5742130279541016
959	0.7439762353897095
960	0.9349418878555298
961	0.9467753767967224
962	0.9580673575401306
963	0.9635240435600281
964	0.9490602612495422
965	0.9195122718811035
966	0.9104027152061462
967	0.8936306238174438
968	0.790597140789032
969	0.6851500868797302
970	0.6533206701278687
971	0.7471728324890137
972	0.5729807019233704
973	0.6508439183235168
974	0.5612232685089111
975	0.5641629695892334
976	0.7589125633239746
977	0.7165794372558594
978	0.8133590817451477
979	0.713302731513977
980	0.7358224391937256
981	0.7373949885368347
982	0.8376466631889343
983	0.9041308760643005
984	0.816619336605072
985	0.9195827841758728
986	0.8860518336296082
987	0.4420800805091858
988	0.7215997576713562
989	0.8037109375
990	0.734147846698761
991	0.5339178442955017
992	0.30365991592407227
993	0.02763858437538147
994	0.014272150583565235
995	0.011349854059517384
996	0.012071968987584114
997	0.06524662673473358
998	0.2662038207054138
999	0.32307568192481995
1000	0.558782160282135
1001	0.6447413563728333
1002	0.7616490721702576
1003	0.7702993750572205
1004	0.8641067743301392
1005	0.8672794699668884
1006	0.9085990786552429
1007	0.93146151304245
1008	0.8909754157066345
1009	0.912071704864502
1010	0.9004616141319275
1011	0.349339097738266
1012	0.8263145685195923
1013	0.9350194931030273
1014	0.8661495447158813
1015	0.7363119721412659
1016	0.7492004632949829
1017	0.6493362784385681
1018	0.5599097609519958
1019	0.8896082043647766
1020	0.6895880699157715
1021	0.6796934008598328
1022	0.009791374206542969
1023	0.009726418182253838
1024	0.0095983212813735
1025	0.010558495298027992
1026	0.012708539143204689
1027	0.011460919864475727
1028	0.011584517545998096
1029	0.012606668286025524
1030	0.011363238096237183
1031	0.05604489520192146
1032	0.06414039433002472
1033	0.01060795970261097
1034	0.011647611856460571
1035	0.013370214961469173
1036	0.010078700259327888
1037	0.015319429337978363
1038	0.014876045286655426
1039	0.013215099461376667
1040	0.011295170523226261
1041	0.014412932097911835
1042	0.016215844079852104
1043	0.017067013308405876
1044	0.012342187575995922
1045	0.010075940750539303
1046	0.012943848967552185
1047	0.011323303915560246
1048	0.014149907045066357
1049	0.013529625721275806
1050	0.013576162047684193
1051	0.012127348221838474
1052	0.01557614840567112
1053	0.014395827427506447
1054	0.014170164242386818
1055	0.013926210813224316
1056	0.01314775925129652
1057	0.012569347396492958
1058	0.015241307206451893
1059	0.014918980188667774
1060	0.017115643247961998
1061	0.017324572429060936
1062	0.013701899908483028
1063	0.013847671449184418
1064	0.015777233988046646
1065	0.015964198857545853
1066	0.016332751139998436
1067	0.016563324257731438
1068	0.013632001355290413
1069	0.014941277913749218
1070	0.011132566258311272
1071	0.08717631548643112
1072	0.9029542207717896
1073	0.899429976940155
1074	0.9641557931900024
1075	0.927827775478363
1076	0.8769533038139343
1077	0.6431687474250793
1078	0.01229426171630621
1079	0.011140929535031319
1080	0.013096407055854797
1081	0.011222339235246181
1082	0.01115845050662756
1083	0.011218205094337463
1084	0.01207336038351059
1085	0.01253439486026764
1086	0.010194914415478706
1087	0.012640169821679592
1088	0.013889987953007221
1089	0.007961301133036613
1090	0.010684650391340256
1091	0.010837368667125702
1092	0.010325952433049679
1093	0.012398386374115944
1094	0.011551763862371445
1095	0.013524839654564857
1096	0.01518179476261139
1097	0.011954949237406254
1098	0.011183115653693676
1099	0.012310913763940334
1100	0.013235255144536495
1101	0.010943904519081116
1102	0.011351527646183968
1103	0.011090630665421486
1104	0.014285469427704811
1105	0.012418519705533981
1106	0.009764249436557293
1107	0.008017046377062798
1108	0.01200206857174635
1109	0.012194722890853882
1110	0.009197522886097431
1111	0.00955910887569189
1112	0.010702289640903473
1113	0.016219353303313255
1114	0.15185807645320892
1115	0.6327795386314392
1116	0.735031247138977
1117	0.13315153121948242
1118	0.016707226634025574
1119	0.015356156043708324
1120	0.015223977155983448
1121	0.016289709135890007
1122	0.014915958046913147
1123	0.015675632283091545
1124	0.014512118883430958
1125	0.01638125441968441
1126	0.01535827573388815
1127	0.014732143841683865
1128	0.010747618041932583
1129	0.013328611850738525
1130	0.011357637122273445
1131	0.01087554357945919
1132	0.012996812351047993
1133	0.013861593790352345
1134	0.011836669407784939
1135	0.011687777936458588
1136	0.013224119320511818
1137	0.012449908070266247
1138	0.012216059491038322
1139	0.011562622152268887
1140	0.018269306048750877
1141	0.3534354269504547
1142	0.6329599618911743
1143	0.6658195853233337
1144	0.658954381942749
1145	0.597582221031189
1146	0.6446939706802368
1147	0.4037497639656067
1148	0.06916838884353638
1149	0.012530437670648098
1150	0.012528044171631336
1151	0.012569758109748363
1152	0.01664118282496929
1153	0.015152174048125744
1154	0.014303592033684254
1155	0.013507306575775146
1156	0.023582328110933304
1157	0.3301950693130493
1158	0.2878492474555969
1159	0.08797971159219742
1160	0.17103803157806396
1161	0.016880856826901436
1162	0.018029725179076195
1163	0.01317609567195177
1164	0.016101639717817307
1165	0.015240821056067944
1166	0.27335819602012634
1167	0.3650234639644623
1168	0.5715417861938477
1169	0.49534568190574646
1170	0.7644004225730896
1171	0.7402222156524658
1172	0.7095949053764343
1173	0.6257370114326477
1174	0.7396981120109558
1175	0.7708522081375122
1176	0.7174565196037292
1177	0.7112393379211426
1178	0.31673312187194824
1179	0.6018582582473755
1180	0.6325868368148804
1181	0.7627796530723572
1182	0.7718948721885681
1183	0.5573862791061401
1184	0.7102700471878052
1185	0.7295705080032349
1186	0.594131588935852
1187	0.6636070013046265
1188	0.6091133952140808
1189	0.6870694160461426
1190	0.37858614325523376
1191	0.43829843401908875
1192	0.4548167288303375
1193	0.5840713381767273
1194	0.42606720328330994
1195	0.4803712069988251
1196	0.18993058800697327
1197	0.33485275506973267
1198	0.26712241768836975
1199	0.2282646894454956
1200	0.5416924357414246
1201	0.26859793066978455
1202	0.35204264521598816
1203	0.31895217299461365
1204	0.27345505356788635
1205	0.47983822226524353
1206	0.4148242175579071
1207	0.4750317633152008
1208	0.5880007743835449
1209	0.451239675283432
1210	0.6347213387489319
1211	0.37568050622940063
1212	0.45977064967155457
1213	0.43396615982055664
1214	0.48008885979652405
1215	0.5130739212036133
1216	0.6028923988342285
1217	0.7037182450294495
1218	0.6808012127876282
1219	0.6236671805381775
1220	0.4238637089729309
1221	0.5471490621566772
1222	0.5383559465408325
1223	0.4880889058113098
1224	0.47952309250831604
1225	0.28652065992355347
1226	0.28125688433647156
1227	0.5517651438713074
1228	0.8086002469062805
1229	0.7393307685852051
1230	0.7028811573982239
1231	0.7427172660827637
1232	0.7227029204368591
1233	0.7823356986045837
1234	0.8568355441093445
1235	0.7202955484390259
1236	0.7533285021781921
1237	0.7021822333335876
1238	0.022421730682253838
1239	0.012176277115941048
1240	0.013100377283990383
1241	0.014004478231072426
1242	0.012608902528882027
1243	0.013077253475785255
1244	0.01447219867259264
1245	0.014506923966109753
1246	0.015540413558483124
1247	0.018106037750840187
1248	0.015337228775024414
1249	0.019317924976348877
1250	0.015014943666756153
1251	0.014841916039586067
1252	0.543040931224823
1253	0.8270290493965149
1254	0.8387144207954407
1255	0.8632410168647766
1256	0.9000337719917297
1257	0.6567052006721497
1258	0.0978262647986412
1259	0.2576482892036438
1260	0.3521766662597656
1261	0.3923250436782837
1262	0.5419135689735413
1263	0.49978113174438477
1264	0.3126566410064697
1265	0.2960355281829834
1266	0.2710069417953491
1267	0.40151453018188477
1268	0.14578405022621155
1269	0.07429385930299759
1270	0.04131850227713585
1271	0.04940883442759514
1272	0.014026212505996227
1273	0.04235450178384781
1274	0.05730476602911949
1275	0.026761386543512344
1276	0.02526814676821232
1277	0.16024170815944672
1278	0.5283645987510681
1279	0.41808128356933594
1280	0.6123917102813721
1281	0.6855481266975403
1282	0.6845157146453857
1283	0.8312566876411438
1284	0.8511156439781189
1285	0.7776178121566772
1286	0.7971870303153992
1287	0.554884135723114
1288	0.5791544318199158
1289	0.36645397543907166
1290	0.5602869987487793
1291	0.6137732863426208
1292	0.7274168729782104
1293	0.7941654324531555
1294	0.7516563534736633
1295	0.5833427309989929
1296	0.4105339050292969
1297	0.5393072962760925
1298	0.8408841490745544
1299	0.7364597320556641
1300	0.42813968658447266
1301	0.22203214466571808
1302	0.16476447880268097
1303	0.1636383980512619
1304	0.17384646832942963
1305	0.04898512363433838
1306	0.012439816258847713
1307	0.009562188759446144
1308	0.010034960694611073
1309	0.012293333187699318
1310	0.01976536586880684
1311	0.08200620859861374
1312	0.11439291387796402
1313	0.020521407946944237
1314	0.010665202513337135
1315	0.01095764059573412
1316	0.045837946236133575
1317	0.3245592713356018
1318	0.5467913746833801
1319	0.5218048691749573
1320	0.13121497631072998
1321	0.7911698818206787
1322	0.7220431566238403
1323	0.6893705725669861
1324	0.4191718101501465
1325	0.013366020284593105
1326	0.011531122028827667
1327	0.013168031349778175
1328	0.012241698801517487
1329	0.014327866025269032
1330	0.012440988793969154
1331	0.014131337404251099
1332	0.03126344084739685
1333	0.026489103212952614
1334	0.01265038549900055
1335	0.01302745845168829
1336	0.023967115208506584
1337	0.038544487208127975
1338	0.06006592512130737
1339	0.05037664249539375
1340	0.034949660301208496
1341	0.016787191852927208
1342	0.014199982397258282
1343	0.013862038031220436
1344	0.0154271787032485
1345	0.015283740125596523
1346	0.03197510167956352
1347	0.10890045017004013
1348	0.25712355971336365
1349	0.08153150230646133
1350	0.018703419715166092
1351	0.019535353407263756
1352	0.015203803777694702
1353	0.02377602644264698
1354	0.023021431639790535
1355	0.04172363504767418
1356	0.026591850444674492
1357	0.05034404993057251
1358	0.034009139984846115
1359	0.04705490544438362
1360	0.04205216094851494
1361	0.01777014695107937
1362	0.015101137571036816
1363	0.017037425190210342
1364	0.016299081966280937
1365	0.013682196848094463
1366	0.012421385385096073
1367	0.015850907191634178
1368	0.010438801720738411
1369	0.013473518192768097
1370	0.009031733497977257
1371	0.012919520027935505
1372	0.01271889079362154
1373	0.013681814074516296
1374	0.009091125801205635
1375	0.012977979145944118
1376	0.0194883830845356
1377	0.008847224526107311
1378	0.010883464477956295
1379	0.010653594508767128
1380	0.01202461402863264
1381	0.011469717137515545
1382	0.010345323011279106
1383	0.011320868507027626
1384	0.012253738939762115
1385	0.013970050029456615
1386	0.012307730503380299
1387	0.01255801972001791
1388	0.010575915686786175
1389	0.012645225040614605
1390	0.012106959708034992
1391	0.0125595573335886
1392	0.011950872838497162
1393	0.012319277040660381
1394	0.01268841978162527
1395	0.01223304308950901
1396	0.011305972002446651
1397	0.009702901355922222
1398	0.009200920350849628
1399	0.010697300545871258
1400	0.013555245473980904
1401	0.013464489951729774
1402	0.011635078117251396
1403	0.012150048278272152
1404	0.013321839272975922
1405	0.014143911190330982
1406	0.014986897818744183
1407	0.013090225867927074
1408	0.014463475905358791
1409	0.010242713615298271
1410	0.010306349955499172
1411	0.011936749331653118
1412	0.012390553951263428
1413	0.016404611989855766
1414	0.014585770666599274
1415	0.019196638837456703
1416	0.017383232712745667
1417	0.03473672270774841
1418	0.06478454172611237
1419	0.03689348325133324
1420	0.015756746754050255
1421	0.01328645646572113
1422	0.013780268840491772
1423	0.014006348326802254
1424	0.015245276503264904
1425	0.013973562978208065
1426	0.011511310935020447
1427	0.011278155259788036
1428	0.01170064602047205
1429	0.011868491768836975
1430	0.011471627280116081
1431	0.009742829017341137
1432	0.011405250988900661
1433	0.013375808484852314
1434	0.013137263245880604
1435	0.017291367053985596
1436	0.03933142498135567
1437	0.2332729548215866
1438	0.4211883544921875
1439	0.5720588564872742
1440	0.36111757159233093
1441	0.38832664489746094
1442	0.3626679480075836
1443	0.044750895351171494
1444	0.055542197078466415
1445	0.017618944868445396
1446	0.125950887799263
1447	0.18911974132061005
1448	0.10379767417907715
1449	0.02653147093951702
1450	0.021879052743315697
1451	0.01582791656255722
1452	0.01410774327814579
1453	0.01329077035188675
1454	0.014473487623035908
1455	0.012881736271083355
1456	0.014990026131272316
1457	0.013567435555160046
1458	0.0148817403241992
1459	0.1153821125626564
1460	0.2578141689300537
1461	0.13903553783893585
1462	0.2851388156414032
1463	0.2465216964483261
1464	0.2853550612926483
1465	0.3539160192012787
1466	0.28922224044799805
1467	0.11904914677143097
1468	0.08873914182186127
1469	0.0601179264485836
1470	0.016641637310385704
1471	0.01568998396396637
1472	0.016744529828429222
1473	0.01576046459376812
1474	0.013309502974152565
1475	0.013707599602639675
1476	0.013693246059119701
1477	0.014514646492898464
1478	0.012790433131158352
1479	0.012938951142132282
1480	0.010678425431251526
1481	0.011055270209908485
1482	0.011573106050491333
1483	0.011874581687152386
1484	0.011504250578582287
1485	0.010770374909043312
1486	0.03611038252711296
1487	0.21033206582069397
1488	0.4560163915157318
1489	0.4692610800266266
1490	0.47997719049453735
1491	0.5471658110618591
1492	0.5445767641067505
1493	0.5286625027656555
1494	0.500267744064331
1495	0.3244478106498718
1496	0.48819395899772644
1497	0.43457600474357605
1498	0.5468869805335999
1499	0.41352787613868713
1500	0.4380350708961487
1501	0.49905142188072205
1502	0.5241166949272156
1503	0.5723374485969543
1504	0.6855356097221375
1505	0.45652180910110474
1506	0.4999062120914459
1507	0.5045076608657837
1508	0.52601158618927
1509	0.3644028306007385
1510	0.30805325508117676
1511	0.11938560009002686
1512	0.23852460086345673
1513	0.3423803448677063
1514	0.38267749547958374
1515	0.3481665551662445
1516	0.4579082429409027
1517	0.43476834893226624
1518	0.3490341603755951
1519	0.5968182682991028
1520	0.6188440322875977
1521	0.4751991331577301
1522	0.3744119107723236
1523	0.508892834186554
1524	0.6070392727851868
1525	0.4536786675453186
1526	0.6294404864311218
1527	0.4903571307659149
1528	0.4424052834510803
1529	0.5836957693099976
1530	0.6111753582954407
1531	0.29609155654907227
1532	0.35432544350624084
1533	0.27564817667007446
1534	0.021385226398706436
1535	0.01954328827559948
1536	0.018261855468153954
1537	0.02001611515879631
1538	0.017085781320929527
1539	0.02250033989548683
1540	0.026366321370005608
1541	0.027119899168610573
1542	0.019311178475618362
1543	0.014126146212220192
1544	0.01580331288278103
1545	0.013725456781685352
1546	0.012014798820018768
1547	0.01084896083921194
1548	0.013035786338150501
1549	0.015725767239928246
1550	0.01477882917970419
1551	0.014131723903119564
1552	0.010672315023839474
1553	0.0112589281052351
1554	0.011294657364487648
1555	0.011905282735824585
1556	0.01126060914248228
1557	0.013349329121410847
1558	0.00985071063041687
1559	0.013188748620450497
1560	0.011823681183159351
1561	0.011838284321129322
1562	0.013134083710610867
1563	0.01319317426532507
1564	0.014981475658714771
1565	0.014690430834889412
1566	0.013206521049141884
1567	0.01595558226108551
1568	0.01775342784821987
1569	0.015329231508076191
1570	0.013633894734084606
1571	0.014307165518403053
1572	0.013561300002038479
1573	0.01211890485137701
1574	0.012148208916187286
1575	0.009985389187932014
1576	0.015478002838790417
1577	0.010258491151034832
1578	0.011195824481546879
1579	0.02681702747941017
1580	0.025892484933137894
1581	0.03142431378364563
1582	0.022524431347846985
1583	0.02569904923439026
1584	0.03039562702178955
1585	0.01174929179251194
1586	0.022157911211252213
1587	0.01598779298365116
1588	0.016373200342059135
1589	0.023317700251936913
1590	0.026767468079924583
1591	0.03212037310004234
1592	0.021458765491843224
1593	0.022122198715806007
1594	0.02180515043437481
1595	0.015246209688484669
1596	0.01529790461063385
1597	0.01578010618686676
1598	0.012833014130592346
1599	0.013183659873902798
1600	0.011031892150640488
1601	0.01095600426197052
1602	0.06349559128284454
1603	0.016395023092627525
1604	0.0142617616802454
1605	0.00852042157202959
1606	0.010644177906215191
1607	0.010320908389985561
1608	0.012384059838950634
1609	0.011969086714088917
1610	0.01207603421062231
1611	0.008827240206301212
1612	0.009860066697001457
1613	0.008754963986575603
1614	0.008709738031029701
1615	0.009766037575900555
1616	0.009878476150333881
1617	0.009108468890190125
1618	0.009497752413153648
1619	0.007753528654575348
1620	0.007913019508123398
1621	0.008411044254899025
1622	0.007993022911250591
1623	0.011762941256165504
1624	0.016657114028930664
1625	0.016935868188738823
1626	0.01906912587583065
1627	0.011818083934485912
1628	0.009275010786950588
1629	0.011109910905361176
1630	0.012980438768863678
1631	0.017626559361815453
1632	0.021875441074371338
1633	0.03336290642619133
1634	0.02537819743156433
1635	0.01913887821137905
1636	0.00825966615229845
1637	0.0130465654656291
1638	0.009094341658055782
1639	0.009644628502428532
1640	0.010069059208035469
1641	0.010351854376494884
1642	0.00987622793763876
1643	0.007470032665878534
1644	0.011623448692262173
1645	0.01693892851471901
1646	0.016758868470788002
1647	0.01569405570626259
1648	0.029241621494293213
1649	0.01865825429558754
1650	0.012625175528228283
1651	0.02060350961983204
1652	0.017811981961131096
1653	0.009823977947235107
1654	0.01144127082079649
1655	0.014930972829461098
1656	0.013008035719394684
1657	0.011881135404109955
1658	0.01187172718346119
1659	0.012308216653764248
1660	0.01052628643810749
1661	0.010512578301131725
1662	0.008463594131171703
1663	0.010357457213103771
1664	0.01187910046428442
1665	0.009033827111124992
1666	0.011717732064425945
1667	0.010633974336087704
1668	0.01114741712808609
1669	0.012799453921616077
1670	0.009518779814243317
1671	0.009637071751058102
1672	0.010914633981883526
1673	0.010349125601351261
1674	0.011147483251988888
1675	0.011844215914607048
1676	0.010991476476192474
1677	0.015337655320763588
1678	0.011853128671646118
1679	0.012230581603944302
1680	0.014279531314969063
1681	0.010863532312214375
1682	0.009992568753659725
1683	0.012481005862355232
1684	0.01081069279462099
1685	0.012799227610230446
1686	0.012140121310949326
1687	0.012716392055153847
1688	0.012789673171937466
1689	0.026715178042650223
1690	0.015442636795341969
1691	0.007861833088099957
1692	0.008662426844239235
1693	0.01295578945428133
1694	0.022357817739248276
1695	0.034729622304439545
1696	0.024021616205573082
1697	0.024164972826838493
1698	0.052253227680921555
1699	0.015836775302886963
1700	0.01484365202486515
1701	0.009536409750580788
1702	0.010662333108484745
1703	0.01064244844019413
1704	0.010615221224725246
1705	0.010106007568538189
1706	0.011348485015332699
1707	0.010350058786571026
1708	0.010020255111157894
1709	0.009833628311753273
1710	0.011119064874947071
1711	0.011047638021409512
1712	0.01044020801782608
1713	0.011803864501416683
1714	0.012984114699065685
1715	0.009671919979155064
1716	0.007410689722746611
1717	0.0091431038454175
1718	0.009338960982859135
1719	0.00867956317961216
1720	0.014870064333081245
1721	0.011020775884389877
1722	0.011302459053695202
1723	0.013063359074294567
1724	0.014969452284276485
1725	0.01668492518365383
1726	0.017073122784495354
1727	0.01323691476136446
1728	0.012850360944867134
1729	0.009783840738236904
1730	0.010783514007925987
1731	0.009939203038811684
1732	0.010913535952568054
1733	0.007220292929559946
1734	0.008390964940190315
1735	0.008377361111342907
1736	0.009082908742129803
1737	0.008075947873294353
1738	0.007630640175193548
1739	0.007835106924176216
1740	0.00730095524340868
1741	0.007071528118103743
1742	0.006423556711524725
1743	0.011149615980684757
1744	0.009940976276993752
1745	0.016998302191495895
1746	0.01680671237409115
1747	0.007908448576927185
1748	0.009062943048775196
1749	0.009398981928825378
1750	0.015242618508636951
1751	0.011713029816746712
1752	0.0069781276397407055
1753	0.010144027881324291
1754	0.009621629491448402
1755	0.01162527222186327
1756	0.011046022176742554
1757	0.011029557324945927
1758	0.010855009779334068
1759	0.009209204465150833
1760	0.008341423235833645
1761	0.008654988370835781
1762	0.010513214394450188
1763	0.010211164131760597
1764	0.01361123751848936
1765	0.011170908808708191
1766	0.009736309759318829
1767	0.013254052959382534
1768	0.009915845468640327
1769	0.007505055051296949
1770	0.0128848971799016
1771	0.011287852190434933
1772	0.01258128136396408
1773	0.012326193042099476
1774	0.009693990461528301
1775	0.009631210938096046
1776	0.007135105784982443
1777	0.007836917415261269
1778	0.008583694696426392
1779	0.007319088559597731
1780	0.006154105067253113
1781	0.005803131498396397
1782	0.007937840186059475
1783	0.007728004362434149
1784	0.010960123501718044
1785	0.010627206414937973
1786	0.009172791615128517
1787	0.008172130212187767
1788	0.0077232117764651775
1789	0.006906900089234114
1790	0.007208996918052435
1791	0.006877278443425894
1792	0.009307156316936016
1793	0.010235306806862354
1794	0.008160499855875969
1795	0.00983972568064928
1796	0.009886888787150383
1797	0.00858490914106369
1798	0.009741528891026974
1799	0.008540662936866283
1800	0.009158599190413952
1801	0.006321129854768515
1802	0.008732608519494534
1803	0.00886016059666872
1804	0.011156647466123104
1805	0.008340336382389069
1806	0.010208774358034134
1807	0.0087667778134346
1808	0.008746077306568623
1809	0.009454214945435524
1810	0.008511262945830822
1811	0.007694776635617018
1812	0.008756962604820728
1813	0.008530189283192158
1814	0.008626825176179409
1815	0.0075349630787968636
1816	0.007501221727579832
1817	0.008454176597297192
1818	0.00911393016576767
1819	0.007980707101523876
1820	0.005665133241564035
1821	0.007822089828550816
1822	0.006171255372464657
1823	0.007160112261772156
1824	0.005894686561077833
1825	0.007644817233085632
1826	0.005394114647060633
1827	0.006933249533176422
1828	0.006476360838860273
1829	0.005293363239616156
1830	0.009426100179553032
1831	0.0069970786571502686
1832	0.00827867817133665
1833	0.00765740592032671
1834	0.005728517659008503
1835	0.004346868488937616
1836	0.0048194280825555325
1837	0.004186086356639862
1838	0.004412429872900248
1839	0.0059469700790941715
1840	0.00484011135995388
1841	0.004639522638171911
1842	0.004316103644669056
1843	0.005626857280731201
1844	0.0035810971166938543
1845	0.003866520244628191
1846	0.0037358736153692007
1847	0.0035238389391452074
1848	0.004332950804382563
1849	0.004992927890270948
1850	0.004179458599537611
1851	0.005589485168457031
1852	0.004438470583409071
1853	0.004907498601824045
1854	0.006076050456613302
1855	0.005428611766546965
1856	0.005341068841516972
1857	0.004625886213034391
1858	0.0061776237562298775
1859	0.006053298246115446
1860	0.0046889143995940685
1861	0.0061241211369633675
1862	0.00504967151209712
1863	0.0078074210323393345
1864	0.007399489171802998
1865	0.006619703955948353
1866	0.007681719493120909
1867	0.006956811994314194
1868	0.007310162764042616
1869	0.005647380370646715
1870	0.006605146918445826
1871	0.00518408790230751
1872	0.00483680609613657
1873	0.004397104028612375
1874	0.004674594849348068
1875	0.009943830780684948
1876	0.012208414264023304
1877	0.008670761249959469
1878	0.008930177427828312
1879	0.008702050894498825
1880	0.011263548396527767
1881	0.009889485314488411
1882	0.00672522559762001
1883	0.005767001770436764
1884	0.010269236750900745
1885	0.00891336053609848
1886	0.008060256019234657
1887	0.009278220124542713
1888	0.007661584299057722
1889	0.008774327114224434
1890	0.009682743810117245
1891	0.007746818009763956
1892	0.008823217824101448
1893	0.006225144024938345
1894	0.009658708237111568
1895	0.005455463659018278
1896	0.004838741850107908
1897	0.005679370369762182
1898	0.005552768241614103
1899	0.007031538523733616
1900	0.006033531855791807
1901	0.006429783999919891
1902	0.0061978246085345745
1903	0.007057646755129099
1904	0.007809353061020374
1905	0.008291205391287804
1906	0.0061003947630524635
1907	0.005498917307704687
1908	0.007032537367194891
1909	0.007201506290584803
1910	0.007321885321289301
1911	0.0070382715202867985
1912	0.007402821909636259
1913	0.011669752188026905
1914	0.008771001361310482
1915	0.008195186033844948
1916	0.009391921572387218
1917	0.009185968898236752
1918	0.009340737946331501
1919	0.012565313838422298
1920	0.009756640531122684
1921	0.010061941109597683
1922	0.008533497340977192
1923	0.00781975593417883
1924	0.006536235101521015
1925	0.006654238793998957
1926	0.009996744804084301
1927	0.00943128950893879
1928	0.00993392150849104
1929	0.008175138384103775
1930	0.008186161518096924
1931	0.0093212416395545
1932	0.007859674282371998
1933	0.008233094587922096
1934	0.007912663742899895
1935	0.008947915397584438
1936	0.010524160228669643
1937	0.008097033016383648
1938	0.011935953982174397
1939	0.007052949164062738
1940	0.008086598478257656
1941	0.011148226447403431
1942	0.00968114286661148
1943	0.008098701015114784
1944	0.00949606578797102
1945	0.007483677472919226
1946	0.008195992559194565
1947	0.008399978280067444
1948	0.009640638716518879
1949	0.008929717354476452
1950	0.010483917780220509
1951	0.009079640731215477
1952	0.009636268019676208
1953	0.009676109999418259
1954	0.009045976214110851
1955	0.008694522082805634
1956	0.009499783627688885
1957	0.0066512348130345345
1958	0.006752284709364176
1959	0.005507578141987324
1960	0.006975857075303793
1961	0.0073189265094697475
1962	0.006070502568036318
1963	0.008350963704288006
1964	0.008110065944492817
1965	0.009562172926962376
1966	0.008249170146882534
1967	0.008672979660332203
1968	0.007071110885590315
1969	0.00716028967872262
1970	0.009263236075639725
1971	0.008215631358325481
1972	0.008751200512051582
1973	0.009109231643378735
1974	0.00792063120752573
1975	0.006122386548668146
1976	0.006791579071432352
1977	0.00868841540068388
1978	0.0070089250802993774
1979	0.006695590913295746
1980	0.007185398135334253
1981	0.005485265515744686
1982	0.005664090160280466
1983	0.006280399858951569
1984	0.00727258762344718
1985	0.007360291667282581
1986	0.0063735321164131165
1987	0.006788474507629871
1988	0.006260068621486425
1989	0.0073400139808654785
1990	0.007326491177082062
1991	0.0064909569919109344
1992	0.007621687836945057
1993	0.006647247821092606
1994	0.0074911536648869514
1995	0.006875974126160145
1996	0.007818780839443207
1997	0.008963082917034626
1998	0.00882041547447443
1999	0.007457894738763571
2000	0.0075166597962379456
2001	0.005632354877889156
2002	0.007273297291249037
2003	0.0066711618565022945
2004	0.0075560063123703
2005	0.00756916543468833
2006	0.007483955007046461
2007	0.006563007831573486
2008	0.009204991161823273
2009	0.014475569128990173
2010	0.010313667356967926
2011	0.036640267819166183
2012	0.08495253324508667
2013	0.0898975357413292
2014	0.09184654802083969
2015	0.009160182438790798
2016	0.007964610122144222
2017	0.006408261600881815
2018	0.006663944572210312
2019	0.007456597872078419
2020	0.008088789880275726
2021	0.007718088570982218
2022	0.007732732687145472
2023	0.007913595996797085
2024	0.0069833965972065926
2025	0.008763494901359081
2026	0.007109017577022314
2027	0.008365820161998272
2028	0.009302196092903614
2029	0.008300124667584896
2030	0.00881166197359562
2031	0.008837970905005932
2032	0.00724194897338748
2033	0.007516004145145416
2034	0.006411307491362095
2035	0.009443957358598709
2036	0.00839663203805685
2037	0.011555508710443974
2038	0.01489114947617054
2039	0.011039032600820065
2040	0.011061707511544228
2041	0.009699033573269844
2042	0.008208348415791988
2043	0.008622723631560802
2044	0.013687768951058388
2045	0.00725919846445322
2046	0.006022518966346979
2047	0.006966590881347656
2048	0.010721038095653057
2049	0.00868723914027214
2050	0.008906640112400055
2051	0.011318549513816833
2052	0.01118259783834219
2053	0.01036351453512907
2054	0.010240509174764156
2055	0.007302240934222937
2056	0.007746819406747818
2057	0.0072427550330758095
2058	0.0074750198982656
2059	0.007597159594297409
2060	0.006978624500334263
2061	0.009478977881371975
2062	0.008175449445843697
2063	0.010288183577358723
2064	0.010598319582641125
2065	0.011172066442668438
2066	0.008453047834336758
2067	0.009066949598491192
2068	0.01424410380423069
2069	0.014565865509212017
2070	0.011297465302050114
2071	0.012279664166271687
2072	0.009823043830692768
2073	0.009936991147696972
2074	0.00910243485122919
2075	0.008278693072497845
2076	0.00811592023819685
2077	0.009707202203571796
2078	0.009253086522221565
2079	0.008680524304509163
2080	0.010296317748725414
2081	0.011484742164611816
2082	0.010578207671642303
2083	0.014315730892121792
2084	0.010526430793106556
2085	0.014875329099595547
2086	0.01058521494269371
2087	0.010194161906838417
2088	0.011676265858113766
2089	0.007713449187576771
2090	0.00495911156758666
2091	0.005839870776981115
2092	0.00597238726913929
2093	0.008123651146888733
2094	0.010818163864314556
2095	0.02895093522965908
2096	0.03412056341767311
2097	0.03143521398305893
2098	0.02714860439300537
2099	0.031303804367780685
2100	0.02843552827835083
2101	0.027854416519403458
2102	0.014790219254791737
2103	0.012706703506410122
2104	0.01796620339155197
2105	0.026768798008561134
2106	0.036562249064445496
2107	0.2081197053194046
2108	0.07936140894889832
2109	0.10123224556446075
2110	0.013165049254894257
2111	0.008376947604119778
2112	0.011109030805528164
2113	0.009380869567394257
2114	0.01003036554902792
2115	0.009690697304904461
2116	0.008670084178447723
2117	0.007187120616436005
2118	0.007935486733913422
2119	0.007325910031795502
2120	0.009023874066770077
2121	0.007530607283115387
2122	0.008034957572817802
2123	0.009468813426792622
2124	0.0075870114378631115
2125	0.008031451143324375
2126	0.010130897164344788
2127	0.009020783007144928
2128	0.009888085536658764
2129	0.008968072943389416
2130	0.009990505874156952
2131	0.010054826736450195
2132	0.011386984959244728
2133	0.012306424789130688
2134	0.01827091909945011
2135	0.02030663564801216
2136	0.041838038712739944
2137	0.04158414155244827
2138	0.05958891659975052
2139	0.09582658857107162
2140	0.1772260069847107
2141	0.025836843997240067
2142	0.37788715958595276
2143	0.385803759098053
2144	0.4768075942993164
2145	0.5992363691329956
2146	0.5107990503311157
2147	0.4951349198818207
2148	0.5849837064743042
2149	0.6332646608352661
2150	0.5691396594047546
2151	0.507608950138092
2152	0.3810950815677643
2153	0.4235186278820038
2154	0.40830278396606445
2155	0.6065570116043091
2156	0.7073751091957092
2157	0.615723729133606
2158	0.7117888331413269
2159	0.7612304091453552
2160	0.7059541344642639
2161	0.5383543372154236
2162	0.8205940127372742
2163	0.7207195162773132
2164	0.6800248026847839
2165	0.6736477017402649
2166	0.755314826965332
2167	0.7368068099021912
2168	0.5174679756164551
2169	0.33290910720825195
2170	0.5168463587760925
2171	0.6532036662101746
2172	0.6578891277313232
2173	0.7691606879234314
2174	0.6872581839561462
2175	0.7391085624694824
2176	0.5465191006660461
2177	0.6764117479324341
2178	0.7379081845283508
2179	0.7648148536682129
2180	0.59376460313797
2181	0.45202794671058655
2182	0.11277561634778976
2183	0.012990969233214855
2184	0.010463982820510864
2185	0.016552047803997993
2186	0.08433646708726883
2187	0.039909929037094116
2188	0.32082071900367737
2189	0.21100623905658722
2190	0.13884037733078003
2191	0.34047600626945496
2192	0.1844443827867508
2193	0.1427609920501709
2194	0.2044430822134018
2195	0.19380228221416473
2196	0.08771375566720963
2197	0.3913402557373047
2198	0.5349330902099609
2199	0.24388599395751953
2200	0.08856302499771118
2201	0.02920660935342312
2202	0.04179807007312775
2203	0.08136893808841705
2204	0.3132338225841522
2205	0.5367357134819031
2206	0.7154834866523743
2207	0.788346529006958
2208	0.7973038554191589
2209	0.7681795954704285
2210	0.6924334764480591
2211	0.6159182786941528
2212	0.6721858978271484
2213	0.6675073504447937
2214	0.6480109691619873
2215	0.03595101460814476
2216	0.010910254903137684
2217	0.009120426140725613
2218	0.010172898881137371
2219	0.009129292331635952
2220	0.007132913451641798
2221	0.008712266571819782
2222	0.014521518722176552
2223	0.014473541639745235
2224	0.015913575887680054
2225	0.018604418262839317
2226	0.014120583422482014
2227	0.01448320783674717
2228	0.01415864285081625
2229	0.012967750430107117
2230	0.010877132415771484
2231	0.012743924744427204
2232	0.011592342518270016
2233	0.014981917105615139
2234	0.015959618613123894
2235	0.011015276424586773
2236	0.012300381436944008
2237	0.012881554663181305
2238	0.01317619439214468
2239	0.011394045315682888
2240	0.015911756083369255
2241	0.013483772054314613
2242	0.01119957398623228
2243	0.011516617611050606
2244	0.015353160910308361
2245	0.012861824594438076
2246	0.01163348276168108
2247	0.013468458317220211
2248	0.012545262463390827
2249	0.0141302440315485
2250	0.0156534593552351
2251	0.014110716991126537
2252	0.014272156171500683
2253	0.014864361844956875
2254	0.015113788656890392
2255	0.01493548508733511
2256	0.016728419810533524
2257	0.014612252824008465
2258	0.018651464954018593
2259	0.018327990546822548
2260	0.017314363270998
2261	0.01708095706999302
2262	0.015429717488586903
2263	0.017310891300439835
2264	0.01702865958213806
2265	0.016662655398249626
2266	0.017671674489974976
2267	0.01608835719525814
2268	0.01510945986956358
2269	0.014325710013508797
2270	0.01110410038381815
2271	0.012078980915248394
2272	0.012306048534810543
2273	0.01206525694578886
2274	0.013239664025604725
2275	0.01583622209727764
2276	0.01574806682765484
2277	0.014725307933986187
2278	0.046941448003053665
2279	0.3053604066371918
2280	0.5433880686759949
2281	0.8096349835395813
2282	0.5088483095169067
2283	0.36793407797813416
2284	0.5170758962631226
2285	0.3598209321498871
2286	0.5649229884147644
2287	0.7449061274528503
2288	0.8011207580566406
2289	0.7810150384902954
2290	0.7307445406913757
2291	0.8215175867080688
2292	0.830906093120575
2293	0.7824921011924744
2294	0.6900736689567566
2295	0.7056495547294617
2296	0.735327422618866
2297	0.830715000629425
2298	0.7696119546890259
2299	0.5177505612373352
2300	0.20342829823493958
2301	0.37797901034355164
2302	0.23720455169677734
2303	0.2587798535823822
2304	0.16714249551296234
2305	0.027246708050370216
2306	0.009052982553839684
2307	0.010445979423820972
2308	0.015079507604241371
2309	0.016243645921349525
2310	0.013130788691341877
2311	0.011931275017559528
2312	0.015507444739341736
2313	0.024930298328399658
2314	0.05444891378283501
2315	0.06088574603199959
2316	0.11806265264749527
2317	0.2896326184272766
2318	0.591791570186615
2319	0.8607897162437439
2320	0.9424875378608704
2321	0.5262678265571594
2322	0.9367014169692993
2323	0.9594497084617615
2324	0.9435632824897766
2325	0.9300457239151001
2326	0.8804664015769958
2327	0.8448092341423035
2328	0.8120759129524231
2329	0.8343592882156372
2330	0.8311509490013123
2331	0.7528573274612427
2332	0.576387345790863
2333	0.6770148277282715
2334	0.3151323199272156
2335	0.36800459027290344
2336	0.46522256731987
2337	0.4199477732181549
2338	0.5042456984519958
2339	0.38126975297927856
2340	0.5431565642356873
2341	0.44799643754959106
2342	0.4405018389225006
2343	0.455111026763916
2344	0.34070801734924316
2345	0.5214361548423767
2346	0.6724211573600769
2347	0.5889026522636414
2348	0.6692640781402588
2349	0.4445531964302063
2350	0.38399866223335266
2351	0.8372846841812134
2352	0.3786890208721161
2353	0.3288029730319977
2354	0.4621794819831848
2355	0.4831332266330719
2356	0.6745303273200989
2357	0.6261274218559265
2358	0.6833261847496033
2359	0.500222384929657
2360	0.4468224048614502
2361	0.2817111909389496
2362	0.2877527177333832
2363	0.08380220085382462
2364	0.4222829043865204
2365	0.08225610107183456
2366	0.06392000615596771
2367	0.01233565341681242
2368	0.015262603759765625
2369	0.01409023255109787
2370	0.013511341996490955
2371	0.010111003182828426
2372	0.011680019088089466
2373	0.009439290501177311
2374	0.012836969457566738
2375	0.010849063284695148
2376	0.014573789201676846
2377	0.013162991963326931
2378	0.011838709004223347
2379	0.015333728864789009
2380	0.016019413247704506
2381	0.016119778156280518
2382	0.018643725663423538
2383	0.02675984799861908
2384	0.06778889894485474
2385	0.4128177762031555
2386	0.22687716782093048
2387	0.4843752980232239
2388	0.3451675474643707
2389	0.5310181975364685
2390	0.5330367088317871
2391	0.7586883306503296
2392	0.1502676159143448
2393	0.7900415062904358
2394	0.8583154678344727
2395	0.8594398498535156
2396	0.7601900100708008
2397	0.8254823684692383
2398	0.7187405824661255
2399	0.6552756428718567
2400	0.6290856599807739
2401	0.5228137373924255
2402	0.2115321159362793
2403	0.18296144902706146
2404	0.14781177043914795
2405	0.16308535635471344
2406	0.3565271496772766
2407	0.6047294735908508
2408	0.3569149971008301
2409	0.3124443590641022
2410	0.0642000362277031
2411	0.02894674800336361
2412	0.013123842887580395
2413	0.013292461633682251
2414	0.015759145841002464
2415	0.01267419196665287
2416	0.00882810540497303
2417	0.008025195449590683
2418	0.009938115254044533
2419	0.010463551618158817
2420	0.008573134429752827
2421	0.008982543833553791
2422	0.007397018373012543
2423	0.00818291213363409
2424	0.007411460857838392
2425	0.007375463377684355
2426	0.006655418314039707
2427	0.007049273233860731
2428	0.01123152393847704
2429	0.008475844748318195
2430	0.008146115578711033
2431	0.005389867350459099
2432	0.0063822208903729916
2433	0.0066080824472010136
2434	0.007387507241219282
2435	0.006490734405815601
2436	0.005930191371589899
2437	0.007461425848305225
2438	0.008908906020224094
2439	0.008488587103784084
2440	0.010622351430356503
2441	0.01136742066591978
2442	0.010924214497208595
2443	0.007155227940529585
2444	0.007040850352495909
2445	0.006753781344741583
2446	0.006113448180258274
2447	0.007248994894325733
2448	0.007451517973095179
2449	0.008539899252355099
2450	0.008434519171714783
2451	0.008205478079617023
2452	0.007896268740296364
2453	0.00755962822586298
2454	0.008681170642375946
2455	0.007379555609077215
2456	0.006341663654893637
2457	0.00629139831289649
2458	0.00766359269618988
2459	0.007087129633873701
2460	0.006202774588018656
2461	0.005404068622738123
2462	0.008233163505792618
2463	0.009563959203660488
2464	0.0073948814533650875
2465	0.0076394216157495975
2466	0.0059956214390695095
2467	0.0066373771987855434
2468	0.006685260217636824
2469	0.007960639894008636
2470	0.0063916416838765144
2471	0.005063717719167471
2472	0.007083629257977009
2473	0.006319695618003607
2474	0.007439743261784315
2475	0.0071818712167441845
2476	0.007530604489147663
2477	0.007486489601433277
2478	0.00661897799000144
2479	0.007617847062647343
2480	0.008211775682866573
2481	0.016043568029999733
2482	0.012214833870530128
2483	0.01858055591583252
2484	0.019320165738463402
2485	0.018329713493585587
2486	0.019561156630516052
2487	0.025105124339461327
2488	0.015641912817955017
2489	0.03098028339445591
2490	0.04603802412748337
2491	0.024694550782442093
2492	0.012929615564644337
2493	0.013898509554564953
2494	0.017600325867533684
2495	0.03453432396054268
2496	0.058858443051576614
2497	0.020418021827936172
2498	0.011877109296619892
2499	0.012741439044475555
2500	0.0298137366771698
2501	0.05433352664113045
2502	0.04130077362060547
2503	0.017787834629416466
2504	0.013728156685829163
2505	0.012844902463257313
2506	0.010680128820240498
2507	0.02409253641963005
2508	0.03548438474535942
2509	0.022640857845544815
2510	0.023154353722929955
2511	0.010201080702245235
2512	0.014866426587104797
2513	0.015541508793830872
2514	0.01322881318628788
2515	0.009335525333881378
2516	0.010536774061620235
2517	0.013359064236283302
2518	0.011948607861995697
2519	0.015775475651025772
2520	0.012727132998406887
2521	0.013190808705985546
2522	0.01018869411200285
2523	0.016537798568606377
2524	0.017177173867821693
2525	0.023918697610497475
2526	0.043404772877693176
2527	0.038709137588739395
2528	0.03136461228132248
2529	0.025807559490203857
2530	0.024791020900011063
2531	0.024952802807092667
2532	0.014609470963478088
2533	0.016376061365008354
2534	0.012166636995971203
2535	0.016002291813492775
2536	0.013470673933625221
2537	0.007423210423439741
2538	0.010588942095637321
2539	0.014185537584125996
2540	0.01224304549396038
2541	0.010180545039474964
2542	0.012292648665606976
2543	0.0126505671069026
2544	0.013993210159242153
2545	0.012157614342868328
2546	0.012533703818917274
2547	0.015140566043555737
2548	0.01822565495967865
2549	0.01426889281719923
2550	0.009915809147059917
2551	0.012293445877730846
2552	0.01090338733047247
2553	0.01102389395236969
2554	0.013112232089042664
2555	0.013685631565749645
2556	0.010642732493579388
2557	0.008231351152062416
2558	0.009269378148019314
2559	0.012491918168962002
2560	0.014597529545426369
2561	0.01258941926062107
2562	0.013077415525913239
2563	0.011045302264392376
2564	0.010366871953010559
2565	0.011032196693122387
2566	0.01041447650641203
2567	0.01121485885232687
2568	0.010993455536663532
2569	0.009533894248306751
2570	0.00938239973038435
2571	0.010231605730950832
2572	0.012028632685542107
2573	0.008252984844148159
2574	0.0061473906971514225
2575	0.006907299160957336
2576	0.009350097738206387
2577	0.00615738658234477
2578	0.008557568304240704
2579	0.008403646759688854
2580	0.005897939205169678
2581	0.006016710307449102
2582	0.008273559622466564
2583	0.006900805979967117
2584	0.007188268005847931
2585	0.007688663434237242
2586	0.006509287748485804
2587	0.006980680860579014
2588	0.007228244096040726
2589	0.007352490909397602
2590	0.006828421261161566
2591	0.004763086326420307
2592	0.006448778789490461
2593	0.006552721839398146
2594	0.005592713598161936
2595	0.007838043384253979
2596	0.008760333061218262
2597	0.009034072048962116
2598	0.007452354766428471
2599	0.006984686944633722
2600	0.008367310278117657
2601	0.007687348872423172
2602	0.008407923392951488
2603	0.009176397696137428
2604	0.008506777696311474
2605	0.013659358024597168
2606	0.014399036765098572
2607	0.010210499167442322
2608	0.008918223902583122
2609	0.011241569183766842
2610	0.009507927112281322
2611	0.024905284866690636
2612	0.020880116149783134
2613	0.02738039754331112
2614	0.032850202172994614
2615	0.01613117754459381
2616	0.01632216013967991
2617	0.011878013610839844
2618	0.009952555410563946
2619	0.013005397282540798
2620	0.008033501915633678
2621	0.008088575676083565
2622	0.011075674556195736
2623	0.010633714497089386
2624	0.008495527319610119
2625	0.010246406309306622
2626	0.008743330836296082
2627	0.005931250285357237
2628	0.007313412614166737
2629	0.012318456545472145
2630	0.010466030798852444
2631	0.015790823847055435
2632	0.021583955734968185
2633	0.01340130902826786
2634	0.017488261684775352
2635	0.01988976262509823
2636	0.012741661630570889
2637	0.014463054947555065
2638	0.019596323370933533
2639	0.016156485304236412
2640	0.01954735815525055
2641	0.029203427955508232
2642	0.023611178621649742
2643	0.019687078893184662
2644	0.008215921930968761
2645	0.009549091570079327
2646	0.0199423860758543
2647	0.014310391619801521
2648	0.009431535378098488
2649	0.011643867008388042
2650	0.011266715824604034
2651	0.012059815227985382
2652	0.013956314884126186
2653	0.010950612835586071
2654	0.008638495579361916
2655	0.008680860511958599
2656	0.012680848129093647
2657	0.014528967440128326
2658	0.01136267650872469
2659	0.015196395106613636
2660	0.014935380779206753
2661	0.017537934705615044
2662	0.01936350204050541
2663	0.02209612913429737
2664	0.01897287927567959
2665	0.011628171429038048
2666	0.01101210992783308
2667	0.010160641744732857
2668	0.013872566632926464
2669	0.010391730815172195
2670	0.014758557081222534
2671	0.02836558036506176
2672	0.014069459401071072
2673	0.026426946744322777
2674	0.011986391618847847
2675	0.013868368230760098
2676	0.015467201359570026
2677	0.012712016701698303
2678	0.012316801585257053
2679	0.00699608726426959
2680	0.005965213757008314
2681	0.00803340133279562
2682	0.006040000356733799
2683	0.005783333908766508
2684	0.007997383363544941
2685	0.006802745163440704
2686	0.007599246688187122
2687	0.005752208177000284
2688	0.007054076995700598
2689	0.004976498428732157
2690	0.005138914566487074
2691	0.005017755087465048
2692	0.005789922084659338
2693	0.004995304625481367
2694	0.0061002010479569435
2695	0.007681308779865503
2696	0.007039049174636602
2697	0.01006351038813591
2698	0.008765838108956814
2699	0.010025197640061378
2700	0.007314905524253845
2701	0.007287969347089529
2702	0.006444443948566914
2703	0.010304691269993782
2704	0.00800363440066576
2705	0.009643818251788616
2706	0.009256521239876747
2707	0.01025795191526413
2708	0.008189898915588856
2709	0.008266334421932697
2710	0.007676561363041401
2711	0.008876785635948181
2712	0.008240069262683392
2713	0.0077026220969855785
2714	0.007998347282409668
2715	0.007828603498637676
2716	0.005420926958322525
2717	0.006361516658216715
2718	0.006364577915519476
2719	0.006677445024251938
2720	0.00691134063526988
2721	0.00608379440382123
2722	0.00590861402451992
2723	0.005681385286152363
2724	0.005613287910819054
2725	0.005982979666441679
2726	0.008650965057313442
2727	0.008617635816335678
2728	0.006933513563126326
2729	0.005906087812036276
2730	0.006093254312872887
2731	0.007589674089103937
2732	0.006688199937343597
2733	0.006381739862263203
2734	0.0065999687649309635
2735	0.006811255123466253
2736	0.0062574963085353374
2737	0.008064480498433113
2738	0.007871878333389759
2739	0.007501380983740091
2740	0.006333531346172094
2741	0.007954156026244164
2742	0.007347347680479288
2743	0.0070554823614656925
2744	0.0060006119310855865
2745	0.007602800615131855
2746	0.007238110993057489
2747	0.005825961008667946
2748	0.00543259410187602
2749	0.0047038644552230835
2750	0.004414828028529882
2751	0.004108126740902662
2752	0.003725654212757945
2753	0.004325132351368666
2754	0.004942275583744049
2755	0.005725541617721319
2756	0.0046029104851186275
2757	0.005395515356212854
2758	0.007265544030815363
2759	0.005910792388021946
2760	0.004890102427452803
2761	0.005256631877273321
2762	0.005643258336931467
2763	0.006363897118717432
2764	0.006192001048475504
2765	0.0064891488291323185
2766	0.00711539713665843
2767	0.006845814175903797
2768	0.006557945162057877
2769	0.00595519645139575
2770	0.008069494739174843
2771	0.007386423647403717
2772	0.010787147097289562
2773	0.017424507066607475
2774	0.009874604642391205
2775	0.01095336303114891
2776	0.011508285067975521
2777	0.011884122155606747
2778	0.00839986465871334
2779	0.012164405547082424
2780	0.007984444499015808
2781	0.007239894010126591
2782	0.0092417998239398
2783	0.01351767498999834
2784	0.0237708929926157
2785	0.02864299714565277
2786	0.05530524253845215
2787	0.047784820199012756
2788	0.09296663105487823
2789	0.018210461363196373
2790	0.020707709714770317
2791	0.02397982031106949
2792	0.008111968636512756
2793	0.007006308529525995
2794	0.00805527251213789
2795	0.009231257252395153
2796	0.007906724698841572
2797	0.0068773007951676846
2798	0.007682021241635084
2799	0.007840583100914955
2800	0.0069210464134812355
2801	0.007382859475910664
2802	0.007766630034893751
2803	0.008512030355632305
2804	0.009071518667042255
2805	0.007852748036384583
2806	0.006259520538151264
2807	0.007372063584625721
2808	0.006295814644545317
2809	0.008087578229606152
2810	0.007531663868576288
2811	0.009530607610940933
2812	0.009521104395389557
2813	0.009895622730255127
2814	0.061291374266147614
2815	0.15886035561561584
2816	0.02419288083910942
2817	0.014375115744769573
2818	0.01770816557109356
2819	0.04781292751431465
2820	0.05973607301712036
2821	0.1163085475564003
2822	0.0356479249894619
2823	0.15775857865810394
2824	0.6862452030181885
2825	0.8337478637695312
2826	0.8067232370376587
2827	0.7714117169380188
2828	0.7197117209434509
2829	0.8738384246826172
2830	0.8125066757202148
2831	0.8104692697525024
2832	0.7805072665214539
2833	0.7029891014099121
2834	0.8869388699531555
2835	0.768966794013977
2836	0.7678754925727844
2837	0.7365678548812866
2838	0.7133021354675293
2839	0.0164093766361475
2840	0.013823257759213448
2841	0.015832548961043358
2842	0.2340942919254303
2843	0.013264916837215424
2844	0.011325865983963013
2845	0.012421912513673306
2846	0.011160597205162048
2847	0.01101172249764204
2848	0.01279935147613287
2849	0.011771127581596375
2850	0.0121855353936553
2851	0.010353651829063892
2852	0.12634341418743134
2853	0.5228676199913025
2854	0.534177303314209
2855	0.6888245344161987
2856	0.8343533873558044
2857	0.823144257068634
2858	0.8362051248550415
2859	0.8403832316398621
2860	0.8494068384170532
2861	0.7900989651679993
2862	0.819318413734436
2863	0.863084614276886
2864	0.8227148056030273
2865	0.9124090075492859
2866	0.47042521834373474
2867	0.7168657183647156
2868	0.815922200679779
2869	0.8069632649421692
2870	0.7910107970237732
2871	0.8062068819999695
2872	0.7728397250175476
2873	0.7998220324516296
2874	0.7541217803955078
2875	0.8113970756530762
2876	0.7988400459289551
2877	0.9076679348945618
2878	0.9386064410209656
2879	0.9231907725334167
2880	0.9238336682319641
2881	0.930670440196991
2882	0.7662000060081482
2883	0.8848291635513306
2884	0.8113636374473572
2885	0.8429201245307922
2886	0.7633647918701172
2887	0.8497630953788757
2888	0.8560779690742493
2889	0.7755136489868164
2890	0.8074278831481934
2891	0.8489528894424438
2892	0.7864755988121033
2893	0.7805151343345642
2894	0.7576895952224731
2895	0.7417088747024536
2896	0.7339975237846375
2897	0.8243299722671509
2898	0.8515775799751282
2899	0.823211669921875
2900	0.8790810704231262
2901	0.8711990714073181
2902	0.839694619178772
2903	0.8289160132408142
2904	0.8402762413024902
2905	0.8290765881538391
2906	0.8755103945732117
2907	0.8268699645996094
2908	0.83037930727005
2909	0.8908578753471375
2910	0.7574610114097595
2911	0.9230844378471375
2912	0.9018629193305969
2913	0.8987398147583008
2914	0.9233102798461914
2915	0.8522109389305115
2916	0.9065219163894653
2917	0.932038426399231
2918	0.8265537619590759
2919	0.885800838470459
2920	0.921352207660675
2921	0.8159952163696289
2922	0.7223747968673706
2923	0.3433263301849365
2924	0.13659735023975372
2925	0.36061835289001465
2926	0.5061991810798645
2927	0.45703211426734924
2928	0.22481155395507812
2929	0.1413276344537735
2930	0.27850446105003357
2931	0.505576491355896
2932	0.4369553029537201
2933	0.6395170092582703
2934	0.5137286186218262
2935	0.6403726935386658
2936	0.7342128157615662
2937	0.8279705047607422
2938	0.769580066204071
2939	0.8126870393753052
2940	0.8867031931877136
2941	0.9381482005119324
2942	0.9524437189102173
2943	0.9688574075698853
2944	0.9446086883544922
2945	0.9502485394477844
2946	0.8905864953994751
2947	0.8318711519241333
2948	0.888105571269989
2949	0.8384756445884705
2950	0.8004528284072876
2951	0.8706156611442566
2952	0.8796775937080383
2953	0.8625581860542297
2954	0.8403300642967224
2955	0.8896862268447876
2956	0.8912373781204224
2957	0.9076513648033142
2958	0.912787914276123
2959	0.8458852767944336
2960	0.86348956823349
2961	0.8513786196708679
2962	0.8571254014968872
2963	0.7559784054756165
2964	0.17285171151161194
2965	0.009876333177089691
2966	0.009422624483704567
2967	0.010595637373626232
2968	0.4343080520629883
2969	0.7765294313430786
2970	0.4356076717376709
2971	0.7596532106399536
2972	0.7528250813484192
2973	0.8442819714546204
2974	0.8981996774673462
2975	0.8745320439338684
2976	0.9431319236755371
2977	0.8300545811653137
2978	0.917587399482727
2979	0.9176002740859985
2980	0.8967872858047485
2981	0.8970040678977966
2982	0.8612268567085266
2983	0.9194719195365906
2984	0.8356233835220337
2985	0.9013924598693848
2986	0.8811468482017517
2987	0.9123886227607727
2988	0.9179229736328125
2989	0.863011360168457
2990	0.8399683833122253
2991	0.7659057974815369
2992	0.7381693720817566
2993	0.837577760219574
2994	0.8463537096977234
2995	0.6928632855415344
2996	0.7655128836631775
2997	0.614126980304718
2998	0.628222644329071
2999	0.6114124655723572
3000	0.612640917301178
3001	0.386258989572525
3002	0.012209138832986355
3003	0.013004742562770844
3004	0.025948459282517433
3005	0.019575515761971474
3006	0.013680259697139263
3007	0.011048915795981884
3008	0.011411440558731556
3009	0.007074171211570501
3010	0.004565919283777475
3011	0.009461760520935059
3012	0.008362479507923126
3013	0.009756512939929962
3014	0.010046753101050854
3015	0.006216352339833975
3016	0.008935297839343548
3017	0.006626246031373739
3018	0.004946713335812092
3019	0.005105620715767145
3020	0.009182127192616463
3021	0.007408370263874531
3022	0.006897555198520422
3023	0.0099630830809474
3024	0.00804947316646576
3025	0.009106379933655262
3026	0.012045356445014477
3027	0.009872219525277615
3028	0.011792048811912537
3029	0.010628987103700638
3030	0.009753494523465633
3031	0.01333401259034872
3032	0.008854447863996029
3033	0.009337502531707287
3034	0.01137189194560051
3035	0.01148846372961998
3036	0.010184288024902344
3037	0.009644221514463425
3038	0.0077064260840415955
3039	0.006745918188244104
3040	0.007285194005817175
3041	0.00779328215867281
3042	0.009010015986859798
3043	0.012150726281106472
3044	0.013884457759559155
3045	0.010115640237927437
3046	0.009595446288585663
3047	0.009345903061330318
3048	0.008768001571297646
3049	0.009866904467344284
3050	0.00807224027812481
3051	0.011601537466049194
3052	0.012594434432685375
3053	0.010435426607728004
3054	0.011118452064692974
3055	0.008831582963466644
3056	0.010516003705561161
3057	0.013831987977027893
3058	0.011122292838990688
3059	0.010311136022210121
3060	0.014137662015855312
3061	0.012197825126349926
3062	0.013247876428067684
3063	0.012568607926368713
3064	0.01078200712800026
3065	0.01508553046733141
3066	0.00929963681846857
3067	0.010054296813905239
3068	0.01540096290409565
3069	0.01218954473733902
3070	0.01074893306940794
3071	0.013075542636215687
3072	0.011400233022868633
3073	0.011755543760955334
3074	0.01234365999698639
3075	0.01090067345649004
3076	0.016123486682772636
3077	0.01500190794467926
3078	0.013685508631169796
3079	0.017670854926109314
3080	0.017934810370206833
3081	0.015970176085829735
3082	0.01637105643749237
3083	0.0173942930996418
3084	0.0139314578846097
3085	0.01601994037628174
3086	0.021948177367448807
3087	0.02613992989063263
3088	0.016750948503613472
3089	0.01714934967458248
3090	0.022152142599225044
3091	0.030006159096956253
3092	0.021474650129675865
3093	0.02409677393734455
3094	0.01352060865610838
3095	0.014445701614022255
3096	0.015037494711577892
3097	0.010359371080994606
3098	0.012870228849351406
3099	0.013201127760112286
3100	0.014863066375255585
3101	0.01274630706757307
3102	0.0114678256213665
3103	0.01394046749919653
3104	0.01598438248038292
3105	0.015181007795035839
3106	0.0152873070910573
3107	0.014096739701926708
3108	0.011412866413593292
3109	0.013562683947384357
3110	0.012474555522203445
3111	0.011510476469993591
3112	0.009852687828242779
3113	0.018851621076464653
3114	0.014298426918685436
3115	0.011942898854613304
3116	0.013954512774944305
3117	0.013684681616723537
3118	0.012934527359902859
3119	0.010870209895074368
3120	0.010386570356786251
3121	0.008978340774774551
3122	0.008086067624390125
3123	0.0064710634760558605
3124	0.004274378996342421
3125	0.005351795349270105
3126	0.00471170200034976
3127	0.004128540866076946
3128	0.005792501848191023
3129	0.004423186182975769
3130	0.005316456314176321
3131	0.007221352308988571
3132	0.005996540188789368
3133	0.00881347805261612
3134	0.006497988943010569
3135	0.007789924740791321
3136	0.008841450326144695
3137	0.01066488865762949
3138	0.009799814783036709
3139	0.007674186024814844
3140	0.006914091296494007
3141	0.007156279869377613
3142	0.006257790606468916
3143	0.006790243089199066
3144	0.007163025438785553
3145	0.009609035216271877
3146	0.008007409051060677
3147	0.0067683616653084755
3148	0.007134360261261463
3149	0.007581804879009724
3150	0.006548482924699783
3151	0.007701222784817219
3152	0.008534339256584644
3153	0.008986609987914562
3154	0.007349791470915079
3155	0.0068737524561584
3156	0.007574501913040876
3157	0.006631195079535246
3158	0.006730449851602316
3159	0.009360522031784058
3160	0.007744501810520887
3161	0.004810668062418699
3162	0.003983119037002325
3163	0.004541517700999975
3164	0.0035523828119039536
3165	0.0046205297112464905
3166	0.004889673087745905
3167	0.005593285895884037
3168	0.005415802355855703
3169	0.0048362440429627895
3170	0.0070113688707351685
3171	0.007825620472431183
3172	0.00875303614884615
3173	0.008568300865590572
3174	0.006357023026794195
3175	0.004261162132024765
3176	0.005294828675687313
3177	0.004577426239848137
3178	0.004362584091722965
3179	0.007639638613909483
3180	0.00901903584599495
3181	0.008184055797755718
3182	0.00725530693307519
3183	0.007692053914070129
3184	0.0061683934181928635
3185	0.0074182734824717045
3186	0.008136739023029804
3187	0.01141645759344101
3188	0.007730097975581884
3189	0.007351044565439224
3190	0.007543469313532114
3191	0.007205158472061157
3192	0.005925126373767853
3193	0.007335689850151539
3194	0.008178194053471088
3195	0.005709694232791662
3196	0.006312602199614048
3197	0.006202980875968933
3198	0.005297921597957611
3199	0.006786010693758726
3200	0.005854310933500528
3201	0.006146675441414118
3202	0.005517242942005396
3203	0.0056909131817519665
3204	0.00638026837259531
3205	0.0077234613709151745
3206	0.007621702738106251
3207	0.007336233742535114
3208	0.007980473339557648
3209	0.009346765466034412
3210	0.007118139415979385
3211	0.009635207243263721
3212	0.007917741313576698
3213	0.008719642646610737
3214	0.00717950938269496
3215	0.0077606067061424255
3216	0.00713397515937686
3217	0.009103037416934967
3218	0.009550861082971096
3219	0.007689841091632843
3220	0.010382232256233692
3221	0.010144536383450031
3222	0.007823782972991467
3223	0.007642269134521484
3224	0.013895210810005665
3225	0.014943760819733143
3226	0.007452473044395447
3227	0.006443588528782129
3228	0.005598193965852261
3229	0.005932070314884186
3230	0.0050027924589812756
3231	0.007481297943741083
3232	0.0076071531511843204
3233	0.005810481961816549
3234	0.008914425037801266
3235	0.009875449351966381
3236	0.00831423606723547
3237	0.008170776069164276
3238	0.006759900599718094
3239	0.0074351453222334385
3240	0.007175840437412262
3241	0.0085179153829813
3242	0.006126347463577986
3243	0.006530556827783585
3244	0.0066386135295033455
3245	0.006996619049459696
3246	0.005463776644319296
3247	0.006228046026080847
3248	0.008691700175404549
3249	0.008143234997987747
3250	0.008486369624733925
3251	0.006867330055683851
3252	0.008555899374186993
3253	0.008397161029279232
3254	0.00781330093741417
3255	0.006243831478059292
3256	0.006939805578440428
3257	0.00881970301270485
3258	0.007104423828423023
3259	0.005329044070094824
3260	0.00941381510347128
3261	0.00876741111278534
3262	0.01057208701968193
3263	0.009259267710149288
3264	0.01465978380292654
3265	0.014039880596101284
3266	0.018108293414115906
3267	0.0172825139015913
3268	0.019792959094047546
3269	0.017889035865664482
3270	0.021286968141794205
3271	0.023244237527251244
3272	0.022367877885699272
3273	0.01972947083413601
3274	0.01889818347990513
3275	0.024426335468888283
3276	0.014433353208005428
3277	0.014311200939118862
3278	0.01327728945761919
3279	0.013515829108655453
3280	0.01282213069498539
3281	0.01395178772509098
3282	0.013291947543621063
3283	0.013710117898881435
3284	0.014669631607830524
3285	0.015860358253121376
3286	0.016229433938860893
3287	0.009721479378640652
3288	0.009747444652020931
3289	0.01084743719547987
3290	0.016065523028373718
3291	0.01941354013979435
3292	0.02018323913216591
3293	0.035326309502124786
3294	0.022010881453752518
3295	0.03053225576877594
3296	0.02926674485206604
3297	0.0328441746532917
3298	0.0663612112402916
3299	0.05732809379696846
3300	0.028634702786803246
3301	0.03925440460443497
3302	0.02375529706478119
3303	0.014345047064125538
3304	0.009819144383072853
3305	0.007416658103466034
3306	0.007929814048111439
3307	0.008072846569120884
3308	0.009319252334535122
3309	0.010549346916377544
3310	0.009634832851588726
3311	0.009746107272803783
3312	0.013075943104922771
3313	0.011119667440652847
3314	0.008317981846630573
3315	0.010764138773083687
3316	0.015014627948403358
3317	0.04609976336359978
3318	0.018726034089922905
3319	0.015966756269335747
3320	0.012753553688526154
3321	0.012538951821625233
3322	0.010895281098783016
3323	0.011985745280981064
3324	0.009823559783399105
3325	0.011023993603885174
3326	0.012133335694670677
3327	0.014072251506149769
3328	0.019119417294859886
3329	0.02315654791891575
3330	0.08734273165464401
3331	0.1651725023984909
3332	0.09513293951749802
3333	0.0678580030798912
3334	0.05421717092394829
3335	0.11745040863752365
3336	0.05874868109822273
3337	0.048701632767915726
3338	0.05974826216697693
3339	0.035942576825618744
3340	0.02803635038435459
3341	0.036463093012571335
3342	0.031994935125112534
3343	0.0246781837195158
3344	0.01568225771188736
3345	0.009123685769736767
3346	0.008125347085297108
3347	0.008954187855124474
3348	0.010155162774026394
3349	0.009450109675526619
3350	0.012204346247017384
3351	0.017519233748316765
3352	0.008496887050569057
3353	0.010788189247250557
3354	0.011212448589503765
3355	0.012477075681090355
3356	0.01309208758175373
3357	0.039779968559741974
3358	0.18598228693008423
3359	0.26061126589775085
3360	0.21147029101848602
3361	0.08160191029310226
3362	0.016463372856378555
3363	0.015671437606215477
3364	0.008356518112123013
3365	0.005610144697129726
3366	0.0075418599881231785
3367	0.006800668779760599
3368	0.010890066623687744
3369	0.004961557686328888
3370	0.005093055311590433
3371	0.005305187311023474
3372	0.007555666845291853
3373	0.010448104701936245
3374	0.009099769406020641
3375	0.009118429385125637
3376	0.009303907863795757
3377	0.010006824508309364
3378	0.012323944829404354
3379	0.01768447272479534
3380	0.01381010003387928
3381	0.010842270217835903
3382	0.010583976283669472
3383	0.012201623991131783
3384	0.011345678940415382
3385	0.011697322130203247
3386	0.012279528193175793
3387	0.01198878139257431
3388	0.012819734402000904
3389	0.00922484789043665
3390	0.011100651696324348
3391	0.013136409223079681
3392	0.012545081786811352
3393	0.010762886144220829
3394	0.009807058610022068
3395	0.013020596466958523
3396	0.01152154989540577
3397	0.013194883242249489
3398	0.012610018253326416
3399	0.012063293717801571
3400	0.011613789945840836
3401	0.01717550866305828
3402	0.016329241916537285
3403	0.01730586402118206
3404	0.016714178025722504
3405	0.018468307331204414
3406	0.017336172983050346
3407	0.017226777970790863
3408	0.016838716343045235
3409	0.014666936360299587
3410	0.01874637044966221
3411	0.017624303698539734
3412	0.024057870730757713
3413	0.016979029402136803
3414	0.033514585345983505
3415	0.01571948267519474
3416	0.01492977049201727
3417	0.012332175858318806
3418	0.014094463549554348
3419	0.009568986482918262
3420	0.011298281140625477
3421	0.008832002058625221
3422	0.00716081727296114
3423	0.0046960338950157166
3424	0.006444024387747049
3425	0.006688620429486036
3426	0.00681246817111969
3427	0.009752071462571621
3428	0.008705551736056805
3429	0.011268011294305325
3430	0.009922320954501629
3431	0.009449980221688747
3432	0.008410285227000713
3433	0.010715795680880547
3434	0.010230940766632557
3435	0.006135251373052597
3436	0.005968589801341295
3437	0.007512728217989206
3438	0.006287130061537027
3439	0.006019245833158493
3440	0.0057594734244048595
3441	0.006581585854291916
3442	0.006338885519653559
3443	0.005851416382938623
3444	0.007313730660825968
3445	0.005772826727479696
3446	0.005491378251463175
3447	0.010856171138584614
3448	0.011960373260080814
3449	0.008076194673776627
3450	0.007269416935741901
3451	0.011851103976368904
3452	0.008282477967441082
3453	0.007347835693508387
3454	0.009191455319523811
3455	0.006983539555221796
3456	0.009316463023424149
3457	0.007099974434822798
3458	0.007778261788189411
3459	0.0080408975481987
3460	0.007352018263190985
3461	0.0077204923145473
3462	0.00868983007967472
3463	0.006971089635044336
3464	0.007573746144771576
3465	0.008409223519265652
3466	0.00890504103153944
3467	0.008834089152514935
3468	0.00821206159889698
3469	0.007754358928650618
3470	0.009248639456927776
3471	0.009238550439476967
3472	0.011906799860298634
3473	0.01141964178532362
3474	0.011836751364171505
3475	0.01178938988596201
3476	0.013496534898877144
3477	0.014052269048988819
3478	0.010656422935426235
3479	0.010464809834957123
3480	0.009017336182296276
3481	0.0083211874589324
3482	0.010694664902985096
3483	0.011584009975194931
3484	0.008276265114545822
3485	0.010068206116557121
3486	0.010985617525875568
3487	0.01119194831699133
3488	0.010292439721524715
3489	0.00862734206020832
3490	0.009407485835254192
3491	0.009680426679551601
3492	0.01309280376881361
3493	0.01138785108923912
3494	0.010384241119027138
3495	0.00740386126562953
3496	0.008007428608834743
3497	0.007701498456299305
3498	0.007750051561743021
3499	0.008092193864285946
3500	0.008523987606167793
3501	0.008269604295492172
3502	0.006130620371550322
3503	0.0067210751585662365
3504	0.006207761820405722
3505	0.00880193430930376
3506	0.008392013609409332
3507	0.00940252747386694
3508	0.009478235617280006
3509	0.006863818503916264
3510	0.009081005118787289
3511	0.006608051713556051
3512	0.00967910885810852
3513	0.009068797342479229
3514	0.009721331298351288
3515	0.010445824824273586
3516	0.009323119185864925
3517	0.012337010353803635
3518	0.01149893831461668
3519	0.012241440825164318
3520	0.01102019939571619
3521	0.014684021472930908
3522	0.012718165293335915
3523	0.01226568128913641
3524	0.012613564729690552
3525	0.012533927336335182
3526	0.00913365837186575
3527	0.009973485954105854
3528	0.01271779090166092
3529	0.012430003844201565
3530	0.01353825069963932
3531	0.008638152852654457
3532	0.007910865359008312
3533	0.007325741928070784
3534	0.00876013096421957
3535	0.009066641330718994
3536	0.006070796865969896
3537	0.008274154737591743
3538	0.008067329414188862
3539	0.011205500923097134
3540	0.008183075115084648
3541	0.006947742309421301
3542	0.007131356280297041
3543	0.008766216225922108
3544	0.006605172995477915
3545	0.008207336999475956
3546	0.008333074860274792
3547	0.0082459207624197
3548	0.006516910623759031
3549	0.006057683378458023
3550	0.004625280853360891
3551	0.00828920304775238
3552	0.006082246545702219
3553	0.009459246881306171
3554	0.00960336159914732
3555	0.00717795779928565
3556	0.006051843054592609
3557	0.006838953588157892
3558	0.007029779255390167
3559	0.007536470890045166
3560	0.007630489766597748
3561	0.007253153715282679
3562	0.009091089479625225
3563	0.005948096513748169
3564	0.005648144520819187
3565	0.005052562337368727
3566	0.005063667893409729
3567	0.0044862967915833
3568	0.0046593607403337955
3569	0.003968473058193922
3570	0.0038105228450149298
3571	0.004536096006631851
3572	0.004912213888019323
3573	0.00619816267862916
3574	0.005502582527697086
3575	0.0064292061142623425
3576	0.006105695851147175
3577	0.004613415338099003
3578	0.006693709176033735
3579	0.005996437277644873
3580	0.007354493718594313
3581	0.006639576051384211
3582	0.008424143306910992
3583	0.0072884210385382175
3584	0.007285621017217636
3585	0.008338470943272114
3586	0.006268201861530542
3587	0.008638089522719383
3588	0.008118054829537868
3589	0.01034531369805336
3590	0.007069633342325687
3591	0.007777853403240442
3592	0.005797798279672861
3593	0.0062452442944049835
3594	0.006652225740253925
3595	0.007438014727085829
3596	0.005022960249334574
3597	0.00589869637042284
3598	0.007794502656906843
3599	0.008350232616066933
3600	0.007906420156359673
3601	0.007203526794910431
3602	0.00886537041515112
3603	0.007641767617315054
3604	0.00853201374411583
3605	0.008128016255795956
3606	0.008038482628762722
3607	0.007476025726646185
3608	0.007803704123944044
3609	0.009531254880130291
3610	0.009616365656256676
3611	0.009946727193892002
3612	0.010622724890708923
3613	0.00817769207060337
3614	0.007315342780202627
3615	0.006218956783413887
3616	0.0101052550598979
3617	0.009619987569749355
3618	0.008820723742246628
3619	0.013944849371910095
3620	0.011254019103944302
3621	0.009213087148964405
3622	0.008598928339779377
3623	0.011819071136415005
3624	0.010786707513034344
3625	0.007540842983871698
3626	0.0066927345469594
3627	0.009922562167048454
3628	0.008903471753001213
3629	0.007587152998894453
3630	0.007233744952827692
3631	0.007985896430909634
3632	0.008679507300257683
3633	0.006781130563467741
3634	0.007292641792446375
3635	0.0068123252131044865
3636	0.006162963341921568
3637	0.006163848098367453
3638	0.006948777474462986
3639	0.007079114206135273
3640	0.00815235823392868
3641	0.009652781300246716
3642	0.007807635702192783
3643	0.00935602467507124
3644	0.009736565873026848
3645	0.008656121790409088
3646	0.009673615917563438
3647	0.008564319461584091
3648	0.006890046875923872
3649	0.00759105896577239
3650	0.006918467115610838
3651	0.008944581262767315
3652	0.00754426047205925
3653	0.009603988379240036
3654	0.008527914993464947
3655	0.008578496985137463
3656	0.008886239491403103
3657	0.007897376082837582
3658	0.007299856282770634
3659	0.008072122931480408
3660	0.013695604167878628
3661	0.03180632367730141
3662	0.00858350284397602
3663	0.008523514494299889
3664	0.008045240305364132
3665	0.009046288207173347
3666	0.009662424214184284
3667	0.008827566169202328
3668	0.009628929197788239
3669	0.008634763769805431
3670	0.010335494764149189
3671	0.008594377897679806
3672	0.008057382889091969
3673	0.009654571302235126
3674	0.010298080742359161
3675	0.00960470549762249
3676	0.018922364339232445
3677	0.034670520573854446
3678	0.021114403381943703
3679	0.02239840291440487
3680	0.026158694177865982
3681	0.03586862236261368
3682	0.03487147018313408
3683	0.0664636418223381
3684	0.04258670285344124
3685	0.04501228779554367
3686	0.09851177781820297
3687	0.05557947978377342
3688	0.027758345007896423
3689	0.03523317724466324
3690	0.03334211930632591
3691	0.0511581189930439
3692	0.03308610990643501
3693	0.014260217547416687
3694	0.01865377649664879
3695	0.01584038697183132
3696	0.016825783997774124
3697	0.021841203793883324
3698	0.015526372008025646
3699	0.010439622215926647
3700	0.015657199546694756
3701	0.012441061437129974
3702	0.011886653490364552
3703	0.012147299945354462
3704	0.015156969428062439
3705	0.01860146038234234
3706	0.024303186684846878
3707	0.040127500891685486
3708	0.02483256161212921
3709	0.027316836640238762
3710	0.029802048578858376
3711	0.031484056264162064
3712	0.03822922334074974
3713	0.021403837949037552
3714	0.01116693951189518
3715	0.010384178720414639
3716	0.01044489350169897
3717	0.017749140039086342
3718	0.01768624782562256
3719	0.01791968010365963
3720	0.018547240644693375
3721	0.0402652733027935
3722	0.08137460798025131
3723	0.0931270644068718
3724	0.17230665683746338
3725	0.09874049574136734
3726	0.10836168378591537
3727	0.06159680709242821
3728	0.1163751631975174
3729	0.037391338497400284
3730	0.0627390667796135
3731	0.037713367491960526
3732	0.10436465591192245
3733	0.12882447242736816
3734	0.2489834576845169
3735	0.2210555523633957
3736	0.3296857476234436
3737	0.09266092628240585
3738	0.01162221934646368
3739	0.014233626425266266
3740	0.01448748167604208
3741	0.011147095821797848
3742	0.05397145822644234
3743	0.17301134765148163
3744	0.20949499309062958
3745	0.20910029113292694
3746	0.08214150369167328
3747	0.19098058342933655
3748	0.4342469274997711
3749	0.4033893644809723
3750	0.3751152455806732
3751	0.014277487993240356
3752	0.014742821455001831
3753	0.01591424085199833
3754	0.014961269684135914
3755	0.14777454733848572
3756	0.2006130963563919
3757	0.10518401116132736
3758	0.06693901121616364
3759	0.2627579867839813
3760	0.2997824251651764
3761	0.26562926173210144
3762	0.030536586418747902
3763	0.014496341347694397
3764	0.0121409110724926
3765	0.02498812787234783
3766	0.01474502868950367
3767	0.01045972853899002
3768	0.013392883352935314
3769	0.010784062556922436
3770	0.010386670008301735
3771	0.015726283192634583
3772	0.01681681163609028
3773	0.012739988975226879
3774	0.010994737036526203
3775	0.022525038570165634
3776	0.10320112854242325
3777	0.11787476390600204
3778	0.19408239424228668
3779	0.27090904116630554
3780	0.6209405660629272
3781	0.47991058230400085
3782	0.19359023869037628
3783	0.13923561573028564
3784	0.2138582468032837
3785	0.05718725919723511
3786	0.010777103714644909
3787	0.01259076502174139
3788	0.024656040593981743
3789	0.0659245029091835
3790	0.05480799823999405
3791	0.05278598889708519
3792	0.13838176429271698
3793	0.1287514567375183
3794	0.015428840182721615
3795	0.013093746267259121
3796	0.013589411973953247
3797	0.015418851748108864
3798	0.020443910732865334
3799	0.046437304466962814
3800	0.026767263188958168
3801	0.01245290506631136
3802	0.010844732634723186
3803	0.009681858122348785
3804	0.01099085807800293
3805	0.009285450913012028
3806	0.009150070138275623
3807	0.008735454641282558
3808	0.009622039273381233
3809	0.01034690160304308
3810	0.009306134656071663
3811	0.009522272273898125
3812	0.006489899940788746
3813	0.00498516159132123
3814	0.009610621258616447
3815	0.009197410196065903
3816	0.010960272513329983
3817	0.010293248109519482
3818	0.01722594164311886
3819	0.012514851056039333
3820	0.013326157815754414
3821	0.007739695254713297
3822	0.006494857370853424
3823	0.012509669177234173
3824	0.008909209631383419
3825	0.012214714661240578
3826	0.011381550692021847
3827	0.007121634669601917
3828	0.00964727345854044
3829	0.009334039874374866
3830	0.009364606812596321
3831	0.00901967566460371
3832	0.0067507135681807995
3833	0.009322411380708218
3834	0.02127533219754696
3835	0.010411503724753857
3836	0.011360911652445793
3837	0.010466600768268108
3838	0.009253797121345997
3839	0.008682179264724255
3840	0.01053948700428009
3841	0.008790319785475731
3842	0.00871479231864214
3843	0.009682944975793362
3844	0.012923240661621094
3845	0.007254169788211584
3846	0.007990277372300625
3847	0.007311541121453047
3848	0.008016853593289852
3849	0.008750802837312222
3850	0.006252385210245848
3851	0.011321136727929115
3852	0.011640654876828194
3853	0.011593440547585487
3854	0.013079329393804073
3855	0.010369889438152313
3856	0.02657686546444893
3857	0.013114102184772491
3858	0.015189810656011105
3859	0.013590839691460133
3860	0.01877276413142681
3861	0.014036539010703564
3862	0.015560880303382874
3863	0.017943639308214188
3864	0.016494443640112877
3865	0.014810934662818909
3866	0.014032185077667236
3867	0.01107262633740902
3868	0.013901283033192158
3869	0.013812549412250519
3870	0.012931636534631252
3871	0.031060457229614258
3872	0.029367774724960327
3873	0.02089809998869896
3874	0.01572667807340622
3875	0.018133152276277542
3876	0.0137124452739954
3877	0.0253759752959013
3878	0.014037433080375195
3879	0.013318242505192757
3880	0.012466403655707836
3881	0.010487950406968594
3882	0.032850105315446854
3883	0.01509090419858694
3884	0.03295627236366272
3885	0.03171766549348831
3886	0.017511116340756416
3887	0.015678027644753456
3888	0.024324318394064903
3889	0.01719077304005623
3890	0.011305626481771469
3891	0.032652076333761215
3892	0.03233755752444267
3893	0.025508496910333633
3894	0.01900116726756096
3895	0.028132501989603043
3896	0.029514489695429802
3897	0.030892252922058105
3898	0.02413216605782509
3899	0.029350532218813896
3900	0.01681039109826088
3901	0.02286633290350437
3902	0.014460459351539612
3903	0.023799970746040344
3904	0.02312212809920311
3905	0.017732176929712296
3906	0.03330407664179802
3907	0.01799592189490795
3908	0.024199217557907104
3909	0.04222055897116661
3910	0.022795625030994415
3911	0.03068459965288639
3912	0.044707369059324265
3913	0.017977476119995117
3914	0.0248185433447361
3915	0.05163063481450081
3916	0.017334023490548134
3917	0.01813913881778717
3918	0.016377711668610573
3919	0.023084230720996857
3920	0.01708165369927883
3921	0.020896440371870995
3922	0.023324642330408096
3923	0.020815441384911537
3924	0.016953714191913605
3925	0.02166934311389923
3926	0.025271210819482803
3927	0.018859630450606346
3928	0.02982562594115734
3929	0.02050149254500866
3930	0.018776370212435722
3931	0.01899954117834568
3932	0.015573653392493725
3933	0.025859285145998
3934	0.033135127276182175
3935	0.02110167220234871
3936	0.015766572207212448
3937	0.025135135278105736
3938	0.016844024881720543
3939	0.020004333928227425
3940	0.013568582013249397
3941	0.026200398802757263
3942	0.023616498336195946
3943	0.013885569758713245
3944	0.0240685623139143
3945	0.025676501914858818
3946	0.029792506247758865
3947	0.030924467369914055
3948	0.030947042629122734
3949	0.02361706644296646
3950	0.012032701633870602
3951	0.014627662487328053
3952	0.008730532601475716
3953	0.010714142583310604
3954	0.013998262584209442
3955	0.026528222486376762
3956	0.012365120463073254
3957	0.016762707382440567
3958	0.01314972247928381
3959	0.012644064612686634
3960	0.016565877944231033
3961	0.01375959999859333
3962	0.01737424172461033
3963	0.020309001207351685
3964	0.022302228957414627
3965	0.023058108985424042
3966	0.014426236040890217
3967	0.03592309355735779
3968	0.03998245671391487
3969	0.022345831617712975
3970	0.024610113352537155
3971	0.034210361540317535
3972	0.017313359305262566
3973	0.01866862177848816
3974	0.026783078908920288
3975	0.01769760251045227
3976	0.025524666532874107
3977	0.02071746252477169
3978	0.023540999740362167
3979	0.031353212893009186
3980	0.02502775751054287
3981	0.02109384350478649
3982	0.02068658545613289
3983	0.019798999652266502
3984	0.02124231867492199
3985	0.020532596856355667
3986	0.018088772892951965
3987	0.021749740466475487
3988	0.017193255946040154
3989	0.021710772067308426
3990	0.015025638043880463
3991	0.014099666848778725
3992	0.016814816743135452
3993	0.019456896930933
3994	0.028497492894530296
3995	0.011503063142299652
3996	0.010450041852891445
3997	0.008758415468037128
3998	0.0062668658792972565
3999	0.010567932389676571
4000	0.021657750010490417
4001	0.040627069771289825
4002	0.030080704018473625
4003	0.04997251555323601
4004	0.03683839738368988
4005	0.020401662215590477
4006	0.023816725239157677
4007	0.01654857210814953
4008	0.011143514886498451
4009	0.010312679223716259
4010	0.009018382988870144
4011	0.011686818674206734
4012	0.008046602830290794
4013	0.00924199353903532
4014	0.013680768199265003
4015	0.011009017936885357
4016	0.009158145636320114
4017	0.00923022348433733
4018	0.008695325814187527
4019	0.0062292031943798065
4020	0.005802785512059927
4021	0.004881010856479406
4022	0.006930635776370764
4023	0.006038629915565252
4024	0.006608921568840742
4025	0.008327088318765163
4026	0.0066550979390740395
4027	0.009443506598472595
4028	0.009512788616120815
4029	0.010875617153942585
4030	0.011728288605809212
4031	0.011269712820649147
4032	0.012021491304039955
4033	0.008701643906533718
4034	0.01473858393728733
4035	0.19673652946949005
4036	0.3345615565776825
4037	0.3988952338695526
4038	0.16921013593673706
4039	0.06625517457723618
4040	0.01604558899998665
4041	0.00951244868338108
4042	0.010234980843961239
4043	0.012671700678765774
4044	0.014791014604270458
4045	0.025794237852096558
4046	0.05975914001464844
4047	0.043192777782678604
4048	0.01565736159682274
4049	0.010385892353951931
4050	0.007905538193881512
4051	0.008136170916259289
4052	0.00783574115484953
4053	0.008880116045475006
4054	0.008590652607381344
4055	0.008420094847679138
4056	0.009628321044147015
4057	0.007926632650196552
4058	0.006989290472120047
4059	0.009999564848840237
4060	0.1085757240653038
4061	0.9315903782844543
4062	0.9537670016288757
4063	0.8933238387107849
4064	0.9394671320915222
4065	0.862287163734436
4066	0.6892181634902954
4067	0.9383476376533508
4068	0.9552785754203796
4069	0.9160475730895996
4070	0.9823789596557617
4071	0.9255900382995605
4072	0.9752914309501648
4073	0.9864912033081055
4074	0.9894896745681763
4075	0.896220862865448
4076	0.19259870052337646
4077	0.054315268993377686
4078	0.009418686851859093
4079	0.010624035261571407
4080	0.012186877429485321
4081	0.01068267971277237
4082	0.008827121928334236
4083	0.009248836897313595
4084	0.009220174513757229
4085	0.010475397109985352
4086	0.009562267921864986
4087	0.009514866396784782
4088	0.01085122674703598
4089	0.011329193599522114
4090	0.0482245497405529
4091	0.7336291670799255
4092	0.9394147992134094
4093	0.9400257468223572
4094	0.9490804672241211
4095	0.6317883729934692
4096	0.5915916562080383
4097	0.7922812700271606
4098	0.7174821496009827
4099	0.7962678670883179
4100	0.8571943640708923
4101	0.8309549689292908
4102	0.8018612861633301
4103	0.8213695883750916
4104	0.7889701128005981
4105	0.9015904664993286
4106	0.8923975825309753
4107	0.3227214217185974
4108	0.07960652559995651
4109	0.0452922098338604
4110	0.04354928061366081
4111	0.23729200661182404
4112	0.1416097730398178
4113	0.5204567313194275
4114	0.9445585608482361
4115	0.6950663924217224
4116	0.31592807173728943
4117	0.12417447566986084
4118	0.014326873235404491
4119	0.011313911527395248
4120	0.013518079183995724
4121	0.0136592211201787
4122	0.011602898128330708
4123	0.014886888675391674
4124	0.012384282425045967
4125	0.016017897054553032
4126	0.011221857741475105
4127	0.011536641977727413
4128	0.013336628675460815
4129	0.012431317940354347
4130	0.013893012888729572
4131	0.012243147008121014
4132	0.01143425703048706
4133	0.01278668362647295
4134	0.012219016440212727
4135	0.014549791812896729
4136	0.01217151340097189
4137	0.012999526225030422
4138	0.013114149682223797
4139	0.45211878418922424
4140	0.8650951385498047
4141	0.9405555725097656
4142	0.9587869644165039
4143	0.6040443778038025
4144	0.016349921002984047
4145	0.00984057504683733
4146	0.01301988959312439
4147	0.011645416729152203
4148	0.017644261941313744
4149	0.013592198491096497
4150	0.013554922305047512
4151	0.015031750313937664
4152	0.01634332537651062
4153	0.013338177464902401
4154	0.0150817995890975
4155	0.014448217116296291
4156	0.015417538583278656
4157	0.013763337396085262
4158	0.012365670874714851
4159	0.011010155081748962
4160	0.01200916524976492
4161	0.01019447110593319
4162	0.01032486092299223
4163	0.01107409130781889
4164	0.012546843849122524
4165	0.01066269725561142
4166	0.011620761826634407
4167	0.011136899702250957
4168	0.013226332142949104
4169	0.011638619005680084
4170	0.01284168940037489
4171	0.011296587064862251
4172	0.01044187881052494
4173	0.007284569088369608
4174	0.008498551324009895
4175	0.011280201375484467
4176	0.010194403119385242
4177	0.011484894901514053
4178	0.01753026619553566
4179	0.01905657723546028
4180	0.011779414489865303
4181	0.008106527850031853
4182	0.0071397507563233376
4183	0.007298320531845093
4184	0.008600562810897827
4185	0.01177916955202818
4186	0.008716083131730556
4187	0.009759760461747646
4188	0.010221232660114765
4189	0.013183689676225185
4190	0.011801714077591896
4191	0.012425752356648445
4192	0.007433262653648853
4193	0.012118428945541382
4194	0.00997824128717184
4195	0.008265811018645763
4196	0.012023157440125942
4197	0.006549869664013386
4198	0.006430431734770536
4199	0.0064507657662034035
4200	0.008685823529958725
4201	0.009144270792603493
4202	0.006520602852106094
4203	0.007887296378612518
4204	0.004626405891031027
4205	0.010325083509087563
4206	0.0068750083446502686
4207	0.005071808584034443
4208	0.005917310249060392
4209	0.005099139641970396
4210	0.005541379563510418
4211	0.0049308547750115395
4212	0.004504810087382793
4213	0.0047710612416267395
4214	0.004195831716060638
4215	0.007016632705926895
4216	0.00894394051283598
4217	0.007543464191257954
4218	0.007985404692590237
4219	0.007344779558479786
4220	0.011141641065478325
4221	0.010997387580573559
4222	0.010105288587510586
4223	0.007133570499718189
4224	0.006851948797702789
4225	0.006052255630493164
4226	0.0065370420925319195
4227	0.0060384818352758884
4228	0.004973705392330885
4229	0.005167664494365454
4230	0.006084313150495291
4231	0.0062455348670482635
4232	0.005670767277479172
4233	0.008013436570763588
4234	0.006166230421513319
4235	0.006685690488666296
4236	0.007126459386199713
4237	0.005594130605459213
4238	0.0054716928862035275
4239	0.005818232428282499
4240	0.004998126532882452
4241	0.005647228565067053
4242	0.0058830208145082
4243	0.006008177530020475
4244	0.005408208351582289
4245	0.006729154381901026
4246	0.007500863168388605
4247	0.007231191731989384
4248	0.00661832932382822
4249	0.006534372456371784
4250	0.008822783827781677
4251	0.007978717796504498
4252	0.005649618338793516
4253	0.007987531833350658
4254	0.009834830649197102
4255	0.0092081343755126
4256	0.007669734302908182
4257	0.00942685455083847
4258	0.00988107081502676
4259	0.009593921713531017
4260	0.0078484658151865
4261	0.008343487977981567
4262	0.00689162639901042
4263	0.005878433585166931
4264	0.006470583379268646
4265	0.0070257410407066345
4266	0.006994661875069141
4267	0.006140677724033594
4268	0.006794882006943226
4269	0.007547919638454914
4270	0.008608419448137283
4271	0.007563658058643341
4272	0.00847341027110815
4273	0.008849388919770718
4274	0.008487576618790627
4275	0.00796067900955677
4276	0.007803457323461771
4277	0.008119001984596252
4278	0.009529185481369495
4279	0.00950253289192915
4280	0.00893192458897829
4281	0.012136012315750122
4282	0.010766196995973587
4283	0.014129051938652992
4284	0.011954009532928467
4285	0.009346777573227882
4286	0.0081487400457263
4287	0.009362361393868923
4288	0.00885995663702488
4289	0.008384973742067814
4290	0.009424938820302486
4291	0.008451749570667744
4292	0.008371916599571705
4293	0.009843597188591957
4294	0.007973014377057552
4295	0.007378258742392063
4296	0.0064379991963505745
4297	0.007919627241790295
4298	0.0077481865882873535
4299	0.007401408161967993
4300	0.007296124007552862
4301	0.008796410635113716
4302	0.006457605864852667
4303	0.008302542380988598
4304	0.007494864519685507
4305	0.007577906828373671
4306	0.007739229593425989
4307	0.007743676193058491
4308	0.005577502306550741
4309	0.005348337348550558
4310	0.005128238350152969
4311	0.0057625677436590195
4312	0.006355005782097578
4313	0.00580427423119545
4314	0.005772432312369347
4315	0.005385894328355789
4316	0.0053475042805075645
4317	0.005613863933831453
4318	0.005747219547629356
4319	0.0050775655545294285
4320	0.007430869620293379
4321	0.007075778674334288
4322	0.009555786848068237
4323	0.008180803619325161
4324	0.009412570856511593
4325	0.008779956959187984
4326	0.006613780744373798
4327	0.009299908764660358
4328	0.00887602474540472
4329	0.007957997731864452
4330	0.008900403045117855
4331	0.011398586444556713
4332	0.010322649963200092
4333	0.008500603027641773
4334	0.008533112704753876
4335	0.008903643116354942
4336	0.008724955841898918
4337	0.009590125642716885
4338	0.0074443519115448
4339	0.007670415099710226
4340	0.00693670054897666
4341	0.008625010959804058
4342	0.006931995041668415
4343	0.007047824561595917
4344	0.006127417087554932
4345	0.006825968623161316
4346	0.00784617941826582
4347	0.009885499253869057
4348	0.008042627945542336
4349	0.00814966019243002
4350	0.009346229024231434
4351	0.009085878729820251
4352	0.009958179667592049
4353	0.009658114984631538
4354	0.007753199432045221
4355	0.007357773371040821
4356	0.006094780750572681
4357	0.009097615256905556
4358	0.008080565370619297
4359	0.007180222310125828
4360	0.004602811299264431
4361	0.006716543342918158
4362	0.007009510882198811
4363	0.007538920734077692
4364	0.007625690195709467
4365	0.00881979800760746
4366	0.007737681269645691
4367	0.0084061985835433
4368	0.013959425501525402
4369	0.010195836424827576
4370	0.011372409760951996
4371	0.010221324861049652
4372	0.009311261586844921
4373	0.013328892178833485
4374	0.008411006070673466
4375	0.010670027695596218
4376	0.008946913294494152
4377	0.012702715583145618
4378	0.010995812714099884
4379	0.010310644283890724
4380	0.010662718676030636
4381	0.010310324840247631
4382	0.01132118795067072
4383	0.010526567697525024
4384	0.008096064440906048
4385	0.010634216479957104
4386	0.010125591419637203
4387	0.011662541888654232
4388	0.008987885899841785
4389	0.010085929185152054
4390	0.007273565977811813
4391	0.007171716541051865
4392	0.00973389483988285
4393	0.008640455082058907
4394	0.00784117728471756
4395	0.008723667822778225
4396	0.00900824274867773
4397	0.00700790761038661
4398	0.00465110270306468
4399	0.005609456449747086
4400	0.005514323245733976
4401	0.006375072989612818
4402	0.00534845469519496
4403	0.004411518573760986
4404	0.0065426635555922985
4405	0.00628857035189867
4406	0.005268524866551161
4407	0.0055260141380131245
4408	0.005675821099430323
4409	0.006377911660820246
4410	0.006317596882581711
4411	0.006037965416908264
4412	0.006628799717873335
4413	0.005294836591929197
4414	0.006749690510332584
4415	0.00641431612893939
4416	0.005890594329684973
4417	0.007457870990037918
4418	0.008057205937802792
4419	0.0066010551527142525
4420	0.005964014213532209
4421	0.006333559285849333
4422	0.0071122110821306705
4423	0.005312431138008833
4424	0.004224575590342283
4425	0.005295494105666876
4426	0.005047244485467672
4427	0.005072052124887705
4428	0.00609492277726531
4429	0.006280481815338135
4430	0.00669403700158
4431	0.006859110202640295
4432	0.008381928317248821
4433	0.009364801459014416
4434	0.006598217878490686
4435	0.00579190393909812
4436	0.005451871547847986
4437	0.0065005156211555
4438	0.006752397865056992
4439	0.007239844650030136
4440	0.005678560119122267
4441	0.006378017365932465
4442	0.004895411431789398
4443	0.004950452130287886
4444	0.005455471575260162
4445	0.005769609473645687
4446	0.005318887531757355
4447	0.006924562156200409
4448	0.006457281298935413
4449	0.005877562798559666
4450	0.007610540837049484
4451	0.006904045585542917
4452	0.005284258630126715
4453	0.0069398838095366955
4454	0.006847988814115524
4455	0.007461220026016235
4456	0.005377505905926228
4457	0.0063985660672187805
4458	0.005017544608563185
4459	0.005108085460960865
4460	0.006296350155025721
4461	0.00603157002478838
4462	0.006136989686638117
4463	0.005444520153105259
4464	0.005323187913745642
4465	0.006445509381592274
4466	0.006905806250870228
4467	0.0051009622402489185
4468	0.004561485722661018
4469	0.004014681559056044
4470	0.0049862065352499485
4471	0.005732412915676832
4472	0.005599214229732752
4473	0.005476455669850111
4474	0.006102840416133404
4475	0.0060895332135260105
4476	0.007786858361214399
4477	0.008003327064216137
4478	0.007217812817543745
4479	0.007735998835414648
4480	0.0056790816597640514
4481	0.006516286637634039
4482	0.006475492846220732
4483	0.0071227699518203735
4484	0.006140639539808035
4485	0.005923209246248007
4486	0.0050103687681257725
4487	0.004882306791841984
4488	0.005952205043286085
4489	0.005051355343312025
4490	0.004654636140912771
4491	0.006387189030647278
4492	0.005238072015345097
4493	0.005624814424663782
4494	0.006031522992998362
4495	0.00531347980722785
4496	0.005449954885989428
4497	0.0059111774899065495
4498	0.005037420429289341
4499	0.00689748814329505
4500	0.006350539159029722
4501	0.005461407359689474
4502	0.005421135574579239
4503	0.004962374456226826
4504	0.005117421504110098
4505	0.005868864711374044
4506	0.005652639549225569
4507	0.005264440085738897
4508	0.0061135562136769295
4509	0.007067719008773565
4510	0.005356823094189167
4511	0.005352970212697983
4512	0.007261193823069334
4513	0.0061564031057059765
4514	0.005014281719923019
4515	0.004920424893498421
4516	0.005465670954436064
4517	0.005147993564605713
4518	0.005719584412872791
4519	0.007209334056824446
4520	0.0067522707395255566
4521	0.006422767881304026
4522	0.007270108442753553
4523	0.00691065052524209
4524	0.008305917493999004
4525	0.0074109481647610664
4526	0.0071446592919528484
4527	0.0067115286365151405
4528	0.006055658217519522
4529	0.006402853410691023
4530	0.0056720273569226265
4531	0.0067759728990495205
4532	0.005436333362013102
4533	0.006738147232681513
4534	0.006413550581783056
4535	0.007700963411480188
4536	0.00842356588691473
4537	0.007119268178939819
4538	0.006669086869806051
4539	0.006518909242004156
4540	0.006734786089509726
4541	0.006189226638525724
4542	0.007220104336738586
4543	0.007670714054256678
4544	0.007439266424626112
4545	0.006439778953790665
4546	0.006897427141666412
4547	0.008575978688895702
4548	0.00791472103446722
4549	0.007395728956907988
4550	0.009262329898774624
4551	0.006791718304157257
4552	0.007505436893552542
4553	0.00852202344685793
4554	0.007890398614108562
4555	0.0085974195972085
4556	0.006468568928539753
4557	0.008366514928638935
4558	0.007434573955833912
4559	0.006553524639457464
4560	0.006972046103328466
4561	0.007805112283676863
4562	0.008192055858671665
4563	0.007090631872415543
4564	0.007154715247452259
4565	0.007042241282761097
4566	0.008527449332177639
4567	0.007531884592026472
4568	0.009440228343009949
4569	0.011017821729183197
4570	0.007469465024769306
4571	0.00801816489547491
4572	0.009238707832992077
4573	0.008499711751937866
4574	0.009305781684815884
4575	0.010104636661708355
4576	0.007514093071222305
4577	0.010602043941617012
4578	0.006242530886083841
4579	0.006459544878453016
4580	0.007024326827377081
4581	0.0063035981729626656
4582	0.006485988851636648
4583	0.007758942432701588
4584	0.008822250179946423
4585	0.009542244486510754
4586	0.006251625716686249
4587	0.008763687685132027
4588	0.009012623690068722
4589	0.008256806060671806
4590	0.007713304366916418
4591	0.012304583564400673
4592	0.009150474332273006
4593	0.011163202114403248
4594	0.009988254867494106
4595	0.013395282439887524
4596	0.010863793082535267
4597	0.012370462529361248
4598	0.011913895606994629
4599	0.008809611201286316
4600	0.0077089280821383
4601	0.007777610328048468
4602	0.008434123359620571
4603	0.00903258379548788
4604	0.010900729335844517
4605	0.008260004222393036
4606	0.015864355489611626
4607	0.016813823953270912
4608	0.021277736872434616
4609	0.013095899485051632
4610	0.012426415458321571
4611	0.011498123407363892
4612	0.018693827092647552
4613	0.017201147973537445
4614	0.014499562792479992
4615	0.01736324653029442
4616	0.017710281535983086
4617	0.015561024658381939
4618	0.019884329289197922
4619	0.01822197437286377
4620	0.023271478712558746
4621	0.01686881296336651
4622	0.017608871683478355
4623	0.02812330238521099
4624	0.028474247083067894
4625	0.019504044204950333
4626	0.02117191068828106
4627	0.019073957577347755
4628	0.025647440925240517
4629	0.01892554946243763
4630	0.01505212765187025
4631	0.009828691370785236
4632	0.015240487642586231
4633	0.016149427741765976
4634	0.015992851927876472
4635	0.019640102982521057
4636	0.025068236514925957
4637	0.013590355403721333
4638	0.018620172515511513
4639	0.022632205858826637
4640	0.02104467712342739
4641	0.015963062644004822
4642	0.021073197945952415
4643	0.03472394123673439
4644	0.03058008849620819
4645	0.007707081735134125
4646	0.021860932931303978
4647	0.00950233917683363
4648	0.006635687779635191
4649	0.00936010293662548
4650	0.008359617553651333
4651	0.014010808430612087
4652	0.0162989292293787
4653	0.024041641503572464
4654	0.018696803599596024
4655	0.011305234394967556
4656	0.017617305740714073
4657	0.01636986993253231
4658	0.01366560347378254
4659	0.017765015363693237
4660	0.014153522439301014
4661	0.02141273394227028
4662	0.017690502107143402
4663	0.019899606704711914
4664	0.018401583656668663
4665	0.020548546686768532
4666	0.011425512842833996
4667	0.012735294178128242
4668	0.013631987385451794
4669	0.008291472680866718
4670	0.009801970794796944
4671	0.0077727860771119595
4672	0.007776358630508184
4673	0.01538807898759842
4674	0.01335998810827732
4675	0.016487902030348778
4676	0.026376908645033836
4677	0.029507184401154518
4678	0.024295037612318993
4679	0.019655795767903328
4680	0.01652584969997406
4681	0.04533873125910759
4682	0.024698620662093163
4683	0.020468145608901978
4684	0.011317077092826366
4685	0.010149383917450905
4686	0.012752431444823742
4687	0.017083842307329178
4688	0.016745952889323235
4689	0.011725567281246185
4690	0.010216758586466312
4691	0.00980301946401596
4692	0.011267240159213543
4693	0.005469650030136108
4694	0.0074814544059336185
4695	0.00727189052850008
4696	0.008244295604526997
4697	0.009322885423898697
4698	0.007287286221981049
4699	0.006288991775363684
4700	0.006058432627469301
4701	0.004954750649631023
4702	0.004729793407022953
4703	0.005345538258552551
4704	0.0048018875531852245
4705	0.004680754151195288
4706	0.004877805709838867
4707	0.0039762211963534355
4708	0.0063758851028978825
4709	0.006491591222584248
4710	0.005456854589283466
4711	0.006953500211238861
4712	0.005196219775825739
4713	0.004669502843171358
4714	0.005298101808875799
4715	0.006609656848013401
4716	0.005564607214182615
4717	0.006468929350376129
4718	0.006456711329519749
4719	0.00721316272392869
4720	0.005880346056073904
4721	0.007343299221247435
4722	0.005413282196968794
4723	0.006356019526720047
4724	0.004525701981037855
4725	0.005764517933130264
4726	0.005415451712906361
4727	0.004924091510474682
4728	0.0045457761734724045
4729	0.005500293802469969
4730	0.00713392673060298
4731	0.0058163851499557495
4732	0.004726370330899954
4733	0.005648167338222265
4734	0.004940659739077091
4735	0.008458845317363739
4736	0.00758260628208518
4737	0.0070853764191269875
4738	0.006230161990970373
4739	0.006997536867856979
4740	0.005195809993892908
4741	0.005267986096441746
4742	0.004453875124454498
4743	0.004715936724096537
4744	0.004083152860403061
4745	0.004500434268265963
4746	0.005083361174911261
4747	0.004667513072490692
4748	0.0047160047106444836
4749	0.00517231272533536
4750	0.004517981316894293
4751	0.004255631007254124
4752	0.00529273459687829
4753	0.004998073913156986
4754	0.0058147902600467205
4755	0.0050954134203493595
4756	0.005586802493780851
4757	0.005270042456686497
4758	0.005201482214033604
4759	0.007102217059582472
4760	0.009618024341762066
4761	0.010247749276459217
4762	0.012869695201516151
4763	0.006530100014060736
4764	0.007992902770638466
4765	0.007968741469085217
4766	0.008071023039519787
4767	0.008823215030133724
4768	0.01954394392669201
4769	0.010424397885799408
4770	0.013473679311573505
4771	0.01595706306397915
4772	0.0056400722824037075
4773	0.010089270770549774
4774	0.013635736890137196
4775	0.013693886809051037
4776	0.007651437073945999
4777	0.005848431494086981
4778	0.0055906325578689575
4779	0.006534074433147907
4780	0.007577688433229923
4781	0.011043906211853027
4782	0.015283241868019104
4783	0.05084213614463806
4784	0.00779261440038681
4785	0.006527473218739033
4786	0.007148122880607843
4787	0.00549699692055583
4788	0.006217509042471647
4789	0.0059421975165605545
4790	0.005756632890552282
4791	0.005256905686110258
4792	0.005509691778570414
4793	0.00492461072281003
4794	0.005104839336127043
4795	0.0051902830600738525
4796	0.0063849943690001965
4797	0.005617858376353979
4798	0.0077719963155686855
4799	0.006013223435729742
4800	0.005723240319639444
4801	0.007055607624351978
4802	0.0063903057016432285
4803	0.008020981214940548
4804	0.009282049722969532
4805	0.008903075940907001
4806	0.011100088246166706
4807	0.010626404546201229
4808	0.00948075857013464
4809	0.013290083967149258
4810	0.022876812145113945
4811	0.015736376866698265
4812	0.013210299424827099
4813	0.01353879552334547
4814	0.026413602754473686
4815	0.10979056358337402
4816	0.04391385242342949
4817	0.13270795345306396
4818	0.32475629448890686
4819	0.2133225053548813
4820	0.029299600049853325
4821	0.030984414741396904
4822	0.11681997776031494
4823	0.13910435140132904
4824	0.1439865380525589
4825	0.1815737783908844
4826	0.17900411784648895
4827	0.15861378610134125
4828	0.1531108170747757
4829	0.07954996079206467
4830	0.12273366749286652
4831	0.35514792799949646
4832	0.20960257947444916
4833	0.2670447528362274
4834	0.43989840149879456
4835	0.278784841299057
4836	0.34781548380851746
4837	0.5624944567680359
4838	0.5843826532363892
4839	0.7140972018241882
4840	0.6829409003257751
4841	0.5715815424919128
4842	0.458096981048584
4843	0.42944201827049255
4844	0.6915609836578369
4845	0.6900894045829773
4846	0.7854802012443542
4847	0.6699710488319397
4848	0.7711689472198486
4849	0.7545124888420105
4850	0.40310215950012207
4851	0.09786438941955566
4852	0.17556147277355194
4853	0.08240962028503418
4854	0.795744001865387
4855	0.903656005859375
4856	0.7383649945259094
4857	0.7997947931289673
4858	0.7244331240653992
4859	0.45163288712501526
4860	0.5591208338737488
4861	0.4731437861919403
4862	0.6679127812385559
4863	0.48027119040489197
4864	0.5482787489891052
4865	0.6108880043029785
4866	0.5295815467834473
4867	0.3422175645828247
4868	0.41653862595558167
4869	0.5746769905090332
4870	0.8698393106460571
4871	0.875397801399231
4872	0.7744365334510803
4873	0.4770832061767578
4874	0.10638456791639328
4875	0.032649409025907516
4876	0.013231607154011726
4877	0.013300605118274689
4878	0.010947848670184612
4879	0.011444642208516598
4880	0.008742536418139935
4881	0.008602091111242771
4882	0.007692163344472647
4883	0.0086538540199399
4884	0.008411807008087635
4885	0.014418882317841053
4886	0.06239628419280052
4887	0.3641303479671478
4888	0.7642107605934143
4889	0.7963294982910156
4890	0.7652906775474548
4891	0.691078782081604
4892	0.7010161280632019
4893	0.6110767126083374
4894	0.7096617817878723
4895	0.39443761110305786
4896	0.015302575193345547
4897	0.014741480350494385
4898	0.014298585243523121
4899	0.012988214381039143
4900	0.013812136836349964
4901	0.014865887351334095
4902	0.014199033379554749
4903	0.013920051045715809
4904	0.20780806243419647
4905	0.17670732736587524
4906	0.2560078501701355
4907	0.18913224339485168
4908	0.09299399703741074
4909	0.07615432888269424
4910	0.11374856531620026
4911	0.19463136792182922
4912	0.18388919532299042
4913	0.25506043434143066
4914	0.13609735667705536
4915	0.14634302258491516
4916	0.07051634043455124
4917	0.09673197567462921
4918	0.07264580577611923
4919	0.025521887466311455
4920	0.012510699220001698
4921	0.011334004811942577
4922	0.010649558156728745
4923	0.00914003700017929
4924	0.007236179895699024
4925	0.009388623759150505
4926	0.008755536749958992
4927	0.009809180162847042
4928	0.010868637822568417
4929	0.008105901069939137
4930	0.02104378491640091
4931	0.08983857184648514
4932	0.0332723967730999
4933	0.01748504303395748
4934	0.013567427173256874
4935	0.014968881383538246
4936	0.015897316858172417
4937	0.014996478334069252
4938	0.014368973672389984
4939	0.014975972473621368
4940	0.01368433702737093
4941	0.011775900609791279
4942	0.012831813655793667
4943	0.010479611344635487
4944	0.012035145424306393
4945	0.008239435032010078
4946	0.011164647527039051
4947	0.009751735255122185
4948	0.013111579231917858
4949	0.012959095649421215
4950	0.01468329131603241
4951	0.015147319994866848
4952	0.01430318970233202
4953	0.011999635957181454
4954	0.07400210946798325
4955	0.7501711249351501
4956	0.5745018124580383
4957	0.12225395441055298
4958	0.013497048988938332
4959	0.013645838014781475
4960	0.013075915165245533
4961	0.010150967165827751
4962	0.00947414617985487
4963	0.009881091304123402
4964	0.010030447505414486
4965	0.011696310713887215
4966	0.011711221188306808
4967	0.013135683722794056
4968	0.011776759289205074
4969	0.011928181163966656
4970	0.010725816711783409
4971	0.010812721215188503
4972	0.011867065913975239
4973	0.009892215020954609
4974	0.008590237237513065
4975	0.008692282252013683
4976	0.012111644260585308
4977	0.01171797327697277
4978	0.011831702664494514
4979	0.01116052083671093
4980	0.0111291678622365
4981	0.012949923053383827
4982	0.010169781744480133
4983	0.05669791251420975
4984	0.5911028981208801
4985	0.6365763545036316
4986	0.9190846681594849
4987	0.8997384905815125
4988	0.9035602807998657
4989	0.9395673871040344
4990	0.9200779795646667
4991	0.8643274307250977
4992	0.8580576777458191
4993	0.8470377326011658
4994	0.8781765103340149
4995	0.7971364259719849
4996	0.7674434781074524
4997	0.750400960445404
4998	0.11610540002584457
4999	0.2179793417453766
5000	0.14856940507888794
5001	0.1951926201581955
5002	0.022873464971780777
5003	0.017777880653738976
5004	0.019202394410967827
5005	0.040317729115486145
5006	0.04174578934907913
5007	0.03518817946314812
5008	0.048092540353536606
5009	0.0396684966981411
5010	0.034401725977659225
5011	0.01922489143908024
5012	0.012472334317862988
5013	0.014248852618038654
5014	0.011301638558506966
5015	0.012936501763761044
5016	0.012280965223908424
5017	0.015843966975808144
5018	0.10583668947219849
5019	0.6131965517997742
5020	0.8087259531021118
5021	0.9504906535148621
5022	0.9255674481391907
5023	0.015542295761406422
5024	0.011392149142920971
5025	0.012508871033787727
5026	0.007164099719375372
5027	0.0042167468927800655
5028	0.0044523268006742
5029	0.004849725868552923
5030	0.005296922754496336
5031	0.007203997578471899
5032	0.0085851876065135
5033	0.010313034057617188
5034	0.010141891427338123
5035	0.0134218605235219
5036	0.01417186763137579
5037	0.009855813346803188
5038	0.011425276286900043
5039	0.010041127912700176
5040	0.010625354014337063
5041	0.009967041201889515
5042	0.006403330247849226
5043	0.009282201528549194
5044	0.009640819393098354
5045	0.009798568673431873
5046	0.011654934845864773
5047	0.00813650619238615
5048	0.008033809252083302
5049	0.010714023374021053
5050	0.007386202458292246
5051	0.010820983909070492
5052	0.011026869527995586
5053	0.011658729054033756
5054	0.007976713590323925
5055	0.006701529026031494
5056	0.009720677509903908
5057	0.007188931107521057
5058	0.006711307447403669
5059	0.006384009961038828
5060	0.00581916980445385
5061	0.007162562105804682
5062	0.005429007112979889
5063	0.008217435330152512
5064	0.008064364083111286
5065	0.007125606294721365
5066	0.006561607122421265
5067	0.0060135540552437305
5068	0.005722321569919586
5069	0.011391525156795979
5070	0.008935998193919659
5071	0.010905088856816292
5072	0.004894523415714502
5073	0.009666385129094124
5074	0.00527271069586277
5075	0.00613712752237916
5076	0.00627620005980134
5077	0.007115739863365889
5078	0.009135432541370392
5079	0.005140527617186308
5080	0.008091091178357601
5081	0.006711514201015234
5082	0.006152669433504343
5083	0.005769119597971439
5084	0.006813856307417154
5085	0.007181142922490835
5086	0.006784986238926649
5087	0.004534202162176371
5088	0.005571430083364248
5089	0.008791870437562466
5090	0.012600411660969257
5091	0.009370500221848488
5092	0.01046798937022686
5093	0.005244353320449591
5094	0.006405808962881565
5095	0.010059194639325142
5096	0.011275486089289188
5097	0.007476812694221735
5098	0.006443726364523172
5099	0.008848647587001324
5100	0.021138548851013184
5101	0.015875374898314476
5102	0.018674690276384354
5103	0.02044590376317501
5104	0.017014730721712112
5105	0.008558783680200577
5106	0.015210307203233242
5107	0.020383218303322792
5108	0.020683392882347107
5109	0.020803777500987053
5110	0.007490305695682764
5111	0.01287528034299612
5112	0.0077390968799591064
5113	0.00434536999091506
5114	0.004769282881170511
5115	0.0048118471167981625
5116	0.005621286574751139
5117	0.005707237403839827
5118	0.0055543906055390835
5119	0.0057561518624424934
5120	0.005760171916335821
5121	0.0034990389831364155
5122	0.007160583045333624
5123	0.007820258848369122
5124	0.00791613943874836
5125	0.00811574887484312
5126	0.009832813404500484
5127	0.006874105427414179
5128	0.008044440299272537
5129	0.008268206380307674
5130	0.008136804215610027
5131	0.007548619993031025
5132	0.008599171414971352
5133	0.008599813096225262
5134	0.00899264495819807
5135	0.009218689054250717
5136	0.008482525125145912
5137	0.007942568510770798
5138	0.00923224538564682
5139	0.009334616363048553
5140	0.008081427775323391
5141	0.008260230533778667
5142	0.008546791039407253
5143	0.008055298589169979
5144	0.008051824755966663
5145	0.0070077828131616116
5146	0.006882974412292242
5147	0.008114385418593884
5148	0.011028562672436237
5149	0.009396800771355629
5150	0.00923811923712492
5151	0.007863159291446209
5152	0.0803632065653801
5153	0.09994309395551682
5154	0.21044789254665375
5155	0.28943735361099243
5156	0.6831798553466797
5157	0.6403437852859497
5158	0.5492953658103943
5159	0.7606762647628784
5160	0.8873975872993469
5161	0.7956313490867615
5162	0.7341973185539246
5163	0.8412768244743347
5164	0.8672500848770142
5165	0.821143627166748
5166	0.8813672065734863
5167	0.9132594466209412
5168	0.8986092805862427
5169	0.7159109115600586
5170	0.6905096173286438
5171	0.7290546298027039
5172	0.7127637267112732
5173	0.17346534132957458
5174	0.7631346583366394
5175	0.6145167946815491
5176	0.41386041045188904
5177	0.6585580706596375
5178	0.8276322484016418
5179	0.8698623776435852
5180	0.85276859998703
5181	0.8024976849555969
5182	0.8833684921264648
5183	0.949924647808075
5184	0.9373736381530762
5185	0.8245008587837219
5186	0.7470254898071289
5187	0.7628355026245117
5188	0.7677221298217773
5189	0.9257537722587585
5190	0.9285564422607422
5191	0.9115223288536072
5192	0.8885335922241211
5193	0.7912003397941589
5194	0.6217326521873474
5195	0.9003934860229492
5196	0.8986674547195435
5197	0.4286399781703949
5198	0.0071488372050225735
5199	0.008578166365623474
5200	0.010894554667174816
5201	0.009436401538550854
5202	0.006843972951173782
5203	0.009189477190375328
5204	0.008289146237075329
5205	0.013325621373951435
5206	0.013140055350959301
5207	0.010440297424793243
5208	0.012015320360660553
5209	0.008087735623121262
5210	0.013166652992367744
5211	0.01667885296046734
5212	0.010718680918216705
5213	0.011741031892597675
5214	0.011902475729584694
5215	0.012164639309048653
5216	0.00939192809164524
5217	0.012410926632583141
5218	0.015052533708512783
5219	0.010584565810859203
5220	0.011828216724097729
5221	0.019976384937763214
5222	0.012989635579288006
5223	0.016306458041071892
5224	0.025679245591163635
5225	0.024126768112182617
5226	0.023591656237840652
5227	0.014465922489762306
5228	0.02172204665839672
5229	0.012011738494038582
5230	0.026366546750068665
5231	0.0359860323369503
5232	0.01204606331884861
5233	0.025776848196983337
5234	0.10595721006393433
5235	0.03163055703043938
5236	0.06591186672449112
5237	0.034303274005651474
5238	0.029263872653245926
5239	0.034688591957092285
5240	0.027011707425117493
5241	0.06006899103522301
5242	0.1367962658405304
5243	0.043591808527708054
5244	0.07967448979616165
5245	0.03298591449856758
5246	0.05868300423026085
5247	0.03132767602801323
5248	0.05754636600613594
5249	0.047174613922834396
5250	0.0707726702094078
5251	0.07002013921737671
5252	0.13118228316307068
5253	0.040625058114528656
5254	0.10280392318964005
5255	0.08379510790109634
5256	0.07479442656040192
5257	0.05912378430366516
5258	0.09417515248060226
5259	0.0371238999068737
5260	0.01873891055583954
5261	0.02593059279024601
5262	0.0068585872650146484
5263	0.009453481063246727
5264	0.009113899432122707
5265	0.010649961419403553
5266	0.012345165014266968
5267	0.010353761725127697
5268	0.011131378822028637
5269	0.01066657342016697
5270	0.008530952967703342
5271	0.007645984645932913
5272	0.00940712634474039
5273	0.012276950292289257
5274	0.010833300650119781
5275	0.00886381696909666
5276	0.010191502049565315
5277	0.008076818659901619
5278	0.011347353458404541
5279	0.010027243755757809
5280	0.007525179069489241
5281	0.0072995140217244625
5282	0.005354426801204681
5283	0.005093504674732685
5284	0.00742430379614234
5285	0.010579163208603859
5286	0.00721455505117774
5287	0.008655068464577198
5288	0.008245322853326797
5289	0.008486544713377953
5290	0.008563978597521782
5291	0.00701507180929184
5292	0.007748513016849756
5293	0.007751360069960356
5294	0.006655339151620865
5295	0.008845253847539425
5296	0.00803187396377325
5297	0.008268709294497967
5298	0.006935970392078161
5299	0.007100716233253479
5300	0.00824768841266632
5301	0.007488912437111139
5302	0.01020797062665224
5303	0.009000535123050213
5304	0.010392202995717525
5305	0.010804329998791218
5306	0.008334199897944927
5307	0.00950955506414175
5308	0.00922126229852438
5309	0.007590215187519789
5310	0.009662884287536144
5311	0.010824993252754211
5312	0.008307281881570816
5313	0.009334173984825611
5314	0.007840796373784542
5315	0.008526588790118694
5316	0.011048860847949982
5317	0.01459443848580122
5318	0.009343094192445278
5319	0.013449355028569698
5320	0.0062555125914514065
5321	0.007793423719704151
5322	0.009682330302894115
5323	0.012911207042634487
5324	0.016963785514235497
5325	0.019411776214838028
5326	0.01610421948134899
5327	0.030356435105204582
5328	0.06026167795062065
5329	0.01918482407927513
5330	0.01012177299708128
5331	0.031234322115778923
5332	0.01773878000676632
5333	0.013372736983001232
5334	0.013461447320878506
5335	0.011513769626617432
5336	0.010716874152421951
5337	0.01903468370437622
5338	0.019703825935721397
5339	0.014871517196297646
5340	0.009783454239368439
5341	0.01297594141215086
5342	0.009355529211461544
5343	0.02463557757437229
5344	0.01630510203540325
5345	0.013364749029278755
5346	0.010642441920936108
5347	0.02855447493493557
5348	0.01403498649597168
5349	0.009978637099266052
5350	0.013479465618729591
5351	0.012667088769376278
5352	0.013052369467914104
5353	0.011921803466975689
5354	0.010091250762343407
5355	0.01149852853268385
5356	0.01320101972669363
5357	0.023494502529501915
5358	0.030800869688391685
5359	0.018660059198737144
5360	0.016201455146074295
5361	0.01151654776185751
5362	0.009368150494992733
5363	0.009307012893259525
5364	0.013048690743744373
5365	0.013446934521198273
5366	0.009582039900124073
5367	0.006990782916545868
5368	0.006451614201068878
5369	0.01315744686871767
5370	0.00946730375289917
5371	0.012920363806188107
5372	0.012556524947285652
5373	0.01387469656765461
5374	0.010651939548552036
5375	0.010657778941094875
5376	0.009272492490708828
5377	0.009319745935499668
5378	0.007104380521923304
5379	0.00724055478349328
5380	0.00457672867923975
5381	0.007555332966148853
5382	0.00954518374055624
5383	0.009262998588383198
5384	0.009571583941578865
5385	0.010328732430934906
5386	0.010349811986088753
5387	0.007993075996637344
5388	0.009096003137528896
5389	0.008550656028091908
5390	0.009931725449860096
5391	0.009206518530845642
5392	0.008674909360706806
5393	0.010081169195473194
5394	0.00825829803943634
5395	0.0075681256130337715
5396	0.007624623365700245
5397	0.00793059729039669
5398	0.007300840225070715
5399	0.0070588733069598675
5400	0.0072619239799678326
5401	0.006847466807812452
5402	0.0076911114156246185
5403	0.006594718899577856
5404	0.0068531036376953125
5405	0.007905667647719383
5406	0.010572010651230812
5407	0.008329601027071476
5408	0.008168235421180725
5409	0.008978299796581268
5410	0.006021891254931688
5411	0.007378287613391876
5412	0.006313949823379517
5413	0.006641447078436613
5414	0.006687785964459181
5415	0.004095880780369043
5416	0.0033170212991535664
5417	0.004683052655309439
5418	0.004897573962807655
5419	0.004641368519514799
5420	0.004458259325474501
5421	0.005429932847619057
5422	0.004958077799528837
5423	0.005970208439975977
5424	0.0049330987967550755
5425	0.004618697799742222
5426	0.004832852631807327
5427	0.005376921966671944
5428	0.0087857935577631
5429	0.005856248550117016
5430	0.00499786576256156
5431	0.010264156386256218
5432	0.008067255839705467
5433	0.009746524505317211
5434	0.00636684987694025
5435	0.004668059758841991
5436	0.006015853025019169
5437	0.008818968199193478
5438	0.005756199359893799
5439	0.004727476742118597
5440	0.00623299041762948
5441	0.005551147740334272
5442	0.0066267261281609535
5443	0.005896210670471191
5444	0.006552332080900669
5445	0.00708027184009552
5446	0.006907147821038961
5447	0.007644347846508026
5448	0.008716809563338757
5449	0.009623217396438122
5450	0.016821838915348053
5451	0.02229147031903267
5452	0.044121500104665756
5453	0.0543842688202858
5454	0.06070432811975479
5455	0.07349825650453568
5456	0.07798077166080475
5457	0.05381146818399429
5458	0.07778365164995193
5459	0.09683679044246674
5460	0.1844327598810196
5461	0.10235965251922607
5462	0.10991723835468292
5463	0.01873275265097618
5464	0.027913087978959084
5465	0.0998351201415062
5466	0.018116751685738564
5467	0.0679781436920166
5468	0.04344607889652252
5469	0.06179257854819298
5470	0.11767156422138214
5471	0.07188118249177933
5472	0.058544885367155075
5473	0.06447381526231766
5474	0.032476093620061874
5475	0.0282540712505579
5476	0.10308738052845001
5477	0.035702239722013474
5478	0.17814646661281586
5479	0.2442028969526291
5480	0.16063393652439117
5481	0.21740809082984924
5482	0.40015217661857605
5483	0.17916183173656464
5484	0.31550294160842896
5485	0.054957855492830276
5486	0.008648577146232128
5487	0.01419890858232975
5488	0.023664573207497597
5489	0.0715782567858696
5490	0.6481553316116333
5491	0.8037821650505066
5492	0.7777177095413208
5493	0.8476274609565735
5494	0.7304151654243469
5495	0.7927283644676208
5496	0.6829973459243774
5497	0.49183303117752075
5498	0.8200179934501648
5499	0.8600689768791199
5500	0.8705040216445923
5501	0.8880430459976196
5502	0.9227084517478943
5503	0.9020291566848755
5504	0.8847597241401672
5505	0.9663467407226562
5506	0.9558731317520142
5507	0.9719602465629578
5508	0.9340530633926392
5509	0.860296905040741
5510	0.8398416638374329
5511	0.838563084602356
5512	0.22598223388195038
5513	0.07256186008453369
5514	0.17799575626850128
5515	0.3850466310977936
5516	0.19897688925266266
5517	0.313496857881546
5518	0.10317225754261017
5519	0.07611425220966339
5520	0.5464141368865967
5521	0.12037774175405502
5522	0.027926279231905937
5523	0.013712803833186626
5524	0.012304372154176235
5525	0.020824356004595757
5526	0.09892057627439499
5527	0.4125839173793793
5528	0.5844406485557556
5529	0.6638777852058411
5530	0.7811667323112488
5531	0.852409303188324
5532	0.887494683265686
5533	0.08033495396375656
5534	0.12780869007110596
5535	0.7723145484924316
5536	0.7299177050590515
5537	0.9424312710762024
5538	0.9420425295829773
5539	0.9125809669494629
5540	0.922557532787323
5541	0.9692136645317078
5542	0.9345585107803345
5543	0.9232559204101562
5544	0.610224723815918
5545	0.19016622006893158
5546	0.6661037802696228
5547	0.8797147870063782
5548	0.8675053715705872
5549	0.8286388516426086
5550	0.7943851351737976
5551	0.9056627154350281
5552	0.8921293616294861
5553	0.9195547103881836
5554	0.8056101202964783
5555	0.7164714932441711
5556	0.9155994653701782
5557	0.9180086255073547
5558	0.8539664149284363
5559	0.9131985902786255
5560	0.9435426592826843
5561	0.9502479434013367
5562	0.9661489725112915
5563	0.92347252368927
5564	0.950792133808136
5565	0.8783127069473267
5566	0.2479715794324875
5567	0.675538182258606
5568	0.6497354507446289
5569	0.5239211320877075
5570	0.18502269685268402
5571	0.4197559058666229
5572	0.5203324556350708
5573	0.28069329261779785
5574	0.12485487759113312
5575	0.11097114533185959
5576	0.030804241076111794
5577	0.030343366786837578
5578	0.13265720009803772
5579	0.36846503615379333
5580	0.33158811926841736
5581	0.6748526096343994
5582	0.7379869222640991
5583	0.7150348424911499
5584	0.761350691318512
5585	0.6584012508392334
5586	0.39391443133354187
5587	0.10459353774785995
5588	0.014969825744628906
5589	0.03629687428474426
5590	0.07831167429685593
5591	0.08309471607208252
5592	0.0695308968424797
5593	0.019009172916412354
5594	0.003928242716938257
5595	0.0042443000711500645
5596	0.004126917105168104
5597	0.004349512048065662
5598	0.004527245182543993
5599	0.007437326014041901
5600	0.004951609298586845
5601	0.007945564575493336
5602	0.00718432804569602
5603	0.007823709398508072
5604	0.006867911200970411
5605	0.006090974900871515
5606	0.008751890622079372
5607	0.009458152577280998
5608	0.01087650191038847
5609	0.010215207934379578
5610	0.008389446884393692
5611	0.009423613548278809
5612	0.011111664585769176
5613	0.011492726393043995
5614	0.009428326971828938
5615	0.01090677548199892
5616	0.01288699358701706
5617	0.010461783967912197
5618	0.008031575940549374
5619	0.007998483255505562
5620	0.006770794279873371
5621	0.010068579576909542
5622	0.006276892963796854
5623	0.008091202937066555
5624	0.00832368154078722
5625	0.007092094514518976
5626	0.010922664776444435
5627	0.011548848822712898
5628	0.010457540862262249
5629	0.008872671984136105
5630	0.011402411386370659
5631	0.01477170642465353
5632	0.014123106375336647
5633	0.0144721120595932
5634	0.013922479934990406
5635	0.013661335222423077
5636	0.015529314987361431
5637	0.012000270187854767
5638	0.016888288781046867
5639	0.01386485155671835
5640	0.010609659366309643
5641	0.009165242314338684
5642	0.009786090813577175
5643	0.012335794977843761
5644	0.008181053213775158
5645	0.008110704831779003
5646	0.010060134343802929
5647	0.008729198947548866
5648	0.009566890075802803
5649	0.011307814158499241
5650	0.008636689744889736
5651	0.00872894749045372
5652	0.009334077127277851
5653	0.010050049982964993
5654	0.01014699973165989
5655	0.008556081913411617
5656	0.007520641665905714
5657	0.012429892085492611
5658	0.00775708956643939
5659	0.008834614418447018
5660	0.007587734144181013
5661	0.008675457909703255
5662	0.009220424108207226
5663	0.013066330924630165
5664	0.010694420896470547
5665	0.011995588429272175
5666	0.00874663982540369
5667	0.00913527887314558
5668	0.009244411252439022
5669	0.010073279030621052
5670	0.011926079168915749
5671	0.008138311095535755
5672	0.008128990419209003
5673	0.0077764675952494144
5674	0.008221623487770557
5675	0.011816329322755337
5676	0.010291947051882744
5677	0.010646732524037361
5678	0.013449016027152538
5679	0.012420475482940674
5680	0.014974460005760193
5681	0.011166848242282867
5682	0.00962598342448473
5683	0.010149440728127956
5684	0.011325940489768982
5685	0.011252610012888908
5686	0.008000224828720093
5687	0.007051394786685705
5688	0.0051862383261322975
5689	0.006823328323662281
5690	0.004781899508088827
5691	0.005143273621797562
5692	0.0054922401905059814
5693	0.004379292018711567
5694	0.0029885198455303907
5695	0.003635423257946968
5696	0.003956136293709278
5697	0.0045367139391601086
5698	0.005932276602834463
5699	0.00533810630440712
5700	0.006082145031541586
5701	0.0062293740920722485
5702	0.005721063818782568
5703	0.008214741013944149
5704	0.005807808134704828
5705	0.0045752148143947124
5706	0.006755876820534468
5707	0.007062949240207672
5708	0.00673148175701499
5709	0.005969766527414322
5710	0.004755973815917969
5711	0.0059362552128732204
5712	0.005903832148760557
5713	0.005811470095068216
5714	0.006491535808891058
5715	0.0064247408881783485
5716	0.00521863205358386
5717	0.006149910390377045
5718	0.005668274592608213
5719	0.006678793579339981
5720	0.0065476070158183575
5721	0.006814651191234589
5722	0.007114998996257782
5723	0.004949011839926243
5724	0.004686529282480478
5725	0.00469439709559083
5726	0.0053770593367516994
5727	0.006033650133758783
5728	0.005520870443433523
5729	0.004645980894565582
5730	0.0050322446040809155
5731	0.006576434709131718
5732	0.005511169321835041
5733	0.0056464108638465405
5734	0.006368208676576614
5735	0.006689184810966253
5736	0.00837541650980711
5737	0.0075361221097409725
5738	0.005787658039480448
5739	0.005816206336021423
5740	0.004476726055145264
5741	0.005501596722751856
5742	0.005970368627458811
5743	0.0038904757238924503
5744	0.004357776138931513
5745	0.004208983387798071
5746	0.004172551445662975
5747	0.003950750920921564
5748	0.006560027599334717
5749	0.005433549173176289
5750	0.0042565613985061646
5751	0.005163966212421656
5752	0.005776569247245789
5753	0.003957376349717379
5754	0.004246839787811041
5755	0.004291217308491468
5756	0.0042319768108427525
5757	0.0036877344828099012
5758	0.005332163069397211
5759	0.003331191139295697
5760	0.003485719906166196
5761	0.002671073889359832
5762	0.0031015616841614246
5763	0.0037965010851621628
5764	0.003476151032373309
5765	0.003308140439912677
5766	0.003524170955643058
5767	0.0035360869951546192
5768	0.0034361041616648436
5769	0.0033848092425614595
5770	0.0043832710944116116
5771	0.0037252516485750675
5772	0.00349897681735456
5773	0.0049369786866009235
5774	0.004386019427329302
5775	0.0039050597697496414
5776	0.0034250025637447834
5777	0.00461049797013402
5778	0.0034749337937682867
5779	0.003928684629499912
5780	0.003760990919545293
5781	0.003780680475756526
5782	0.004189057741314173
5783	0.004718821495771408
5784	0.004806272219866514
5785	0.004528435412794352
5786	0.0052378373220562935
5787	0.0060760402120649815
5788	0.006558846682310104
5789	0.00708547979593277
5790	0.009248827584087849
5791	0.008467042818665504
5792	0.008639334701001644
5793	0.010274200700223446
5794	0.009791990742087364
5795	0.00959838181734085
5796	0.009166794829070568
5797	0.009613119065761566
5798	0.008836123161017895
5799	0.01736319623887539
5800	0.023235557600855827
5801	0.020346546545624733
5802	0.018916217610239983
5803	0.020930251106619835
5804	0.0162587221711874
5805	0.022630266845226288
5806	0.01732894778251648
5807	0.012058697640895844
5808	0.01369195431470871
5809	0.008909791707992554
5810	0.009589407593011856
5811	0.008620056323707104
5812	0.007670316379517317
5813	0.009885980747640133
5814	0.017467383295297623
5815	0.019517553970217705
5816	0.01719747483730316
5817	0.024229470640420914
5818	0.02528577856719494
5819	0.03166454657912254
5820	0.027101119980216026
5821	0.023786723613739014
5822	0.01346928533166647
5823	0.11838572472333908
5824	0.09441771358251572
5825	0.060549017041921616
5826	0.12511631846427917
5827	0.03880779817700386
5828	0.11104436218738556
5829	0.22994470596313477
5830	0.2063630074262619
5831	0.26992878317832947
5832	0.20805120468139648
5833	0.1681179404258728
5834	0.24234147369861603
5835	0.27642202377319336
5836	0.10257124900817871
5837	0.12747304141521454
5838	0.08462543785572052
5839	0.12205357849597931
5840	0.15852177143096924
5841	0.09281706064939499
5842	0.15012119710445404
5843	0.1080838218331337
5844	0.05013059452176094
5845	0.10289094597101212
5846	0.0677909255027771
5847	0.049811411648988724
5848	0.04948508366942406
5849	0.02920757234096527
5850	0.02722964994609356
5851	0.03744889423251152
5852	0.03195694833993912
5853	0.019876817241311073
5854	0.03110208548605442
5855	0.04204259067773819
5856	0.07114249467849731
5857	0.05277296528220177
5858	0.029629847034811974
5859	0.026528630405664444
5860	0.022842565551400185
5861	0.026929020881652832
5862	0.034553106874227524
5863	0.030565280467271805
5864	0.10226954519748688
5865	0.10345274209976196
5866	0.13300006091594696
5867	0.23402617871761322
5868	0.09312649816274643
5869	0.22927474975585938
5870	0.09554702043533325
5871	0.08700776845216751
5872	0.03923027589917183
5873	0.01966564916074276
5874	0.02208097279071808
5875	0.017973950132727623
5876	0.024116013199090958
5877	0.02052820846438408
5878	0.007928318344056606
5879	0.028025180101394653
5880	0.20047736167907715
5881	0.6455212831497192
5882	0.8867766261100769
5883	0.8923187255859375
5884	0.7897230982780457
5885	0.8207513689994812
5886	0.8529724478721619
5887	0.7931489944458008
5888	0.8635386824607849
5889	0.18551738560199738
5890	0.053333599120378494
5891	0.596093475818634
5892	0.4376213252544403
5893	0.6457172632217407
5894	0.7675778865814209
5895	0.8924869894981384
5896	0.8930051922798157
5897	0.9238834381103516
5898	0.8266583681106567
5899	0.8268932700157166
5900	0.7663391828536987
5901	0.47648897767066956
5902	0.14249275624752045
5903	0.050622135400772095
5904	0.05563836172223091
5905	0.22454038262367249
5906	0.1524648517370224
5907	0.2325029820203781
5908	0.7796384692192078
5909	0.9207823872566223
5910	0.9523035883903503
5911	0.9390630722045898
5912	0.4631941020488739
5913	0.4353491961956024
5914	0.3693932592868805
5915	0.347567081451416
5916	0.10800924152135849
5917	0.0076706185936927795
5918	0.00794615875929594
5919	0.010093127377331257
5920	0.007983614690601826
5921	0.008425501175224781
5922	0.24505196511745453
5923	0.14930880069732666
5924	0.21053552627563477
5925	0.40842756628990173
5926	0.5947573781013489
5927	0.7133742570877075
5928	0.6087945699691772
5929	0.6132041215896606
5930	0.6811281442642212
5931	0.07771927118301392
5932	0.008116252720355988
5933	0.013585221953690052
5934	0.9581611752510071
5935	0.8813654184341431
5936	0.9230703711509705
5937	0.9433513879776001
5938	0.9113242030143738
5939	0.9235853552818298
5940	0.9394987225532532
5941	0.9444766044616699
5942	0.8685844540596008
5943	0.9232621192932129
5944	0.9243375062942505
5945	0.6534423828125
5946	0.8541337847709656
5947	0.8872491717338562
5948	0.8626624941825867
5949	0.8996557593345642
5950	0.834067165851593
5951	0.8898649215698242
5952	0.9344074130058289
5953	0.9223493933677673
5954	0.9471692442893982
5955	0.949114978313446
5956	0.9133664965629578
5957	0.9282423853874207
5958	0.9049288034439087
5959	0.9121124148368835
5960	0.9006059765815735
5961	0.8625198602676392
5962	0.9031766057014465
5963	0.9222626090049744
5964	0.8700878024101257
5965	0.5440228581428528
5966	0.03136194497346878
5967	0.16856124997138977
5968	0.5270472764968872
5969	0.7441047430038452
5970	0.7156815528869629
5971	0.8275997042655945
5972	0.8291601538658142
5973	0.8575639724731445
5974	0.8913780450820923
5975	0.8965560793876648
5976	0.9106041193008423
5977	0.11461273580789566
5978	0.2135954350233078
5979	0.3891468644142151
5980	0.4996834397315979
5981	0.47605305910110474
5982	0.8895532488822937
5983	0.8846108317375183
5984	0.8849048614501953
5985	0.61676424741745
5986	0.43349406123161316
5987	0.635870635509491
5988	0.6672837138175964
5989	0.5606258511543274
5990	0.7032813429832458
5991	0.6212331056594849
5992	0.7247878909111023
5993	0.8847867250442505
5994	0.9130368232727051
5995	0.6902089715003967
5996	0.8606611490249634
5997	0.7749936580657959
5998	0.7345456480979919
5999	0.7062872052192688
6000	0.15298734605312347
6001	0.850441575050354
6002	0.7367834448814392
6003	0.008315003477036953
6004	0.007882448844611645
6005	0.01120661199092865
6006	0.01172673236578703
6007	0.7301434874534607
6008	0.5843440890312195
6009	0.7241958975791931
6010	0.6799213886260986
6011	0.9212310910224915
6012	0.8739683032035828
6013	0.8971377611160278
6014	0.8028983473777771
6015	0.9027679562568665
6016	0.8115043640136719
6017	0.8081418871879578
6018	0.8578519821166992
6019	0.721270740032196
6020	0.9512928128242493
6021	0.9071514010429382
6022	0.8372489213943481
6023	0.8880224227905273
6024	0.9047102928161621
6025	0.8878024220466614
6026	0.9159407019615173
6027	0.9148996472358704
6028	0.8361784219741821
6029	0.9011406302452087
6030	0.8500394821166992
6031	0.8315947651863098
6032	0.8215337991714478
6033	0.7505908608436584
6034	0.7144414186477661
6035	0.6502398252487183
6036	0.5078813433647156
6037	0.7448430061340332
6038	0.758209228515625
6039	0.06368637084960938
6040	0.10773277282714844
6041	0.5453510880470276
6042	0.4897174835205078
6043	0.49342432618141174
6044	0.22998805344104767
6045	0.2850050628185272
6046	0.2197868824005127
6047	0.41031700372695923
6048	0.4334719777107239
6049	0.08274360001087189
6050	0.219193696975708
6051	0.33700621128082275
