frame	prob
0	0.07730906456708908
1	0.041347768157720566
2	0.09650907665491104
3	0.16263233125209808
4	0.09640129655599594
5	0.21155484020709991
6	0.3170076906681061
7	0.31110015511512756
8	0.3840983808040619
9	0.5768292546272278
10	0.47442546486854553
11	0.6626647114753723
12	0.5624741315841675
13	0.4203331172466278
14	0.616513729095459
15	0.36862024664878845
16	0.5706031322479248
17	0.3713669180870056
18	0.5357601046562195
19	0.38759490847587585
20	0.6763397455215454
21	0.7582272887229919
22	0.6814424991607666
23	0.6823291778564453
24	0.7042083144187927
25	0.6721109747886658
26	0.7636567950248718
27	0.8453852534294128
28	0.705715000629425
29	0.7373075485229492
30	0.9438968896865845
31	0.8752363324165344
32	0.9102746844291687
33	0.928867757320404
34	0.9390826225280762
35	0.8733183145523071
36	0.6351330280303955
37	0.6085041165351868
38	0.4321448504924774
39	0.2492794245481491
40	0.2527848780155182
41	0.21341872215270996
42	0.47800761461257935
43	0.5258369445800781
44	0.6203007698059082
45	0.7315457463264465
46	0.868571937084198
47	0.9101996421813965
48	0.8982064127922058
49	0.9320070147514343
50	0.9113065004348755
51	0.9038117527961731
52	0.9457387924194336
53	0.8849727511405945
54	0.7873270511627197
55	0.6936790943145752
56	0.8006089329719543
57	0.7628987431526184
58	0.7729994654655457
59	0.8969659209251404
60	0.8752104043960571
61	0.8500081896781921
62	0.9204477667808533
63	0.9403985142707825
64	0.9218643307685852
65	0.8413800597190857
66	0.8286386728286743
67	0.4562438130378723
68	0.3062153458595276
69	0.342426598072052
70	0.4548473358154297
71	0.11145370453596115
72	0.2817350924015045
73	0.14373639225959778
74	0.4111790657043457
75	0.39346128702163696
76	0.5428622961044312
77	0.5309252142906189
78	0.6425545811653137
79	0.740644097328186
80	0.8429659008979797
81	0.9180124402046204
82	0.8418508768081665
83	0.9349561929702759
84	0.7893055081367493
85	0.9122726321220398
86	0.807349681854248
87	0.9140133857727051
88	0.7946081161499023
89	0.8635675311088562
90	0.9097375869750977
91	0.8719801902770996
92	0.9059807658195496
93	0.9333152770996094
94	0.8910631537437439
95	0.8931431770324707
96	0.9773041009902954
97	0.9663004279136658
98	0.9145336151123047
99	0.9064027667045593
100	0.9292344450950623
101	0.9313559532165527
102	0.9190088510513306
103	0.9322696924209595
104	0.9450626373291016
105	0.9346368908882141
106	0.9407848715782166
107	0.9067716598510742
108	0.8813183903694153
109	0.8512735366821289
110	0.9307364821434021
111	0.8731392025947571
112	0.9365746378898621
113	0.8906562924385071
114	0.8723593950271606
115	0.9312502145767212
116	0.9633864760398865
117	0.9614399075508118
118	0.9389716982841492
119	0.9201080203056335
120	0.9250127673149109
121	0.9065389037132263
122	0.7150185704231262
123	0.3899059295654297
124	0.2568471431732178
125	0.28463831543922424
126	0.278983473777771
127	0.12219011038541794
128	0.05293464660644531
129	0.03517007827758789
130	0.00942213274538517
131	0.007662163581699133
132	0.012088129296898842
133	0.007134868297725916
134	0.008274114690721035
135	0.006951769348233938
136	0.007506759371608496
137	0.007893482223153114
138	0.0074485125951468945
139	0.007084324490278959
140	0.006408726330846548
141	0.005773505661636591
142	0.005578494165092707
143	0.006916619837284088
144	0.005996529944241047
145	0.007008657790720463
146	0.006833327002823353
147	0.006510298233479261
148	0.0046535395085811615
149	0.004347694106400013
150	0.004056012723594904
151	0.004223897121846676
152	0.0044378857128322124
153	0.004823546390980482
154	0.005959324538707733
155	0.006341231055557728
156	0.006954614073038101
157	0.007207235787063837
158	0.007021722849458456
159	0.006035636179149151
160	0.007173345424234867
161	0.006158313248306513
162	0.0058632767759263515
163	0.005007199477404356
164	0.004779222887009382
165	0.005833463277667761
166	0.0073170471005141735
167	0.006996686104685068
168	0.007438974920660257
169	0.008114135824143887
170	0.008929440751671791
171	0.006602937821298838
172	0.007127058692276478
173	0.006554748397320509
174	0.005393698811531067
175	0.007153964135795832
176	0.00933025311678648
177	0.008318711072206497
178	0.0073203518986701965
179	0.007900137454271317
180	0.007138302084058523
181	0.00632176548242569
182	0.0068241446278989315
183	0.0067320773378014565
184	0.006059245206415653
185	0.006765996105968952
186	0.006562639959156513
187	0.007406707387417555
188	0.010934836231172085
189	0.009063094854354858
190	0.00919982511550188
191	0.0101689537987113
192	0.011076199822127819
193	0.019266748800873756
194	0.09867560863494873
195	0.1335223913192749
196	0.3356015086174011
197	0.6941611766815186
198	0.6835921406745911
199	0.7410961389541626
200	0.5463330149650574
201	0.6522783637046814
202	0.5937519073486328
203	0.5759362578392029
204	0.5195481181144714
205	0.5737577676773071
206	0.4667433798313141
207	0.4058493673801422
208	0.5998114943504333
209	0.4357805848121643
210	0.4242028295993805
211	0.2311028242111206
212	0.19930405914783478
213	0.08633893728256226
214	0.07931547611951828
215	0.07169181108474731
216	0.044127143919467926
217	0.034239262342453
218	0.030325422063469887
219	0.031244397163391113
220	0.1065385714173317
221	0.19249029457569122
222	0.22818563878536224
223	0.5232086181640625
224	0.6463332176208496
225	0.5779942870140076
226	0.6036490797996521
227	0.7139188647270203
228	0.5672017931938171
229	0.5917887091636658
230	0.5604682564735413
231	0.5759820938110352
232	0.7152230143547058
233	0.7311374545097351
234	0.5419755578041077
235	0.6483933329582214
236	0.7369748950004578
237	0.6318426132202148
238	0.6316956281661987
239	0.7740017175674438
240	0.7455213665962219
241	0.810651957988739
242	0.8332635760307312
243	0.8135140538215637
244	0.8329790234565735
245	0.8695541620254517
246	0.7833651304244995
247	0.8472328186035156
248	0.7670589685440063
249	0.8020706176757812
250	0.7545713782310486
251	0.8428155779838562
252	0.8817243576049805
253	0.8014534115791321
254	0.7782139182090759
255	0.829378604888916
256	0.8110964894294739
257	0.6302235722541809
258	0.5484108328819275
259	0.6458142399787903
260	0.6386834979057312
261	0.6591073870658875
262	0.7388142943382263
263	0.5465015769004822
264	0.7326936721801758
265	0.8185402154922485
266	0.9015609622001648
267	0.8986336588859558
268	0.846720814704895
269	0.8315685391426086
270	0.8580568432807922
271	0.8840264678001404
272	0.8222011923789978
273	0.7813323736190796
274	0.7937442064285278
275	0.730924129486084
276	0.8648344874382019
277	0.8639301657676697
278	0.8344454765319824
279	0.8008260130882263
280	0.8286256194114685
281	0.8787510991096497
282	0.8979401588439941
283	0.8942968249320984
284	0.841317355632782
285	0.7224351763725281
286	0.8333470225334167
287	0.7954452633857727
288	0.7522738575935364
289	0.6838182806968689
290	0.5912753343582153
291	0.777083694934845
292	0.6181897521018982
293	0.6565825939178467
294	0.5837094187736511
295	0.657167911529541
296	0.6533069610595703
297	0.6065811514854431
298	0.7665342688560486
299	0.39782243967056274
300	0.08787842839956284
301	0.010915941558778286
302	0.007281109690666199
303	0.007163386791944504
304	0.005229856353253126
305	0.0070176213048398495
306	0.006531896535307169
307	0.005939706228673458
308	0.006028900388628244
309	0.00481319148093462
310	0.0045289224945008755
311	0.003790901741012931
312	0.004740574397146702
313	0.004619624000042677
314	0.005738473031669855
315	0.007345391903072596
316	0.005533522926270962
317	0.007541291415691376
318	0.006549081299453974
319	0.00671661039814353
320	0.009959178976714611
321	0.010645640082657337
322	0.008382107131183147
323	0.007257567252963781
324	0.0068305195309221745
325	0.007445566356182098
326	0.005406747572124004
327	0.007515785284340382
328	0.009600142948329449
329	0.009941074065864086
330	0.008155959658324718
331	0.015302017331123352
332	0.018776951357722282
333	0.016175663098692894
334	0.020270584151148796
335	0.025580381974577904
336	0.02909507229924202
337	0.037752676755189896
338	0.025763198733329773
339	0.0362841859459877
340	0.11473029851913452
341	0.07389853149652481
342	0.05144700035452843
343	0.050491105765104294
344	0.04777541011571884
345	0.06334098428487778
346	0.024814099073410034
347	0.03598060831427574
348	0.028961649164557457
349	0.016517041251063347
350	0.01915772631764412
351	0.016793465241789818
352	0.03767005354166031
353	0.020048482343554497
354	0.01993432641029358
355	0.01223650760948658
356	0.011997510679066181
357	0.009916176088154316
358	0.00966606941074133
359	0.011189408600330353
360	0.01036043930798769
361	0.011165613308548927
362	0.014848828315734863
363	0.011482513509690762
364	0.012392967008054256
365	0.010944070294499397
366	0.010325103998184204
367	0.009355214424431324
368	0.016068104654550552
369	0.015140089206397533
370	0.013183641247451305
371	0.010537470690906048
372	0.009879778139293194
373	0.012217032723128796
374	0.011255002580583096
375	0.009171606041491032
376	0.010663568042218685
377	0.011840999126434326
378	0.010296170599758625
379	0.008826165460050106
380	0.009976595640182495
381	0.010653713718056679
382	0.008869814686477184
383	0.009025441482663155
384	0.00944672804325819
385	0.007864641956984997
386	0.009413100779056549
387	0.008930674754083157
388	0.010305692441761494
389	0.011715463362634182
390	0.011343739926815033
391	0.009253467433154583
392	0.010849148035049438
393	0.010497002862393856
394	0.009110229089856148
395	0.009623919613659382
396	0.008336568251252174
397	0.009693308733403683
398	0.009488089941442013
399	0.008975224569439888
400	0.008534823544323444
401	0.01013946533203125
402	0.009540888480842113
403	0.007647567428648472
404	0.008347210474312305
405	0.009327416308224201
406	0.008930168114602566
407	0.008738021366298199
408	0.007092978339642286
409	0.008785201236605644
410	0.010138414800167084
411	0.009551349096000195
412	0.011140997521579266
413	0.008849754929542542
414	0.009161338210105896
415	0.009305632673203945
416	0.009651266038417816
417	0.008613526821136475
418	0.009871352463960648
419	0.010576168075203896
420	0.009001972153782845
421	0.008110707625746727
422	0.00932092685252428
423	0.007622517179697752
424	0.008306816220283508
425	0.007619333453476429
426	0.009299083612859249
427	0.009685367345809937
428	0.009322981350123882
429	0.010362016037106514
430	0.009834906086325645
431	0.0113050052896142
432	0.011315387673676014
433	0.010400302708148956
434	0.015123814344406128
435	0.011136147193610668
436	0.011065554805099964
437	0.01116460096091032
438	0.00981852412223816
439	0.007158139254897833
440	0.010641771368682384
441	0.013379826210439205
442	0.009190368466079235
443	0.01025810930877924
444	0.012943391688168049
445	0.010586480610072613
446	0.009495753794908524
447	0.00925229862332344
448	0.008612649515271187
449	0.009025968611240387
450	0.012150480411946774
451	0.008781452663242817
452	0.010535188019275665
453	0.009513446129858494
454	0.010045262984931469
455	0.00815239455550909
456	0.009382503107190132
457	0.012430314905941486
458	0.009197959676384926
459	0.00955310370773077
460	0.009484220296144485
461	0.008670221082866192
462	0.009515995159745216
463	0.012252027168869972
464	0.012655369937419891
465	0.011356323026120663
466	0.0111623490229249
467	0.012045835144817829
468	0.013371176086366177
469	0.013395199552178383
470	0.010442540049552917
471	0.011886569671332836
472	0.012703035958111286
473	0.013037691824138165
474	0.013816679827868938
475	0.013531810604035854
476	0.014571567066013813
477	0.012523012235760689
478	0.01093972660601139
479	0.012738548219203949
480	0.01109426561743021
481	0.011703381314873695
482	0.012341740541160107
483	0.012043609283864498
484	0.017113877460360527
485	0.01579192839562893
486	0.01907491311430931
487	0.02668735943734646
488	0.024992836639285088
489	0.02037544548511505
490	0.0217414740473032
491	0.040473680943250656
492	0.05138356238603592
493	0.0879112184047699
494	0.12049966305494308
495	0.07785876095294952
496	0.052054744213819504
497	0.06223529577255249
498	0.06576641649007797
499	0.06375565379858017
500	0.11966997385025024
501	0.10022584348917007
502	0.13561229407787323
503	0.17100326716899872
504	0.09546251595020294
505	0.1264534890651703
506	0.09092079848051071
507	0.138066828250885
508	0.13463053107261658
509	0.18204444646835327
510	0.13349971175193787
511	0.12057258188724518
512	0.19370149075984955
513	0.09321550279855728
514	0.08167016506195068
515	0.052783120423555374
516	0.05436033010482788
517	0.07201047986745834
518	0.04780341312289238
519	0.12425078451633453
520	0.1475406140089035
521	0.10212067514657974
522	0.08683193475008011
523	0.11466856300830841
524	0.10081692039966583
525	0.12455254793167114
526	0.12937654554843903
527	0.14550720155239105
528	0.10416364669799805
529	0.1391487568616867
530	0.09611712396144867
531	0.2632536292076111
532	0.1217566505074501
533	0.15252935886383057
534	0.22158388793468475
535	0.21549570560455322
536	0.22525401413440704
537	0.16426989436149597
538	0.15730319917201996
539	0.1995522677898407
540	0.1132618710398674
541	0.05149824544787407
542	0.2723788619041443
543	0.2563510835170746
544	0.1866210550069809
545	0.13792352378368378
546	0.1097492203116417
547	0.11420362442731857
548	0.11124129593372345
549	0.27459827065467834
550	0.18923811614513397
551	0.16557298600673676
552	0.14319932460784912
553	0.11194191128015518
554	0.06609990447759628
555	0.10151553153991699
556	0.12446432560682297
557	0.07146250456571579
558	0.1010352298617363
559	0.0718545988202095
560	0.17364822328090668
561	0.14856813848018646
562	0.11283925920724869
563	0.17845170199871063
564	0.20495276153087616
565	0.0799034833908081
566	0.09363354742527008
567	0.13669347763061523
568	0.12986916303634644
569	0.06928718090057373
570	0.18603293597698212
571	0.13198530673980713
572	0.18750374019145966
573	0.09302574396133423
574	0.09909319877624512
575	0.08514205366373062
576	0.06480998545885086
577	0.03208654001355171
578	0.021796679124236107
579	0.022549808025360107
580	0.018383843824267387
581	0.011058384552598
582	0.007909290492534637
583	0.007616846356540918
584	0.011182274669408798
585	0.013071717694401741
586	0.01362679898738861
587	0.01012414414435625
588	0.009144159033894539
589	0.009435147047042847
590	0.007801784668117762
591	0.010224615223705769
592	0.013644619844853878
593	0.012591934762895107
594	0.013831096701323986
595	0.014373314566910267
596	0.01616274192929268
597	0.014502981677651405
598	0.018178502097725868
599	0.00990492757409811
600	0.00641656992956996
601	0.010295872576534748
602	0.009280269034206867
603	0.009919220581650734
604	0.00786032434552908
605	0.010768343694508076
606	0.009952719323337078
607	0.010539980605244637
608	0.009096073918044567
609	0.008246948011219501
610	0.009832498617470264
611	0.011692791245877743
612	0.009223388507962227
613	0.011724801734089851
614	0.011323831044137478
615	0.009883801452815533
616	0.00800315197557211
617	0.00846552662551403
618	0.008605217561125755
619	0.0102849705144763
620	0.011423282325267792
621	0.010668468661606312
622	0.014865169301629066
623	0.01790621131658554
624	0.018642893061041832
625	0.023031679913401604
626	0.02393558993935585
627	0.01612822711467743
628	0.015353302471339703
629	0.009852158837020397
630	0.00799989141523838
631	0.006203797180205584
632	0.004908463452011347
633	0.006077458616346121
634	0.004744514357298613
635	0.007559535093605518
636	0.0067159621976315975
637	0.005146384704858065
638	0.005424657370895147
639	0.005252551287412643
640	0.004965175874531269
641	0.006155519746243954
642	0.004991134162992239
643	0.005244530271738768
644	0.004165250808000565
645	0.00407874071970582
646	0.004787463694810867
647	0.004828359466046095
648	0.0056763882748782635
649	0.005569597240537405
650	0.006404267158359289
651	0.006048584822565317
652	0.005419965833425522
653	0.005357814487069845
654	0.005605946760624647
655	0.005373973399400711
656	0.005425554700195789
657	0.004917785059660673
658	0.00558919832110405
659	0.008140376769006252
660	0.007157753687351942
661	0.0059095812030136585
662	0.007223676424473524
663	0.007131574209779501
664	0.007108527701348066
665	0.004704385995864868
666	0.004981003236025572
667	0.005688719917088747
668	0.006016789469867945
669	0.005041477736085653
670	0.004974427167326212
671	0.0051385099068284035
672	0.004692696500569582
673	0.004892680794000626
674	0.005194112658500671
675	0.004561125300824642
676	0.005333983339369297
677	0.006084341090172529
678	0.006018365267664194
679	0.006611458957195282
680	0.006589552853256464
681	0.006908582057803869
682	0.006697268690913916
683	0.006417497992515564
684	0.005511084105819464
685	0.005757220089435577
686	0.005994970444589853
687	0.0066282423213124275
688	0.0044026500545442104
689	0.004493957385420799
690	0.004253779537975788
691	0.0041575562208890915
692	0.0049585397355258465
693	0.006468705367296934
694	0.008390838280320168
695	0.0065467581152915955
696	0.010812359862029552
697	0.017973599955439568
698	0.02329772152006626
699	0.04718906804919243
700	0.03646370396018028
701	0.06558988243341446
702	0.11279257386922836
703	0.17950814962387085
704	0.04668818786740303
705	0.06200322136282921
706	0.1454794704914093
707	0.1504061073064804
708	0.0972239300608635
709	0.09792696684598923
710	0.09616728872060776
711	0.07009368389844894
712	0.0447867214679718
713	0.024871179834008217
714	0.03706003352999687
715	0.03052685223519802
716	0.024382783100008965
717	0.02549872361123562
718	0.07950802892446518
719	0.2039080709218979
720	0.42052292823791504
721	0.30180665850639343
722	0.43554019927978516
723	0.4097214341163635
724	0.5511831641197205
725	0.5655362010002136
726	0.5799974799156189
727	0.5659607648849487
728	0.5373504161834717
729	0.5697908997535706
730	0.6748625636100769
731	0.6648107767105103
732	0.7350817918777466
733	0.7847228050231934
734	0.8001030087471008
735	0.7656689882278442
736	0.7851284146308899
737	0.7868391275405884
738	0.6044482588768005
739	0.6819367408752441
740	0.7999851107597351
741	0.7612826228141785
742	0.7870466113090515
743	0.6223034262657166
744	0.5532872676849365
745	0.5358769297599792
746	0.6432313323020935
747	0.6297435760498047
748	0.1634739488363266
749	0.036176253110170364
750	0.026525313034653664
751	0.033482592552900314
752	0.015798060223460197
753	0.01644207537174225
754	0.015649504959583282
755	0.01626170612871647
756	0.04735490307211876
757	0.021341124549508095
758	0.032829400151968
759	0.011200258508324623
760	0.009727784432470798
761	0.00936391856521368
762	0.008737178519368172
763	0.008548609912395477
764	0.009711511433124542
765	0.007338591851294041
766	0.011647248640656471
767	0.014090809039771557
768	0.025355005636811256
769	0.040365226566791534
770	0.106855608522892
771	0.14058394730091095
772	0.1479593962430954
773	0.2821060121059418
774	0.2348863184452057
775	0.11665841192007065
776	0.04697377234697342
777	0.01699819788336754
778	0.0057164388708770275
779	0.0051665701903402805
780	0.006502653006464243
781	0.006589438300579786
782	0.006580959539860487
783	0.009364460594952106
784	0.012076056562364101
785	0.014985295943915844
786	0.014904848299920559
787	0.017948610708117485
788	0.01406360138207674
789	0.007814809679985046
790	0.00727866729721427
791	0.00620892783626914
792	0.008339359425008297
793	0.00927439983934164
794	0.008722442202270031
795	0.0071085006929934025
796	0.008881627582013607
797	0.007869653403759003
798	0.009033611975610256
799	0.008035142906010151
800	0.009114034473896027
801	0.008852794766426086
802	0.009482755325734615
803	0.010897660627961159
804	0.010874767787754536
805	0.01139023806899786
806	0.011106513440608978
807	0.013818156905472279
808	0.010925518348813057
809	0.012557740323245525
810	0.016413429751992226
811	0.013248044066131115
812	0.014985039830207825
813	0.016082538291811943
814	0.014754503965377808
815	0.016204500570893288
816	0.015527518466114998
817	0.010586949996650219
818	0.011085422709584236
819	0.012685832567512989
820	0.01233791746199131
821	0.01231092307716608
822	0.009622093290090561
823	0.00873235147446394
824	0.0099605992436409
825	0.009843406267464161
826	0.009290858171880245
827	0.009243506006896496
828	0.009633409790694714
829	0.009687612764537334
830	0.009655773639678955
831	0.00995726604014635
832	0.009987745434045792
833	0.011261068284511566
834	0.009315202943980694
835	0.00996336992830038
836	0.008932975120842457
837	0.008865236304700375
838	0.008450892753899097
839	0.00903425645083189
840	0.01041292492300272
841	0.009059998206794262
842	0.010542387142777443
843	0.00951493438333273
844	0.01080391276627779
845	0.009274625219404697
846	0.009604320861399174
847	0.011074377223849297
848	0.00946034211665392
849	0.009504731744527817
850	0.00883141066879034
851	0.009266125038266182
852	0.008802774362266064
853	0.010115684941411018
854	0.011784984730184078
855	0.013719177804887295
856	0.011311444453895092
857	0.01078627910465002
858	0.009609688073396683
859	0.012793215923011303
860	0.01055377908051014
861	0.01142128836363554
862	0.011096389964222908
863	0.010223372839391232
864	0.009488013572990894
865	0.010225233621895313
866	0.01010288018733263
867	0.009613781236112118
868	0.009449457749724388
869	0.009271800518035889
870	0.011475715786218643
871	0.011555989272892475
872	0.00970679521560669
873	0.00915918406099081
874	0.011606032028794289
875	0.010201557539403439
876	0.010050726123154163
877	0.01317124255001545
878	0.011340677738189697
879	0.009919997304677963
880	0.010676013305783272
881	0.010329372249543667
882	0.009758757427334785
883	0.00946920644491911
884	0.009673716500401497
885	0.009746568277478218
886	0.0077571081928908825
887	0.006060819607228041
888	0.0077140601351857185
889	0.008480316959321499
890	0.0091267554089427
891	0.008715018630027771
892	0.009030601941049099
893	0.012873438186943531
894	0.010167301632463932
895	0.0077205016277730465
896	0.010526451282203197
897	0.010207078419625759
898	0.010671576485037804
899	0.012965601868927479
900	0.010176482610404491
901	0.010469694621860981
902	0.01238564308732748
903	0.01142291072756052
904	0.012637508101761341
905	0.011088566854596138
906	0.014142781496047974
907	0.013994193635880947
908	0.01931185834109783
909	0.034126706421375275
910	0.02858862094581127
911	0.02649790421128273
912	0.05406196042895317
913	0.02744116447865963
914	0.02696874551475048
915	0.02689877711236477
916	0.04602965712547302
917	0.1808781623840332
918	0.1441643089056015
919	0.13853727281093597
920	0.16069141030311584
921	0.16086836159229279
922	0.1449860781431198
923	0.07997678965330124
924	0.11245428770780563
925	0.07093297690153122
926	0.157867893576622
927	0.07534690946340561
928	0.08438430726528168
929	0.0599774494767189
930	0.06818486750125885
931	0.050896305590867996
932	0.056543540209531784
933	0.029142722487449646
934	0.034451428800821304
935	0.03156961873173714
936	0.021085195243358612
937	0.053403377532958984
938	0.021948501467704773
939	0.03608814999461174
940	0.018987266346812248
941	0.020882869139313698
942	0.08251811563968658
943	0.05254432186484337
944	0.07339926064014435
945	0.03220169618725777
946	0.029000312089920044
947	0.04465069994330406
948	0.023945946246385574
949	0.03398095443844795
950	0.038615476340055466
951	0.02389698661863804
952	0.013867507688701153
953	0.011124941520392895
954	0.020445210859179497
955	0.01562297623604536
956	0.015477833338081837
957	0.019262975081801414
958	0.01894635148346424
959	0.015105652622878551
960	0.026903940364718437
961	0.01607939600944519
962	0.018840933218598366
963	0.02818251959979534
964	0.02261030487716198
965	0.025292277336120605
966	0.02664882503449917
967	0.01966807059943676
968	0.02632494829595089
969	0.02507871203124523
970	0.03651731461286545
971	0.034706950187683105
972	0.031600818037986755
973	0.022840244695544243
974	0.022587476298213005
975	0.028870070353150368
976	0.017565811052918434
977	0.015665609389543533
978	0.014420131221413612
979	0.01733456552028656
980	0.014724803157150745
981	0.018710335716605186
982	0.02099975012242794
983	0.016875192523002625
984	0.016704833135008812
985	0.024459069594740868
986	0.014963637106120586
987	0.018821701407432556
988	0.03947743400931358
989	0.024734828621149063
990	0.02427341602742672
991	0.019432051107287407
992	0.015369742177426815
993	0.011187943629920483
994	0.012253048829734325
995	0.009680849500000477
996	0.008033436723053455
997	0.0060849240981042385
998	0.009258936159312725
999	0.014064735732972622
1000	0.013344991020858288
1001	0.010662701912224293
1002	0.009399927221238613
1003	0.008163287304341793
1004	0.007334820926189423
1005	0.008037586696445942
1006	0.013708636164665222
1007	0.01470281183719635
1008	0.009840528480708599
1009	0.006723945029079914
1010	0.013694770634174347
1011	0.007701245602220297
1012	0.011829469352960587
1013	0.012484257109463215
1014	0.010127805173397064
1015	0.01889188401401043
1016	0.027140671387314796
1017	0.029109707102179527
1018	0.016365671530365944
1019	0.014480674639344215
1020	0.010361363179981709
1021	0.008090410381555557
1022	0.004899594467133284
1023	0.005505152978003025
1024	0.007813619449734688
1025	0.005837075877934694
1026	0.00466717965900898
1027	0.005484909750521183
1028	0.005333881359547377
1029	0.005386108998209238
1030	0.006188283208757639
1031	0.005176657345145941
1032	0.004496864974498749
1033	0.004204215947538614
1034	0.0044525968842208385
1035	0.00479359133169055
1036	0.004297412931919098
1037	0.005476914346218109
1038	0.0053076003678143024
1039	0.006323359906673431
1040	0.005662068724632263
1041	0.0056267692707479
1042	0.005156234838068485
1043	0.005282787140458822
1044	0.005891198292374611
1045	0.005403907969594002
1046	0.0052302563562989235
1047	0.004719631280750036
1048	0.00480814790353179
1049	0.004982044920325279
1050	0.00477475905790925
1051	0.005438807886093855
1052	0.00473587354645133
1053	0.004256010986864567
1054	0.003991256467998028
1055	0.004157466348260641
1056	0.004491481930017471
1057	0.00453485082834959
1058	0.005327486898750067
1059	0.004274403210729361
1060	0.0037331306375563145
1061	0.005686708725988865
1062	0.0047490596771240234
1063	0.004819863475859165
1064	0.006210643798112869
1065	0.005898240953683853
1066	0.006200019270181656
1067	0.006618389394134283
1068	0.007937694899737835
1069	0.008066597394645214
1070	0.0059066959656775
1071	0.006152437534183264
1072	0.006937687750905752
1073	0.007162788417190313
1074	0.0074752639047801495
1075	0.009422028437256813
1076	0.009356813505291939
1077	0.007891642861068249
1078	0.009423834271728992
1079	0.008978079073131084
1080	0.009992018342018127
1081	0.009901413694024086
1082	0.010009965859353542
1083	0.009906255640089512
1084	0.013942115008831024
1085	0.01120419055223465
1086	0.013672727160155773
1087	0.01915927231311798
1088	0.012953201308846474
1089	0.016132479533553123
1090	0.021469151601195335
1091	0.01783299446105957
1092	0.019123250618577003
1093	0.019395021721720695
1094	0.019172566011548042
1095	0.022904926910996437
1096	0.02446514554321766
1097	0.022782204672694206
1098	0.022070912644267082
1099	0.01793665811419487
1100	0.02431856282055378
1101	0.012958059087395668
1102	0.01609470695257187
1103	0.014299774542450905
1104	0.017596492543816566
1105	0.019775990396738052
1106	0.02071930281817913
1107	0.028736917302012444
1108	0.03144009783864021
1109	0.02885531261563301
1110	0.05350455641746521
1111	0.013335585594177246
1112	0.010843551717698574
1113	0.011828172020614147
1114	0.008933979086577892
1115	0.008483913727104664
1116	0.009686573408544064
1117	0.009530077688395977
1118	0.008799809031188488
1119	0.008867031894624233
1120	0.01181610208004713
1121	0.00970295537263155
1122	0.010200022719800472
1123	0.009354461915791035
1124	0.009888834320008755
1125	0.007916755974292755
1126	0.011354027315974236
1127	0.009804089553654194
1128	0.009002375416457653
1129	0.009745641611516476
1130	0.008314444683492184
1131	0.008773836307227612
1132	0.011819232255220413
1133	0.28810393810272217
1134	0.3256913423538208
1135	0.5460408926010132
1136	0.7895538210868835
1137	0.1210743710398674
1138	0.25950029492378235
1139	0.036134105175733566
1140	0.01885329745709896
1141	0.02237081527709961
1142	0.06513302773237228
1143	0.03226912394165993
1144	0.0376603901386261
1145	0.03045724146068096
1146	0.03956444188952446
1147	0.09613152593374252
1148	0.08038946241140366
1149	0.07624991983175278
1150	0.07499319314956665
1151	0.152932807803154
1152	0.0721186026930809
1153	0.089676134288311
1154	0.12245098501443863
1155	0.2311929315328598
1156	0.6613553166389465
1157	0.39611560106277466
1158	0.3939293324947357
1159	0.22734789550304413
1160	0.34181785583496094
1161	0.1025083065032959
1162	0.2724544107913971
1163	0.11270198971033096
1164	0.06294500082731247
1165	0.07933725416660309
1166	0.20443807542324066
1167	0.44895339012145996
1168	0.5584368705749512
1169	0.671011209487915
1170	0.6855271458625793
1171	0.7663880586624146
1172	0.7596707344055176
1173	0.7786279916763306
1174	0.7887662053108215
1175	0.8715839385986328
1176	0.8728460669517517
1177	0.8442896008491516
1178	0.8455615043640137
1179	0.7805723547935486
1180	0.7124609351158142
1181	0.7370784878730774
1182	0.5821225047111511
1183	0.6517385244369507
1184	0.26189157366752625
1185	0.09629438072443008
1186	0.10708615928888321
1187	0.1329912692308426
1188	0.19248871505260468
1189	0.1571076661348343
1190	0.27089735865592957
1191	0.23683419823646545
1192	0.3860369622707367
1193	0.5216864347457886
1194	0.5694595575332642
1195	0.7426600456237793
1196	0.7567043900489807
1197	0.6816334128379822
1198	0.7925728559494019
1199	0.7632718086242676
1200	0.8364141583442688
1201	0.7627614736557007
1202	0.7987831830978394
1203	0.7665722966194153
1204	0.6917764544487
1205	0.536523163318634
1206	0.5617205500602722
1207	0.6694607138633728
1208	0.589884877204895
1209	0.63009113073349
1210	0.7837508320808411
1211	0.8229557275772095
1212	0.8456668853759766
1213	0.9002794623374939
1214	0.9350577592849731
1215	0.9416273236274719
1216	0.9205355048179626
1217	0.9418389201164246
1218	0.8357765078544617
1219	0.7827982306480408
1220	0.581453800201416
1221	0.022627515718340874
1222	0.005523970816284418
1223	0.007842804305255413
1224	0.011831950396299362
1225	0.0051722340285778046
1226	0.006247967481613159
1227	0.00774662708863616
1228	0.008997424505650997
1229	0.009858894161880016
1230	0.012421917170286179
1231	0.011678558774292469
1232	0.010514609515666962
1233	0.008644381538033485
1234	0.012187127955257893
1235	0.012485983781516552
1236	0.010539943352341652
1237	0.011780141852796078
1238	0.010183251462876797
1239	0.011647972278296947
1240	0.011274687014520168
1241	0.010156502015888691
1242	0.012022088281810284
1243	0.012580330483615398
1244	0.012290759943425655
1245	0.012702795676887035
1246	0.015327139757573605
1247	0.013219788670539856
1248	0.012235020287334919
1249	0.013776193372905254
1250	0.010700872167944908
1251	0.011893038637936115
1252	0.012800157070159912
1253	0.008669438771903515
1254	0.008404615335166454
1255	0.009957260452210903
1256	0.013160091824829578
1257	0.010050109587609768
1258	0.009752546437084675
1259	0.011900655925273895
1260	0.012066354043781757
1261	0.01126357913017273
1262	0.010855043306946754
1263	0.009396949782967567
1264	0.008660632185637951
1265	0.010318280197679996
1266	0.012760864570736885
1267	0.011355686001479626
1268	0.007624644320458174
1269	0.008887181989848614
1270	0.007580125238746405
1271	0.0075164795853197575
1272	0.009024146012961864
1273	0.009067543782293797
1274	0.009264945052564144
1275	0.01715974323451519
1276	0.015529393218457699
1277	0.011072576977312565
1278	0.019547589123249054
1279	0.015956996008753777
1280	0.013614403083920479
1281	0.01589605212211609
1282	0.015060423873364925
1283	0.02433071844279766
1284	0.01677142083644867
1285	0.020617596805095673
1286	0.025614354759454727
1287	0.038947053253650665
1288	0.045960087329149246
1289	0.03366827592253685
1290	0.04716350510716438
1291	0.04311405122280121
1292	0.03849003091454506
1293	0.048702288419008255
1294	0.03074694611132145
1295	0.03433426097035408
1296	0.06932609528303146
1297	0.03957029804587364
1298	0.08890744298696518
1299	0.0803949385881424
1300	0.1014549508690834
1301	0.0999387726187706
1302	0.08018504828214645
1303	0.04471149295568466
1304	0.05280962586402893
1305	0.04099266231060028
1306	0.05543193966150284
1307	0.09273616224527359
1308	0.1310082972049713
1309	0.1250586211681366
1310	0.13073283433914185
1311	0.05689781531691551
1312	0.03870542347431183
1313	0.042314305901527405
1314	0.03512487933039665
1315	0.02554265223443508
1316	0.02074553072452545
1317	0.020945433527231216
1318	0.030151531100273132
1319	0.03190840408205986
1320	0.018512604758143425
1321	0.012246555648744106
1322	0.009426156058907509
1323	0.011331339366734028
1324	0.00757024809718132
1325	0.011671416461467743
1326	0.010267830453813076
1327	0.01416894979774952
1328	0.00906357541680336
1329	0.009866148233413696
1330	0.011748403310775757
1331	0.011508534662425518
1332	0.0074209063313901424
1333	0.008100369945168495
1334	0.008607459254562855
1335	0.007138033863157034
1336	0.009832242503762245
1337	0.006581765599548817
1338	0.008467082865536213
1339	0.008346489630639553
1340	0.009919804520905018
1341	0.009705937467515469
1342	0.00962870568037033
1343	0.008718234486877918
1344	0.007891618646681309
1345	0.010295984335243702
1346	0.01110910065472126
1347	0.010654503479599953
1348	0.009811666794121265
1349	0.015321725979447365
1350	0.013720872811973095
1351	0.014766636304557323
1352	0.016976380720734596
1353	0.013910824432969093
1354	0.01584356650710106
1355	0.017392171546816826
1356	0.019983893260359764
1357	0.015631968155503273
1358	0.013239494524896145
1359	0.01755020022392273
1360	0.012585795484483242
1361	0.010689749382436275
1362	0.010795528069138527
1363	0.009370907209813595
1364	0.008649180643260479
1365	0.008823332376778126
1366	0.00839815940707922
1367	0.009720401838421822
1368	0.007847769185900688
1369	0.008559059351682663
1370	0.007969003170728683
1371	0.00953697320073843
1372	0.009372642263770103
1373	0.007152088917791843
1374	0.008714340627193451
1375	0.012860322371125221
1376	0.011256021447479725
1377	0.013440524227917194
1378	0.023160725831985474
1379	0.023944830521941185
1380	0.02652732841670513
1381	0.019811278209090233
1382	0.018084188923239708
1383	0.019319863989949226
1384	0.024623192846775055
1385	0.01630648411810398
1386	0.011475241743028164
1387	0.012619188986718655
1388	0.010815383866429329
1389	0.01772087626159191
1390	0.017675179988145828
1391	0.012623491697013378
1392	0.00864819623529911
1393	0.011067611165344715
1394	0.011438491754233837
1395	0.016992544755339622
1396	0.015549734234809875
1397	0.012406764551997185
1398	0.01171198021620512
1399	0.011066626757383347
1400	0.009034339338541031
1401	0.008213375695049763
1402	0.008434142917394638
1403	0.007917123846709728
1404	0.008276555687189102
1405	0.008987841196358204
1406	0.0071924179792404175
1407	0.007807546760886908
1408	0.009258516132831573
1409	0.009551002644002438
1410	0.011157521978020668
1411	0.011764044873416424
1412	0.009872469119727612
1413	0.010363315232098103
1414	0.010695390403270721
1415	0.009547191672027111
1416	0.010597958229482174
1417	0.009085151366889477
1418	0.009231889620423317
1419	0.009792814031243324
1420	0.009313540533185005
1421	0.00938103161752224
1422	0.00830263551324606
1423	0.010362840257585049
1424	0.010132445022463799
1425	0.010850458405911922
1426	0.008575988002121449
1427	0.012426325120031834
1428	0.01931753195822239
1429	0.019037263467907906
1430	0.023548549041152
1431	0.023763908073306084
1432	0.01748478226363659
1433	0.0270259827375412
1434	0.009001748636364937
1435	0.018917540088295937
1436	0.011818812228739262
1437	0.02451014332473278
1438	0.019061913713812828
1439	0.019430726766586304
1440	0.029827678576111794
1441	0.0168412234634161
1442	0.01394666638225317
1443	0.012633362784981728
1444	0.013301326893270016
1445	0.008687536232173443
1446	0.008792159147560596
1447	0.010367031209170818
1448	0.006423546466976404
1449	0.007536538876593113
1450	0.006265014410018921
1451	0.0061439936980605125
1452	0.005246361251920462
1453	0.004871325101703405
1454	0.005206525791436434
1455	0.005425487644970417
1456	0.004492964129894972
1457	0.005315536167472601
1458	0.005754719953984022
1459	0.005667078774422407
1460	0.005829613655805588
1461	0.0050646234303712845
1462	0.004523675423115492
1463	0.004084586165845394
1464	0.004491496365517378
1465	0.004372165072709322
1466	0.004471808206290007
1467	0.0045166113413870335
1468	0.0036782496608793736
1469	0.004649586509913206
1470	0.004505429416894913
1471	0.00472086388617754
1472	0.006414552219212055
1473	0.004886363632977009
1474	0.006468517240136862
1475	0.006031420081853867
1476	0.005672493018209934
1477	0.0055189551785588264
1478	0.005247988738119602
1479	0.008093634620308876
1480	0.005484564229846001
1481	0.00756485341116786
1482	0.007046594750136137
1483	0.00835143681615591
1484	0.013650295324623585
1485	0.024730591103434563
1486	0.030384166166186333
1487	0.08864428848028183
1488	0.047551847994327545
1489	0.022077705711126328
1490	0.022070387378335
1491	0.03851480036973953
1492	0.020638927817344666
1493	0.013225284405052662
1494	0.06534891575574875
1495	0.026327162981033325
1496	0.2049565613269806
1497	0.20148907601833344
1498	0.08431551605463028
1499	0.11029348522424698
1500	0.06269066780805588
1501	0.17697018384933472
1502	0.06897810101509094
1503	0.053768713027238846
1504	0.07028088718652725
1505	0.11434990167617798
1506	0.0465824119746685
1507	0.08388077467679977
1508	0.3078899085521698
1509	0.29221126437187195
1510	0.1646425575017929
1511	0.2633702754974365
1512	0.24787364900112152
1513	0.13954441249370575
1514	0.20756641030311584
1515	0.18380773067474365
1516	0.31928274035453796
1517	0.23999162018299103
1518	0.17841385304927826
1519	0.4901904761791229
1520	0.44323864579200745
1521	0.4054085910320282
1522	0.35595056414604187
1523	0.4271027743816376
1524	0.3002627193927765
1525	0.34612035751342773
1526	0.32348647713661194
1527	0.5554962158203125
1528	0.5915027260780334
1529	0.49239665269851685
1530	0.5791947245597839
1531	0.6993706226348877
1532	0.7205008268356323
1533	0.6612623333930969
1534	0.5164328813552856
1535	0.7203004956245422
1536	0.843493640422821
1537	0.6443784236907959
1538	0.5173899531364441
1539	0.2034696787595749
1540	0.5687040090560913
1541	0.47165918350219727
1542	0.3465726971626282
1543	0.265849232673645
1544	0.3699897825717926
1545	0.5791131854057312
1546	0.6449335217475891
1547	0.5039818286895752
1548	0.1832720786333084
1549	0.21142692863941193
1550	0.23371458053588867
1551	0.43479737639427185
1552	0.5721861124038696
1553	0.5265666842460632
1554	0.3400420844554901
1555	0.49416467547416687
1556	0.15226751565933228
1557	0.13493870198726654
1558	0.047082722187042236
1559	0.0188028272241354
1560	0.014267190359532833
1561	0.022724149748682976
1562	0.014571328647434711
1563	0.016385892406105995
1564	0.030355894938111305
1565	0.027529528364539146
1566	0.05721483379602432
1567	0.04021260142326355
1568	0.01491817831993103
1569	0.00797736644744873
1570	0.005778500344604254
1571	0.005940241273492575
1572	0.004980097524821758
1573	0.005950773600488901
1574	0.009132856503129005
1575	0.010835565626621246
1576	0.020575568079948425
1577	0.02270977944135666
1578	0.017057687044143677
1579	0.012136482633650303
1580	0.0062688491307199
1581	0.007544384803622961
1582	0.0164870023727417
1583	0.00837943609803915
1584	0.008875943720340729
1585	0.008351816795766354
1586	0.013816768303513527
1587	0.007102743722498417
1588	0.010416428558528423
1589	0.00930504035204649
1590	0.009782865643501282
1591	0.009699822403490543
1592	0.011038689874112606
1593	0.010260711424052715
1594	0.01175448764115572
1595	0.009629450738430023
1596	0.008312981575727463
1597	0.008763852529227734
1598	0.010385994799435139
1599	0.01130659133195877
1600	0.009894813410937786
1601	0.008234056644141674
1602	0.009769578464329243
1603	0.00987982377409935
1604	0.009763233363628387
1605	0.010775326751172543
1606	0.012827557511627674
1607	0.012347232550382614
1608	0.013791389763355255
1609	0.014322832226753235
1610	0.012934724800288677
1611	0.013498564250767231
1612	0.013846573419868946
1613	0.011238868348300457
1614	0.012107953429222107
1615	0.013612796552479267
1616	0.017449453473091125
1617	0.015954336151480675
1618	0.014725743792951107
1619	0.01771293394267559
1620	0.016688106581568718
1621	0.014634593389928341
1622	0.015863507986068726
1623	0.013716024346649647
1624	0.013843217864632607
1625	0.009446053765714169
1626	0.011240003630518913
1627	0.011681199073791504
1628	0.009700697846710682
1629	0.011418516747653484
1630	0.012142024002969265
1631	0.01300049014389515
1632	0.011502069421112537
1633	0.012209206819534302
1634	0.01346398051828146
1635	0.011514591984450817
1636	0.012689572758972645
1637	0.013416843488812447
1638	0.011019539088010788
1639	0.013269077055156231
1640	0.011001596227288246
1641	0.009257828816771507
1642	0.009739087894558907
1643	0.012379470281302929
1644	0.010660084895789623
1645	0.012079034931957722
1646	0.010815940797328949
1647	0.010098496451973915
1648	0.009799341671168804
1649	0.01145282294601202
1650	0.011117708869278431
1651	0.008452020585536957
1652	0.011295403353869915
1653	0.009070578962564468
1654	0.00961572676897049
1655	0.012062630616128445
1656	0.015713490545749664
1657	0.018377870321273804
1658	0.020724518224596977
1659	0.020584480836987495
1660	0.024640148505568504
1661	0.025196021422743797
1662	0.028414983302354813
1663	0.0360109768807888
1664	0.05072227865457535
1665	0.05967338755726814
1666	0.030496669933199883
1667	0.04731673747301102
1668	0.02749568782746792
1669	0.03732273355126381
1670	0.040075380355119705
1671	0.13285508751869202
1672	0.04900196194648743
1673	0.04957054555416107
1674	0.03893629088997841
1675	0.03867555782198906
1676	0.027956200763583183
1677	0.02864926867187023
1678	0.02244584634900093
1679	0.02096838690340519
1680	0.02995828352868557
1681	0.03894147276878357
1682	0.038793690502643585
1683	0.03557610511779785
1684	0.042433250695466995
1685	0.07072825729846954
1686	0.03566553071141243
1687	0.04287043958902359
1688	0.08613859862089157
1689	0.062433887273073196
1690	0.05921201780438423
1691	0.04881292209029198
1692	0.06240552291274071
1693	0.03337263688445091
1694	0.027119308710098267
1695	0.023386621847748756
1696	0.02512660063803196
1697	0.014973575249314308
1698	0.0149242477491498
1699	0.016257498413324356
1700	0.016991419717669487
1701	0.013699588365852833
1702	0.020180851221084595
1703	0.016171997413039207
1704	0.012632126919925213
1705	0.017345761880278587
1706	0.014919511042535305
1707	0.019787026569247246
1708	0.013369152322411537
1709	0.011204967275261879
1710	0.012803233228623867
1711	0.008617273531854153
1712	0.009810814633965492
1713	0.008819865994155407
1714	0.007196207530796528
1715	0.0064124674536287785
1716	0.009459215216338634
1717	0.006947105284780264
1718	0.008072578348219395
1719	0.009335826151072979
1720	0.006902690976858139
1721	0.006392966490238905
1722	0.005597156472504139
1723	0.0052811442874372005
1724	0.006294585764408112
1725	0.007288218475878239
1726	0.00498522212728858
1727	0.008625217713415623
1728	0.006137692369520664
1729	0.005727158393710852
1730	0.006282858084887266
1731	0.005812763702124357
1732	0.006302427034825087
1733	0.006025067064911127
1734	0.005509632173925638
1735	0.005215173587203026
1736	0.005323826801031828
1737	0.004653353244066238
1738	0.0052855233661830425
1739	0.004368424415588379
1740	0.004705099854618311
1741	0.003977681044489145
1742	0.005795998033136129
1743	0.004763807635754347
1744	0.0048216949217021465
1745	0.0048711467534303665
1746	0.005786631256341934
1747	0.005376672372221947
1748	0.005041205324232578
1749	0.0052723209373652935
1750	0.005209747236222029
1751	0.00425606919452548
1752	0.0041267103515565395
1753	0.006090268027037382
1754	0.005280135665088892
1755	0.006275753956288099
1756	0.006182564422488213
1757	0.007271263748407364
1758	0.006566931959241629
1759	0.007631483022123575
1760	0.007708864752203226
1761	0.009080253541469574
1762	0.013007489033043385
1763	0.017065031453967094
1764	0.010523492470383644
1765	0.012187211774289608
1766	0.01316049974411726
1767	0.014307953417301178
1768	0.014078512787818909
1769	0.01242860034108162
1770	0.007795152720063925
1771	0.008530400693416595
1772	0.00795936118811369
1773	0.00806068629026413
1774	0.009117434732615948
1775	0.009458121843636036
1776	0.011019991710782051
1777	0.022029239684343338
1778	0.024137211963534355
1779	0.08747275173664093
1780	0.0961102619767189
1781	0.04114976152777672
1782	0.1508745402097702
1783	0.06784700602293015
1784	0.04675494506955147
1785	0.09952585399150848
1786	0.09345048666000366
1787	0.3181481957435608
1788	0.11368817090988159
1789	0.18214789032936096
1790	0.21173225343227386
1791	0.1090497151017189
1792	0.05660099908709526
1793	0.054680176079273224
1794	0.038066715002059937
1795	0.05541175603866577
1796	0.06986355781555176
1797	0.041800715029239655
1798	0.10484208911657333
1799	0.11313483864068985
1800	0.22847019135951996
1801	0.07754229754209518
1802	0.14905136823654175
1803	0.2722748816013336
1804	0.6643240451812744
1805	0.725678026676178
1806	0.7178753018379211
1807	0.8077343106269836
1808	0.8175212144851685
1809	0.8213532567024231
1810	0.7513114809989929
1811	0.7284194827079773
1812	0.02727341651916504
1813	0.01364236231893301
1814	0.01074247807264328
1815	0.010925677604973316
1816	0.010597516782581806
1817	0.009827020578086376
1818	0.011545768938958645
1819	0.011202115565538406
1820	0.01236672606319189
1821	0.011735466308891773
1822	0.010396953672170639
1823	0.006601698696613312
1824	0.009397952817380428
1825	0.0079615768045187
1826	0.008899004198610783
1827	0.0076635368168354034
1828	0.008902579545974731
1829	0.008342036977410316
1830	0.009847553446888924
1831	0.008264624513685703
1832	0.0101688327267766
1833	0.012693229131400585
1834	0.014120498672127724
1835	0.014056543819606304
1836	0.07814297825098038
1837	0.45227304100990295
1838	0.46875444054603577
1839	0.5792583227157593
1840	0.6338536739349365
1841	0.6002280116081238
1842	0.32721400260925293
1843	0.46690425276756287
1844	0.30218881368637085
1845	0.1751658022403717
1846	0.34468647837638855
1847	0.3731977641582489
1848	0.510308563709259
1849	0.18102331459522247
1850	0.08360156416893005
1851	0.03419637680053711
1852	0.014769411645829678
1853	0.01438885647803545
1854	0.012562236748635769
1855	0.01230525877326727
1856	0.014018501155078411
1857	0.014436117373406887
1858	0.01261481549590826
1859	0.02077663317322731
1860	0.07559940963983536
1861	0.13343919813632965
1862	0.29428207874298096
1863	0.3634456694126129
1864	0.4321479797363281
1865	0.434523344039917
1866	0.5123469829559326
1867	0.6251093149185181
1868	0.5902993083000183
1869	0.6640483736991882
1870	0.5597898364067078
1871	0.7335299849510193
1872	0.726285457611084
1873	0.648607075214386
1874	0.4497646391391754
1875	0.5644049048423767
1876	0.44166889786720276
1877	0.3200569152832031
1878	0.5892956852912903
1879	0.686974823474884
1880	0.3738273084163666
1881	0.3257724940776825
1882	0.507481038570404
1883	0.5794167518615723
1884	0.6866875886917114
1885	0.5807706117630005
1886	0.6348600387573242
1887	0.7148036956787109
1888	0.6524204015731812
1889	0.5167143940925598
1890	0.46408483386039734
1891	0.08176790922880173
1892	0.01798895373940468
1893	0.00621147220954299
1894	0.006101674400269985
1895	0.010973981581628323
1896	0.010338502936065197
1897	0.009274223819375038
1898	0.008771217428147793
1899	0.01014800276607275
1900	0.014720097184181213
1901	0.010851845145225525
1902	0.006403347011655569
1903	0.005594565067440271
1904	0.007195395417511463
1905	0.00925543811172247
1906	0.009995963424444199
1907	0.010507023893296719
1908	0.010741988196969032
1909	0.009731351397931576
1910	0.013097548857331276
1911	0.008906391449272633
1912	0.009539453312754631
1913	0.012607695534825325
1914	0.011835209093987942
1915	0.0099415834993124
1916	0.010018479079008102
1917	0.012393423356115818
1918	0.012536383233964443
1919	0.01133448164910078
1920	0.01633922941982746
1921	0.0131877725943923
1922	0.01978667639195919
1923	0.012559004127979279
1924	0.011201613582670689
1925	0.010151115246117115
1926	0.012857821770012379
1927	0.009634463116526604
1928	0.012442958541214466
1929	0.013229548931121826
1930	0.013910253532230854
1931	0.012753650546073914
1932	0.012944999150931835
1933	0.014459219761192799
1934	0.015217986889183521
1935	0.015103151090443134
1936	0.02346493862569332
1937	0.015951354056596756
1938	0.01669250801205635
1939	0.015794901177287102
1940	0.012831824831664562
1941	0.01240342017263174
1942	0.01808859407901764
1943	0.011920335702598095
1944	0.01632874272763729
1945	0.008311203680932522
1946	0.012169011868536472
1947	0.0139701459556818
1948	0.01299710851162672
1949	0.009819472208619118
1950	0.013587790541350842
1951	0.014879143796861172
1952	0.012363220565021038
1953	0.01194098312407732
1954	0.012721686623990536
1955	0.010828531347215176
1956	0.011965414509177208
1957	0.011463837698101997
1958	0.010127966292202473
1959	0.011630303226411343
1960	0.010620417073369026
1961	0.010686173103749752
1962	0.013884807005524635
1963	0.012017790228128433
1964	0.012888750992715359
1965	0.01292505394667387
1966	0.011843058280646801
1967	0.010248064994812012
1968	0.010890231467783451
1969	0.01295377966016531
1970	0.009262599982321262
1971	0.010040590539574623
1972	0.009338765405118465
1973	0.007279110141098499
1974	0.010128977708518505
1975	0.011466939002275467
1976	0.011401945725083351
1977	0.011810341849923134
1978	0.010154242627322674
1979	0.010901025496423244
1980	0.011206762865185738
1981	0.010144355706870556
1982	0.010427946224808693
1983	0.01103260088711977
1984	0.01406552828848362
1985	0.017576664686203003
1986	0.016640787944197655
1987	0.014138511382043362
1988	0.01384388841688633
1989	0.012301136739552021
1990	0.012129395268857479
1991	0.013042154721915722
1992	0.012177073396742344
1993	0.010386744514107704
1994	0.01255105622112751
1995	0.009606997482478619
1996	0.010535606183111668
1997	0.012370208278298378
1998	0.014245412312448025
1999	0.014800608158111572
2000	0.011751237325370312
2001	0.011121220886707306
2002	0.012870624661445618
2003	0.010461598634719849
2004	0.010111752897500992
2005	0.013618895784020424
2006	0.013537782244384289
2007	0.013545408844947815
2008	0.013479910790920258
2009	0.010867766104638577
2010	0.015037046745419502
2011	0.01662864349782467
2012	0.02050546370446682
2013	0.015663692727684975
2014	0.019422007724642754
2015	0.0170770063996315
2016	0.015332107432186604
2017	0.026686156168580055
2018	0.032608747482299805
2019	0.06520801782608032
2020	0.04650014638900757
2021	0.0440407320857048
2022	0.033990778028964996
2023	0.018972812220454216
2024	0.020488470792770386
2025	0.011972002685070038
2026	0.008423374965786934
2027	0.00902112852782011
2028	0.00853041373193264
2029	0.010151163674890995
2030	0.008095922879874706
2031	0.011401288211345673
2032	0.007548052351921797
2033	0.011303919367492199
2034	0.009364794939756393
2035	0.00706989923492074
2036	0.007853147573769093
2037	0.009152288548648357
2038	0.006741475313901901
2039	0.006281349342316389
2040	0.0066244155168533325
2041	0.00501973694190383
2042	0.005255633499473333
2043	0.005091330502182245
2044	0.006049747578799725
2045	0.006318294908851385
2046	0.0053505501709878445
2047	0.005237877368927002
2048	0.004849984776228666
2049	0.0054740323685109615
2050	0.005141094326972961
2051	0.0060020009987056255
2052	0.0064404914155602455
2053	0.005669185426086187
2054	0.005601337645202875
2055	0.005820624064654112
2056	0.005590354558080435
2057	0.0050011868588626385
2058	0.004592444282025099
2059	0.004181750118732452
2060	0.0049259052611887455
2061	0.006123275030404329
2062	0.005624820943921804
2063	0.004528462886810303
2064	0.004950320813804865
2065	0.0053261094726622105
2066	0.0054315379820764065
2067	0.005638349335640669
2068	0.006437286268919706
2069	0.005318976007401943
2070	0.005618430208414793
2071	0.0052680461667478085
2072	0.005691224243491888
2073	0.005977415945380926
2074	0.005193397402763367
2075	0.00527957221493125
2076	0.004809971898794174
2077	0.004400148987770081
2078	0.0049017975106835365
2079	0.006213468965142965
2080	0.006364817265421152
2081	0.005062114913016558
2082	0.0042653754353523254
2083	0.005469040479511023
2084	0.005549711640924215
2085	0.00557586457580328
2086	0.004861036781221628
2087	0.005328481551259756
2088	0.005462488159537315
2089	0.004855305887758732
2090	0.004909762647002935
2091	0.005269314628094435
2092	0.005065517034381628
2093	0.005150849465280771
2094	0.005574681796133518
2095	0.009795905090868473
2096	0.007704645395278931
2097	0.009606626816093922
2098	0.0068863327614963055
2099	0.007644010242074728
2100	0.012075768783688545
2101	0.00924630742520094
2102	0.03192947432398796
2103	0.11493851989507675
2104	0.47370871901512146
2105	0.4413234293460846
2106	0.392110675573349
2107	0.6225239038467407
2108	0.6488410234451294
2109	0.5208666324615479
2110	0.6245006918907166
2111	0.8620855212211609
2112	0.8306741714477539
2113	0.8449989557266235
2114	0.8342844843864441
2115	0.8664627075195312
2116	0.8938745856285095
2117	0.8770717978477478
2118	0.8129758834838867
2119	0.645653247833252
2120	0.6419042348861694
2121	0.5089379549026489
2122	0.49505749344825745
2123	0.5739347338676453
2124	0.1875864416360855
2125	0.2683866024017334
2126	0.3730145990848541
2127	0.21903133392333984
2128	0.26153919100761414
2129	0.21810607612133026
2130	0.3412076532840729
2131	0.11691354960203171
2132	0.2855249345302582
2133	0.21940742433071136
2134	0.20864343643188477
2135	0.357990026473999
2136	0.19427885115146637
2137	0.2774059772491455
2138	0.34460172057151794
2139	0.5513941645622253
2140	0.7257120013237
2141	0.7703307867050171
2142	0.7639123201370239
2143	0.8461881875991821
2144	0.7720099687576294
2145	0.8244776129722595
2146	0.7646437287330627
2147	0.7809566259384155
2148	0.7919959425926208
2149	0.7204605937004089
2150	0.6959406733512878
2151	0.6314509510993958
2152	0.8232046365737915
2153	0.7789492011070251
2154	0.6948991417884827
2155	0.6478850841522217
2156	0.8063231706619263
2157	0.642670750617981
2158	0.8014028668403625
2159	0.8941284418106079
2160	0.8184181451797485
2161	0.8625897765159607
2162	0.8194093108177185
2163	0.8403908610343933
2164	0.9062930941581726
2165	0.8836620450019836
2166	0.8768375515937805
2167	0.8155570030212402
2168	0.7639853358268738
2169	0.7171684503555298
2170	0.0445014126598835
2171	0.0066818431951105595
2172	0.007419475819915533
2173	0.007841367274522781
2174	0.007218952756375074
2175	0.009735673666000366
2176	0.02096112072467804
2177	0.011483619920909405
2178	0.005858135875314474
2179	0.0043969773687422276
2180	0.010716485790908337
2181	0.014780223369598389
2182	0.008413713425397873
2183	0.010081271640956402
2184	0.008887107484042645
2185	0.00729577848687768
2186	0.007427747827023268
2187	0.008490328676998615
2188	0.011372416280210018
2189	0.016628308221697807
2190	0.018797874450683594
2191	0.014395922422409058
2192	0.010491876862943172
2193	0.01583571545779705
2194	0.01484604086726904
2195	0.010254967026412487
2196	0.01331521850079298
2197	0.013786032795906067
2198	0.015312648378312588
2199	0.014376679435372353
2200	0.016213899478316307
2201	0.012310869060456753
2202	0.010324286296963692
2203	0.010690218769013882
2204	0.011768321506679058
2205	0.011640193872153759
2206	0.010960085317492485
2207	0.010800513438880444
2208	0.013528520241379738
2209	0.011120589450001717
2210	0.010007934644818306
2211	0.010458255186676979
2212	0.01069075521081686
2213	0.01141003705561161
2214	0.010949470102787018
2215	0.012622254900634289
2216	0.012005968950688839
2217	0.010870558209717274
2218	0.011294174008071423
2219	0.0087753776460886
2220	0.0116733368486166
2221	0.013593089766800404
2222	0.01035537850111723
2223	0.013003810308873653
2224	0.010160303674638271
2225	0.010049995966255665
2226	0.011274236254394054
2227	0.009114081040024757
2228	0.009291717782616615
2229	0.01053354050964117
2230	0.013012060895562172
2231	0.010152830742299557
2232	0.009547199122607708
2233	0.012457440607249737
2234	0.00977373868227005
2235	0.012208020314574242
2236	0.010351485572755337
2237	0.010947619564831257
2238	0.010949548333883286
2239	0.010616756044328213
2240	0.013057351112365723
2241	0.013764703646302223
2242	0.009533138945698738
2243	0.010515312664210796
2244	0.009517477825284004
2245	0.008891461417078972
2246	0.009582682512700558
2247	0.009791341610252857
2248	0.011279718950390816
2249	0.008739410899579525
2250	0.010520555078983307
2251	0.009249110706150532
2252	0.01195892971009016
2253	0.008959037251770496
2254	0.009604531340301037
2255	0.009092527441680431
2256	0.01146251242607832
2257	0.010961208492517471
2258	0.011036114767193794
2259	0.011819649487733841
2260	0.013630874454975128
2261	0.01238707173615694
2262	0.011137552559375763
2263	0.01163104921579361
2264	0.012497730553150177
2265	0.010381193831562996
2266	0.010630126111209393
2267	0.008983281441032887
2268	0.010545040480792522
2269	0.01028087455779314
2270	0.011990209110081196
2271	0.009859501384198666
2272	0.010225825011730194
2273	0.009247931651771069
2274	0.010205939412117004
2275	0.011842338368296623
2276	0.011755295097827911
2277	0.009463793598115444
2278	0.008910107426345348
2279	0.009944465942680836
2280	0.011372227221727371
2281	0.008988951332867146
2282	0.010628453455865383
2283	0.010995070450007915
2284	0.010340495966374874
2285	0.010529536753892899
2286	0.01253029890358448
2287	0.01059434749186039
2288	0.012543152086436749
2289	0.009229689836502075
2290	0.009529571048915386
2291	0.00775999715551734
2292	0.007707338314503431
2293	0.010625706985592842
2294	0.010712784714996815
2295	0.007541576866060495
2296	0.015248596668243408
2297	0.00948281865566969
2298	0.009826835244894028
2299	0.010105249471962452
2300	0.010190391913056374
2301	0.010114967823028564
2302	0.013891412876546383
2303	0.015186968259513378
2304	0.01799260824918747
2305	0.016898978501558304
2306	0.020138293504714966
2307	0.017028262838721275
2308	0.0161747969686985
2309	0.018132327124476433
2310	0.014413378201425076
2311	0.012804354541003704
2312	0.009302330203354359
2313	0.007367257960140705
2314	0.007458430714905262
2315	0.008676774799823761
2316	0.012518810108304024
2317	0.008982839994132519
2318	0.010353434830904007
2319	0.014434215612709522
2320	0.0239802747964859
2321	0.01839493028819561
2322	0.018518170341849327
2323	0.02843385376036167
2324	0.017102910205721855
2325	0.036735501140356064
2326	0.05635643005371094
2327	0.03999495133757591
2328	0.03759750723838806
2329	0.04850539565086365
2330	0.032687317579984665
2331	0.026188358664512634
2332	0.0128371212631464
2333	0.00997214112430811
2334	0.008597774431109428
2335	0.005175551399588585
2336	0.005164207424968481
2337	0.00424695760011673
2338	0.005720871035009623
2339	0.005841454025357962
2340	0.005283326841890812
2341	0.005346780642867088
2342	0.005403959657996893
2343	0.005886254366487265
2344	0.004926928784698248
2345	0.004131761845201254
2346	0.004422679077833891
2347	0.0032445669639855623
2348	0.0036033415235579014
2349	0.0034837224520742893
2350	0.003823148552328348
2351	0.004097096621990204
2352	0.004421454854309559
2353	0.005056176334619522
2354	0.00582092022523284
2355	0.004896898753941059
2356	0.006202399730682373
2357	0.005688836332410574
2358	0.005540959537029266
2359	0.0049474663101136684
2360	0.007331395987421274
2361	0.009637432172894478
2362	0.014592262916266918
2363	0.008474188856780529
2364	0.022338757291436195
2365	0.041889965534210205
2366	0.028360772877931595
2367	0.07658655941486359
2368	0.3592684268951416
2369	0.5123187899589539
2370	0.5454732179641724
2371	0.5842074751853943
2372	0.6474734544754028
2373	0.60750812292099
2374	0.486528217792511
2375	0.24893109500408173
2376	0.17890989780426025
2377	0.03848475217819214
2378	0.021033380180597305
2379	0.015286761336028576
2380	0.010325712151825428
2381	0.0110500268638134
2382	0.009556171484291553
2383	0.010106317698955536
2384	0.0076954602263867855
2385	0.01047004759311676
2386	0.0525406189262867
2387	0.339886337518692
2388	0.5676083564758301
2389	0.7454177737236023
2390	0.8743143081665039
2391	0.8812886476516724
2392	0.8715671896934509
2393	0.9187671542167664
2394	0.9789648056030273
2395	0.9595270156860352
2396	0.9550026059150696
2397	0.954994797706604
2398	0.9255995154380798
2399	0.8762699961662292
2400	0.9085152745246887
2401	0.8480828404426575
2402	0.8343300819396973
2403	0.7925363779067993
2404	0.7290918231010437
2405	0.5069219470024109
2406	0.7043209075927734
2407	0.5813829302787781
2408	0.663794219493866
2409	0.6968984007835388
2410	0.7644516825675964
2411	0.8176941871643066
2412	0.8506993651390076
2413	0.8320320248603821
2414	0.790238082408905
2415	0.8130741119384766
2416	0.8405389785766602
2417	0.7274887561798096
2418	0.8464246988296509
2419	0.8316530585289001
2420	0.8515037894248962
2421	0.8925918936729431
2422	0.9021595120429993
2423	0.898293673992157
2424	0.8671356439590454
2425	0.9286085963249207
2426	0.8724200129508972
2427	0.7739130258560181
2428	0.7510730028152466
2429	0.8854734301567078
2430	0.9183832406997681
2431	0.9020252227783203
2432	0.8578810691833496
2433	0.7621530890464783
2434	0.855827271938324
2435	0.6911779642105103
2436	0.5726003050804138
2437	0.07202654331922531
2438	0.006206468679010868
2439	0.006851277779787779
2440	0.008341174572706223
2441	0.00903151836246252
2442	0.007532028015702963
2443	0.0075808377005159855
2444	0.0065448894165456295
2445	0.006166194565594196
2446	0.005972235929220915
2447	0.008378063328564167
2448	0.009722617454826832
2449	0.01177829410880804
2450	0.012785685248672962
2451	0.011931675486266613
2452	0.007106907665729523
2453	0.008771161548793316
2454	0.009096063673496246
2455	0.008485189639031887
2456	0.00803317129611969
2457	0.010995328426361084
2458	0.010575509630143642
2459	0.01020141877233982
2460	0.011197102256119251
2461	0.010550908744335175
2462	0.011342944577336311
2463	0.008044780232012272
2464	0.009990833699703217
2465	0.012052473612129688
2466	0.014873596839606762
2467	0.012737775221467018
2468	0.011975899338722229
2469	0.013266200199723244
2470	0.013673968613147736
2471	0.012710905633866787
2472	0.016410531476140022
2473	0.015330413356423378
2474	0.01971331052482128
2475	0.016041530296206474
2476	0.014931815676391125
2477	0.012556776404380798
2478	0.013312915340065956
2479	0.015257027931511402
2480	0.01290006935596466
2481	0.01506247278302908
2482	0.0190237145870924
2483	0.01207072101533413
2484	0.010777740739285946
2485	0.010775220580399036
2486	0.009423243813216686
2487	0.01080258097499609
2488	0.01343075092881918
2489	0.010014945641160011
2490	0.013509056530892849
2491	0.013128143735229969
2492	0.010607202537357807
2493	0.009775075130164623
2494	0.010535112582147121
2495	0.012448585592210293
2496	0.011982426047325134
2497	0.01184875424951315
2498	0.011265376582741737
2499	0.011915492825210094
2500	0.010188772343099117
2501	0.009516983292996883
2502	0.010875953361392021
2503	0.009232396259903908
2504	0.009614432230591774
2505	0.015169640071690083
2506	0.011719349771738052
2507	0.00877384003251791
2508	0.01042975578457117
2509	0.00960538536310196
2510	0.0095564229413867
2511	0.009826786816120148
2512	0.009422429837286472
2513	0.017152586951851845
2514	0.01876813732087612
2515	0.01602880284190178
2516	0.03051365725696087
2517	0.015497994609177113
2518	0.02325391210615635
2519	0.02566041424870491
2520	0.013202281668782234
2521	0.021793842315673828
2522	0.03410501405596733
2523	0.02272755093872547
2524	0.028524000197649002
2525	0.0408649742603302
2526	0.034152958542108536
2527	0.04698869213461876
2528	0.04086938500404358
2529	0.033543530851602554
2530	0.04344479739665985
2531	0.06617695093154907
2532	0.08301576226949692
2533	0.06504073739051819
2534	0.08378050476312637
2535	0.12706425786018372
2536	0.045222122222185135
2537	0.04393453150987625
2538	0.11342618614435196
2539	0.14925599098205566
2540	0.15462705492973328
2541	0.08967933058738708
2542	0.07114705443382263
2543	0.050033729523420334
2544	0.04204724356532097
2545	0.023528963327407837
2546	0.04236525297164917
2547	0.0330745205283165
2548	0.021167853847146034
2549	0.018392516300082207
2550	0.013112569227814674
2551	0.018085086718201637
2552	0.01464883703738451
2553	0.01400854904204607
2554	0.010411455295979977
2555	0.010268534533679485
2556	0.010797292925417423
2557	0.007125952746719122
2558	0.007688460405915976
2559	0.00699485931545496
2560	0.005411386024206877
2561	0.00424104044213891
2562	0.004579716827720404
2563	0.0043221088126301765
2564	0.0049319034442305565
2565	0.005289030261337757
2566	0.005397775210440159
2567	0.005043894983828068
2568	0.005137171130627394
2569	0.004693557508289814
2570	0.005204194691032171
2571	0.004885997157543898
2572	0.004599094390869141
2573	0.0050024730153381824
2574	0.006070700939744711
2575	0.005453390069305897
2576	0.0058950758539140224
2577	0.005351258907467127
2578	0.006086696404963732
2579	0.004377489443868399
2580	0.005336015950888395
2581	0.005131985526531935
2582	0.004723950754851103
2583	0.004706361796706915
2584	0.004414562601596117
2585	0.005599637515842915
2586	0.0058542839251458645
2587	0.004268922843039036
2588	0.004277447704225779
2589	0.00555013632401824
2590	0.008181856013834476
2591	0.006266477983444929
2592	0.005053602159023285
2593	0.006275476422160864
2594	0.008319303393363953
2595	0.0061397310346364975
2596	0.005582068115472794
2597	0.007702728267759085
2598	0.0055526853539049625
2599	0.006689065136015415
2600	0.008822568692266941
2601	0.007392972707748413
2602	0.011176623404026031
2603	0.014243177138268948
2604	0.010140880942344666
2605	0.01860625110566616
2606	0.037614237517118454
2607	0.025540268048644066
2608	0.09389805048704147
2609	0.10687839984893799
2610	0.27563369274139404
2611	0.4303923547267914
2612	0.24148164689540863
2613	0.1680934876203537
2614	0.29029640555381775
2615	0.31099390983581543
2616	0.5534220933914185
2617	0.562644898891449
2618	0.5569608211517334
2619	0.5566661953926086
2620	0.7030724883079529
2621	0.6536082029342651
2622	0.6415640711784363
2623	0.615151584148407
2624	0.592903733253479
2625	0.3036845028400421
2626	0.40145984292030334
2627	0.6150877475738525
2628	0.719585120677948
2629	0.7096325159072876
2630	0.7400381565093994
2631	0.8668392300605774
2632	0.8814393877983093
2633	0.8690693974494934
2634	0.7315145134925842
2635	0.7783645987510681
2636	0.7790736556053162
2637	0.7397580742835999
2638	0.7655975222587585
2639	0.6400430798530579
2640	0.6101791262626648
2641	0.4253053665161133
2642	0.39159879088401794
2643	0.17468033730983734
2644	0.3994552791118622
2645	0.5722103118896484
2646	0.681630551815033
2647	0.8299911618232727
2648	0.8962367177009583
2649	0.8394666910171509
2650	0.7914531826972961
2651	0.8332585692405701
2652	0.8970605134963989
2653	0.9532562494277954
2654	0.9220945239067078
2655	0.9384730458259583
2656	0.93378084897995
2657	0.8378849029541016
2658	0.6572690010070801
2659	0.5552495121955872
2660	0.5192072987556458
2661	0.6368241310119629
2662	0.3975023925304413
2663	0.32920247316360474
2664	0.10289119929075241
2665	0.015848523005843163
2666	0.005954085383564234
2667	0.0058291940949857235
2668	0.008018448017537594
2669	0.01052935142070055
2670	0.00677409628406167
2671	0.005573587026447058
2672	0.008668730966746807
2673	0.0065881251357495785
2674	0.011334252543747425
2675	0.008113359101116657
2676	0.005664272233843803
2677	0.0055060978047549725
2678	0.010113608092069626
2679	0.010574101470410824
2680	0.008685724809765816
2681	0.009938142262399197
2682	0.00873854011297226
2683	0.00936124101281166
2684	0.008892771787941456
2685	0.009859071113169193
2686	0.009850249625742435
2687	0.008711114525794983
2688	0.00922474730759859
2689	0.010978538542985916
2690	0.008836901746690273
2691	0.009605935774743557
2692	0.008252058178186417
2693	0.01273693609982729
2694	0.009290706366300583
2695	0.009511351585388184
2696	0.01026721578091383
2697	0.011341609060764313
2698	0.008146314881742
2699	0.01036882121115923
2700	0.008154934272170067
2701	0.008234559558331966
2702	0.008093699812889099
2703	0.009556462056934834
2704	0.0088169751688838
2705	0.008495387621223927
2706	0.008565775118768215
2707	0.011078010313212872
2708	0.010646110400557518
2709	0.009948457591235638
2710	0.008135558106005192
2711	0.007453056517988443
2712	0.0069344076327979565
2713	0.009645181708037853
2714	0.014260969124734402
2715	0.013348953798413277
2716	0.010703441686928272
2717	0.01588769629597664
2718	0.015256357379257679
2719	0.011730317957699299
2720	0.012471343390643597
2721	0.016657790169119835
2722	0.014595027081668377
2723	0.013818311505019665
2724	0.013710523024201393
2725	0.011474810540676117
2726	0.014590046368539333
2727	0.011797000654041767
2728	0.012002222239971161
2729	0.010344116948544979
2730	0.01156162191182375
2731	0.012723363004624844
2732	0.010255842469632626
2733	0.013879514299333096
2734	0.010539459995925426
2735	0.0092183668166399
2736	0.00904082041233778
2737	0.010787742212414742
2738	0.010847089812159538
2739	0.012531108222901821
2740	0.012832696549594402
2741	0.011083032004535198
2742	0.011612644419074059
2743	0.009723741561174393
2744	0.008620448410511017
2745	0.010176626034080982
2746	0.010330723598599434
2747	0.00794937927275896
2748	0.009817054495215416
2749	0.010316290892660618
2750	0.01060533057898283
2751	0.010324481874704361
2752	0.013170379213988781
2753	0.01117341872304678
2754	0.011722426861524582
2755	0.009341010823845863
2756	0.009837239980697632
2757	0.008905825205147266
2758	0.008012245409190655
2759	0.01082981564104557
2760	0.01043787132948637
2761	0.011376502923667431
2762	0.012967330403625965
2763	0.01168208196759224
2764	0.013257679529488087
2765	0.013966766186058521
2766	0.011711160652339458
2767	0.012296529486775398
2768	0.01423900481313467
2769	0.01284718420356512
2770	0.0134936748072505
2771	0.012694616802036762
2772	0.011376659385859966
2773	0.011826379224658012
2774	0.010972399264574051
2775	0.012599433772265911
2776	0.010820361785590649
2777	0.012657428160309792
2778	0.009312189184129238
2779	0.011302431114017963
2780	0.009068848565220833
2781	0.012752137146890163
2782	0.01452744472771883
2783	0.011560189537703991
2784	0.012083514593541622
2785	0.012516756542026997
2786	0.010500977747142315
2787	0.01256466656923294
2788	0.011225341819226742
2789	0.011664912104606628
2790	0.01165896374732256
2791	0.012247029691934586
2792	0.010538773611187935
2793	0.01468245405703783
2794	0.01590789668262005
2795	0.012785673141479492
2796	0.016776103526353836
2797	0.01933196745812893
2798	0.012299357913434505
2799	0.013696135953068733
2800	0.015208004973828793
2801	0.015194648876786232
2802	0.013414996676146984
2803	0.011460918001830578
2804	0.014447282068431377
2805	0.013030876405537128
2806	0.010875600390136242
2807	0.0123677346855402
2808	0.012216923758387566
2809	0.011240024119615555
2810	0.012716978788375854
2811	0.009899965487420559
2812	0.011772123165428638
2813	0.01222986914217472
2814	0.009546162560582161
2815	0.01203037891536951
2816	0.011274750344455242
2817	0.011041290126740932
2818	0.011709779500961304
2819	0.015419012866914272
2820	0.01114628929644823
2821	0.01283884048461914
2822	0.011782893911004066
2823	0.010696524754166603
2824	0.012292781844735146
2825	0.015874197706580162
2826	0.010426116175949574
2827	0.014964661560952663
2828	0.011522925458848476
2829	0.010093457996845245
2830	0.010973124764859676
2831	0.013701463118195534
2832	0.009370513260364532
2833	0.007823730818927288
2834	0.010178069584071636
2835	0.010297988541424274
2836	0.00892308633774519
2837	0.010569967329502106
2838	0.014743173494935036
2839	0.011344866827130318
2840	0.009761868976056576
2841	0.013951994478702545
2842	0.012964524328708649
2843	0.007928905077278614
2844	0.012356865219771862
2845	0.01398402452468872
2846	0.015575557015836239
2847	0.012004256248474121
2848	0.013392642140388489
2849	0.019126107916235924
2850	0.01665055938065052
2851	0.01723409630358219
2852	0.015673881396651268
2853	0.014006433077156544
2854	0.019484469667077065
2855	0.016086159273982048
2856	0.015229321084916592
2857	0.016231093555688858
2858	0.01440256368368864
2859	0.01471720077097416
2860	0.012619244866073132
2861	0.013387423940002918
2862	0.011397299356758595
2863	0.00955447368323803
2864	0.007833811454474926
2865	0.00941698532551527
2866	0.008329005911946297
2867	0.010902822017669678
2868	0.00935105886310339
2869	0.01163017749786377
2870	0.015081851743161678
2871	0.013443753123283386
2872	0.0135493203997612
2873	0.014488031156361103
2874	0.013811334036290646
2875	0.011824951507151127
2876	0.015190613456070423
2877	0.011872636154294014
2878	0.013367662206292152
2879	0.011680757626891136
2880	0.012737937271595001
2881	0.012540495954453945
2882	0.010643376968801022
2883	0.011628187261521816
2884	0.010964310728013515
2885	0.012004710733890533
2886	0.011777075007557869
2887	0.010960097424685955
2888	0.014865410514175892
2889	0.013773142360150814
2890	0.011577000841498375
2891	0.01285049319267273
2892	0.013591793365776539
2893	0.010977762751281261
2894	0.012582379393279552
2895	0.014040625654160976
2896	0.017540160566568375
2897	0.01389568205922842
2898	0.012731390073895454
2899	0.010258214548230171
2900	0.011567018926143646
2901	0.013358185067772865
2902	0.011195461265742779
2903	0.011977418325841427
2904	0.01194798108190298
2905	0.01268888171762228
2906	0.012301618233323097
2907	0.015930915251374245
2908	0.014630015008151531
2909	0.010714910924434662
2910	0.010925156064331532
2911	0.010002528317272663
2912	0.010537332855165005
2913	0.00960927177220583
2914	0.010518215596675873
2915	0.012801915407180786
2916	0.011314441449940205
2917	0.011879727244377136
2918	0.01302396971732378
2919	0.013602398335933685
2920	0.013428464531898499
2921	0.01101116742938757
2922	0.008917032741010189
2923	0.01043747365474701
2924	0.01047137938439846
2925	0.010648783296346664
2926	0.008857960812747478
2927	0.009141163900494576
2928	0.011776302941143513
2929	0.009009838104248047
2930	0.011917447671294212
2931	0.015228897333145142
2932	0.016030287370085716
2933	0.015921656042337418
2934	0.013822115026414394
2935	0.014737221412360668
2936	0.011242583394050598
2937	0.014811269007623196
2938	0.014757312834262848
2939	0.01777644082903862
2940	0.015273530967533588
2941	0.017024744302034378
2942	0.012402757070958614
2943	0.010721028782427311
2944	0.00963782798498869
2945	0.012515084818005562
2946	0.017769718542695045
2947	0.011524705216288567
2948	0.01092770416289568
2949	0.011380748823285103
2950	0.011546199209988117
2951	0.009485329501330853
2952	0.012260283343493938
2953	0.022009745240211487
2954	0.012249958701431751
2955	0.01560402661561966
2956	0.0189218707382679
2957	0.01385989785194397
2958	0.014053775928914547
2959	0.01611168496310711
2960	0.014653722755610943
2961	0.01664247177541256
2962	0.017333853989839554
2963	0.017462095245718956
2964	0.016390791162848473
2965	0.04743742197751999
2966	0.025707369670271873
2967	0.025057563558220863
2968	0.023539535701274872
2969	0.03819968178868294
2970	0.024778276681900024
2971	0.022497400641441345
2972	0.01805112138390541
2973	0.021755078807473183
2974	0.02865123748779297
2975	0.017707958817481995
2976	0.0277105662971735
2977	0.016440317034721375
2978	0.02078958787024021
2979	0.025753259658813477
2980	0.049742065370082855
2981	0.02209216170012951
2982	0.028054742142558098
2983	0.029167383909225464
2984	0.04723124951124191
2985	0.030662918463349342
2986	0.02810383401811123
2987	0.017070012167096138
2988	0.010191717185080051
2989	0.008287422358989716
2990	0.006911125965416431
2991	0.013878889381885529
2992	0.011438513174653053
2993	0.009305103681981564
2994	0.009936580434441566
2995	0.009777477942407131
2996	0.007266112603247166
2997	0.012929538264870644
2998	0.012509136460721493
2999	0.007876350544393063
3000	0.007791447918862104
3001	0.007889929227530956
3002	0.010412110947072506
3003	0.009286017157137394
3004	0.008426136337220669
3005	0.008634830825030804
3006	0.01049196720123291
3007	0.010870548896491528
3008	0.009827069006860256
3009	0.009787434712052345
3010	0.011382588185369968
3011	0.012279996648430824
3012	0.013746482320129871
3013	0.010397041216492653
3014	0.010955030098557472
3015	0.013621610589325428
3016	0.013913045637309551
3017	0.011643685400485992
3018	0.011636798270046711
3019	0.0107337087392807
3020	0.013364824466407299
3021	0.012711748480796814
3022	0.011827709153294563
3023	0.012172844260931015
3024	0.013030958361923695
3025	0.013733560219407082
3026	0.01362206693738699
3027	0.012826509773731232
3028	0.013496494852006435
3029	0.011098118498921394
3030	0.01248490996658802
3031	0.01551789976656437
3032	0.015090790577232838
3033	0.010228656232357025
3034	0.012708598747849464
3035	0.009815448895096779
3036	0.011460240930318832
3037	0.011831610463559628
3038	0.014130473136901855
3039	0.020301684737205505
3040	0.013455279171466827
3041	0.01540099736303091
3042	0.014367989264428616
3043	0.015148448757827282
3044	0.014230060391128063
3045	0.013694250956177711
3046	0.01368456520140171
3047	0.011604176834225655
3048	0.012573398649692535
3049	0.01263707596808672
3050	0.010630398988723755
3051	0.01096879132091999
3052	0.010731428861618042
3053	0.015693962574005127
3054	0.012911826372146606
3055	0.011152630671858788
3056	0.01167824026197195
3057	0.010014689527451992
3058	0.011717489920556545
3059	0.009228870272636414
3060	0.010953405871987343
3061	0.012093129567801952
3062	0.009039061143994331
3063	0.012477421201765537
3064	0.011037326417863369
3065	0.01142364926636219
3066	0.009731709957122803
3067	0.011488947086036205
3068	0.009941291995346546
3069	0.01017464604228735
3070	0.010453945957124233
3071	0.010048053227365017
3072	0.008277134969830513
3073	0.009949542582035065
3074	0.010766075924038887
3075	0.009972462430596352
3076	0.008847025223076344
3077	0.008304874412715435
3078	0.00785807240754366
3079	0.010000518523156643
3080	0.00981053989380598
3081	0.009099134244024754
3082	0.010501301847398281
3083	0.01178626250475645
3084	0.012469127774238586
3085	0.010308761149644852
3086	0.011617151089012623
3087	0.009299474768340588
3088	0.013391830027103424
3089	0.010688147507607937
3090	0.011548178270459175
3091	0.012281655333936214
3092	0.010764116421341896
3093	0.0133220748975873
3094	0.014138931408524513
3095	0.010273854248225689
3096	0.012054977007210255
3097	0.007823134772479534
3098	0.010489563457667828
3099	0.010351644828915596
3100	0.012863494455814362
3101	0.013921022415161133
3102	0.009507826529443264
3103	0.009559251368045807
3104	0.008722521364688873
3105	0.005570057313889265
3106	0.009911182336509228
3107	0.009873648174107075
3108	0.010058417916297913
3109	0.010730993002653122
3110	0.0071831378154456615
3111	0.008347991853952408
3112	0.01451614499092102
3113	0.008617003448307514
3114	0.009458670392632484
3115	0.00872892141342163
3116	0.009804087691009045
3117	0.01018840167671442
3118	0.010343442671000957
3119	0.009952385909855366
3120	0.0091998977586627
3121	0.008184336125850677
3122	0.009488577954471111
3123	0.00866182055324316
3124	0.007993519306182861
3125	0.006087025161832571
3126	0.007803208660334349
3127	0.008539281785488129
3128	0.010593905113637447
3129	0.011743630282580853
3130	0.010534211993217468
3131	0.010787579230964184
3132	0.011384804733097553
3133	0.011421884410083294
3134	0.009833994321525097
3135	0.013009733520448208
3136	0.008796791546046734
3137	0.011155975051224232
3138	0.009965751320123672
3139	0.010112504474818707
3140	0.010593348182737827
3141	0.010561082512140274
3142	0.011893312446773052
3143	0.011736874468624592
3144	0.009370645508170128
3145	0.012881713919341564
3146	0.010402451269328594
3147	0.012612690217792988
3148	0.011085349135100842
3149	0.008482597768306732
3150	0.009905999526381493
3151	0.009943737648427486
3152	0.010575204156339169
3153	0.007754623889923096
3154	0.010519750416278839
3155	0.010562526993453503
3156	0.009762921370565891
3157	0.009396115317940712
3158	0.010413090698421001
3159	0.010566653683781624
3160	0.012427101843059063
3161	0.008573219180107117
3162	0.01055519375950098
3163	0.008311091922223568
3164	0.008704154752194881
3165	0.012933100573718548
3166	0.012197848409414291
3167	0.010371546261012554
3168	0.012310809455811977
3169	0.009868578985333443
3170	0.011750618927180767
3171	0.010286238975822926
3172	0.011382859200239182
3173	0.010071846656501293
3174	0.010838210582733154
3175	0.010202217847108841
3176	0.01069238968193531
3177	0.008593625389039516
3178	0.010810821317136288
3179	0.01328322570770979
3180	0.010679083876311779
3181	0.012074142694473267
3182	0.009352891705930233
3183	0.010137371718883514
3184	0.00998641736805439
3185	0.012452553026378155
3186	0.009118163958191872
3187	0.008860182017087936
3188	0.013520334847271442
3189	0.009252840653061867
3190	0.011402584612369537
3191	0.011203832924365997
3192	0.007609454449266195
3193	0.015473476611077785
3194	0.016700804233551025
3195	0.011576761491596699
3196	0.008046455681324005
3197	0.007695406209677458
3198	0.006639441940933466
3199	0.013092934153974056
3200	0.009808137081563473
3201	0.006564415991306305
3202	0.009592607617378235
3203	0.010090760886669159
3204	0.012779012322425842
3205	0.011659083887934685
3206	0.015923503786325455
3207	0.010038438253104687
3208	0.009725742973387241
3209	0.012523307465016842
3210	0.013060415163636208
3211	0.01519361324608326
3212	0.014355897903442383
3213	0.010512073524296284
3214	0.01049220934510231
3215	0.01023049745708704
3216	0.013167505152523518
3217	0.009450362995266914
3218	0.012399724684655666
3219	0.010008535347878933
3220	0.009753745049238205
3221	0.008537602610886097
3222	0.009435894899070263
3223	0.01003242190927267
3224	0.010274704545736313
3225	0.011015444993972778
3226	0.010477534495294094
3227	0.012121724896132946
3228	0.012036723084747791
3229	0.010062395595014095
3230	0.010175056755542755
3231	0.011482407338917255
3232	0.010886340402066708
3233	0.009189854376018047
3234	0.010454817675054073
3235	0.010123499669134617
3236	0.01167336106300354
3237	0.01095652487128973
3238	0.012560236267745495
3239	0.010526144877076149
3240	0.010922098532319069
3241	0.009378951974213123
3242	0.009329571388661861
3243	0.009018118493258953
3244	0.010842214338481426
3245	0.010993683710694313
3246	0.010869459249079227
3247	0.010552119463682175
3248	0.011715609580278397
3249	0.008527654223144054
3250	0.007727433927357197
3251	0.009362366981804371
3252	0.008454590104520321
3253	0.010821242816746235
3254	0.011798170395195484
3255	0.010290607810020447
3256	0.01018032431602478
3257	0.007998284883797169
3258	0.010003657080233097
3259	0.011760487221181393
3260	0.008710669353604317
3261	0.010057482868432999
3262	0.010981460101902485
3263	0.010641016997396946
3264	0.011364618316292763
3265	0.010337265208363533
3266	0.008735700510442257
3267	0.010738491080701351
3268	0.013257157988846302
3269	0.010383227840065956
3270	0.008074072189629078
3271	0.007711018901318312
3272	0.008058728650212288
3273	0.012461229227483273
3274	0.009771370328962803
3275	0.01214976143091917
3276	0.009226051159203053
3277	0.006642764899879694
3278	0.010065324604511261
3279	0.008151625283062458
3280	0.009882894344627857
3281	0.005970824975520372
3282	0.00657997140660882
3283	0.009624980390071869
3284	0.005991344340145588
3285	0.009084885939955711
3286	0.006073848344385624
3287	0.004536645486950874
3288	0.008880662731826305
3289	0.009042683057487011
3290	0.008833836764097214
3291	0.00960166659206152
3292	0.010296708904206753
3293	0.008511780761182308
3294	0.008966545574367046
3295	0.010397220030426979
3296	0.007787436246871948
3297	0.007952891290187836
3298	0.007285840343683958
3299	0.008006627671420574
3300	0.006048527546226978
3301	0.006127206142991781
3302	0.00884232297539711
3303	0.012349151074886322
3304	0.011069784872233868
3305	0.008837137371301651
3306	0.00984899327158928
3307	0.01050224807113409
3308	0.009378393180668354
3309	0.008925742469727993
3310	0.00906274002045393
3311	0.010811190120875835
3312	0.011427849531173706
3313	0.009044676087796688
3314	0.008022424764931202
3315	0.0075235008262097836
3316	0.006607558112591505
3317	0.006498187780380249
3318	0.008044148795306683
3319	0.009348265826702118
3320	0.007977226749062538
3321	0.009095300920307636
3322	0.011258967220783234
3323	0.012147548608481884
3324	0.010547242127358913
3325	0.007435740437358618
3326	0.008350778371095657
3327	0.007489019073545933
3328	0.013590146787464619
3329	0.013634547591209412
3330	0.010818027891218662
3331	0.012509546242654324
3332	0.015704352408647537
3333	0.015395249240100384
3334	0.012798674404621124
3335	0.011707641184329987
3336	0.009805544279515743
3337	0.010426664724946022
3338	0.008732101880013943
3339	0.010157207027077675
3340	0.010401971638202667
3341	0.011559817008674145
3342	0.011581666767597198
3343	0.014505422674119473
3344	0.011318307369947433
3345	0.009597728960216045
3346	0.012358601205050945
3347	0.012345264665782452
3348	0.011448554694652557
3349	0.013199006207287312
3350	0.013864449225366116
3351	0.016458123922348022
3352	0.012733018957078457
3353	0.01293609943240881
3354	0.012721034698188305
3355	0.01152050867676735
3356	0.010741876438260078
3357	0.011429872363805771
3358	0.011643143370747566
3359	0.013133833184838295
3360	0.012647159397602081
3361	0.013947083614766598
3362	0.010135416872799397
3363	0.010285843163728714
3364	0.008857916109263897
3365	0.010270443744957447
3366	0.01033872365951538
3367	0.011736812070012093
3368	0.017334576696157455
3369	0.014592832885682583
3370	0.010542144067585468
3371	0.013266796246170998
3372	0.008942384272813797
3373	0.011710635386407375
3374	0.01157811377197504
3375	0.010620614513754845
3376	0.009220748208463192
3377	0.009744323790073395
3378	0.010758103802800179
3379	0.013472415506839752
3380	0.015838155522942543
3381	0.012705805711448193
3382	0.01477768737822771
3383	0.016432657837867737
3384	0.017334213480353355
3385	0.015886051580309868
3386	0.014101243577897549
3387	0.010583048686385155
3388	0.009555858559906483
3389	0.01054111123085022
3390	0.014490160159766674
3391	0.011599626392126083
3392	0.011485353112220764
3393	0.012360752560198307
3394	0.013673719950020313
3395	0.012981477193534374
3396	0.011560367420315742
3397	0.0118511151522398
3398	0.013514521531760693
3399	0.012172472663223743
3400	0.013417422771453857
3401	0.011877217330038548
3402	0.009590511210262775
3403	0.010684373788535595
3404	0.010231287218630314
3405	0.009174364618957043
3406	0.009941184893250465
3407	0.00872147735208273
3408	0.009422103874385357
3409	0.00852145068347454
3410	0.008425726555287838
3411	0.00789964385330677
3412	0.006075009703636169
3413	0.009792831726372242
3414	0.010375223122537136
3415	0.008467831648886204
3416	0.010329961776733398
3417	0.012259704060852528
3418	0.008093349635601044
3419	0.011910851113498211
3420	0.008836223743855953
3421	0.01146716345101595
3422	0.012015312910079956
3423	0.00846750196069479
3424	0.008687982335686684
3425	0.010631049051880836
3426	0.008883784525096416
3427	0.008776544593274593
3428	0.010559855960309505
3429	0.013772213831543922
3430	0.010472132824361324
3431	0.010017392225563526
3432	0.01072597224265337
3433	0.008420771919190884
3434	0.008429020643234253
3435	0.008936118334531784
3436	0.008669636212289333
3437	0.00881687831133604
3438	0.008524333126842976
3439	0.008606321178376675
3440	0.008859618566930294
3441	0.009739475324749947
3442	0.009237444959580898
3443	0.010413884185254574
3444	0.009610820561647415
3445	0.00850504357367754
3446	0.009334414266049862
3447	0.010289243422448635
3448	0.008199802599847317
3449	0.007655661087483168
3450	0.009390722028911114
3451	0.00878144707530737
3452	0.009771306999027729
3453	0.009959938935935497
3454	0.010564349591732025
3455	0.009902307763695717
3456	0.011838354170322418
3457	0.01174492109566927
3458	0.011100410483777523
3459	0.010392297059297562
3460	0.010121208615601063
3461	0.009426613338291645
3462	0.009934582747519016
3463	0.009030863642692566
3464	0.011596058495342731
3465	0.008465475402772427
3466	0.010706181637942791
3467	0.012011068873107433
3468	0.012133925221860409
3469	0.010162079706788063
3470	0.009712263010442257
3471	0.008950438350439072
3472	0.010234973393380642
3473	0.008343880996108055
3474	0.010670440271496773
3475	0.010822887532413006
3476	0.009977901354432106
3477	0.01019528042525053
3478	0.008803831413388252
3479	0.008808213286101818
3480	0.008893363177776337
3481	0.009554445743560791
3482	0.008674070239067078
3483	0.00928595568984747
3484	0.010693266056478024
3485	0.009507512673735619
3486	0.009256627410650253
3487	0.010222487151622772
3488	0.011193163692951202
3489	0.008586268872022629
3490	0.011225408874452114
3491	0.011104412376880646
3492	0.010977975092828274
3493	0.010466058738529682
3494	0.009718332439661026
3495	0.009520009160041809
3496	0.010268189944326878
3497	0.011404894292354584
3498	0.010188864544034004
3499	0.011662572622299194
3500	0.010051775723695755
3501	0.010621177032589912
3502	0.010064201429486275
3503	0.010821307078003883
3504	0.008906254544854164
3505	0.009621096774935722
3506	0.012103545479476452
3507	0.00979673583060503
3508	0.011210392229259014
3509	0.009752480313181877
3510	0.006892555393278599
3511	0.007884298451244831
3512	0.008766409941017628
3513	0.010661371052265167
3514	0.01398739218711853
3515	0.010738304816186428
3516	0.012407130561769009
3517	0.01109439879655838
3518	0.012723048217594624
3519	0.012150805443525314
3520	0.011636230163276196
3521	0.010162060149013996
3522	0.010825595818459988
3523	0.010943024419248104
3524	0.010210025124251842
3525	0.011010299436748028
3526	0.009565246291458607
3527	0.007588049862533808
3528	0.007356697227805853
3529	0.00823153555393219
3530	0.009100453928112984
3531	0.007478002458810806
3532	0.008887101896107197
3533	0.008628204464912415
3534	0.008611656725406647
3535	0.008705919608473778
3536	0.00797339715063572
3537	0.00986513216048479
3538	0.008536486886441708
3539	0.00851559080183506
3540	0.00903977919369936
3541	0.007862946949899197
3542	0.007828595116734505
3543	0.009840375743806362
3544	0.009970846585929394
3545	0.007568975444883108
3546	0.008131210692226887
3547	0.008054494857788086
3548	0.00869088526815176
3549	0.008132132701575756
3550	0.008212613873183727
3551	0.00879616942256689
3552	0.008379818871617317
3553	0.008363085798919201
3554	0.009278143756091595
3555	0.009440109133720398
3556	0.008652626536786556
3557	0.008201377466320992
3558	0.009972617961466312
3559	0.008737700991332531
3560	0.008289276622235775
3561	0.00726892426609993
3562	0.008397787809371948
3563	0.008396130055189133
3564	0.010889568366110325
3565	0.008229203522205353
3566	0.009293767623603344
3567	0.008489713072776794
3568	0.010153678245842457
3569	0.007126174867153168
3570	0.010871082544326782
3571	0.009187223389744759
3572	0.009036749601364136
3573	0.009126855991780758
3574	0.007941339164972305
3575	0.008614572696387768
3576	0.0069936239160597324
3577	0.007417245302349329
3578	0.009007385931909084
3579	0.009148978628218174
3580	0.009169926866889
3581	0.010004783980548382
3582	0.008856442756950855
3583	0.009225386194884777
3584	0.010353343561291695
3585	0.008185211569070816
3586	0.008343989960849285
3587	0.007985479198396206
3588	0.008715248666703701
3589	0.0089724725112319
3590	0.008982514962553978
3591	0.010366911068558693
3592	0.01157438661903143
3593	0.012138410471379757
3594	0.008430413901805878
3595	0.010526657104492188
3596	0.011512037366628647
3597	0.00962975062429905
3598	0.00867494661360979
3599	0.00738468999043107
3600	0.005866223014891148
3601	0.006010794080793858
3602	0.009964304976165295
3603	0.012359348125755787
3604	0.007232215255498886
3605	0.009495456703007221
3606	0.009277339093387127
3607	0.008769795298576355
3608	0.006598062813282013
3609	0.008184758014976978
3610	0.00642350921407342
3611	0.007635301444679499
3612	0.007141858339309692
3613	0.008431587368249893
3614	0.010702431201934814
3615	0.0069981846027076244
3616	0.00845392607152462
3617	0.0060728490352630615
3618	0.0064994595013558865
3619	0.00832401867955923
3620	0.012017880566418171
3621	0.012360221706330776
3622	0.015487710945308208
3623	0.010609800927340984
3624	0.008801095187664032
3625	0.007045637350529432
3626	0.008716323412954807
3627	0.008843726478517056
3628	0.007015250623226166
3629	0.009761141613125801
3630	0.011531819589436054
3631	0.011734599247574806
3632	0.010482638143002987
3633	0.009703214280307293
3634	0.010433427058160305
3635	0.010145858861505985
3636	0.012876692228019238
3637	0.011764150112867355
3638	0.014177791774272919
3639	0.011625418439507484
3640	0.011425268836319447
3641	0.011517271399497986
3642	0.012461927719414234
3643	0.011687497608363628
3644	0.012903883121907711
3645	0.011685162782669067
3646	0.011011110618710518
3647	0.011716155335307121
3648	0.01063209306448698
3649	0.009683044627308846
3650	0.019200298935174942
3651	0.01116033922880888
3652	0.011973562650382519
3653	0.016141362488269806
3654	0.010141453705728054
3655	0.013033576309680939
3656	0.012350892648100853
3657	0.011422382667660713
3658	0.008305397816002369
3659	0.013613349758088589
3660	0.012592138722538948
3661	0.011986017227172852
3662	0.01245168037712574
3663	0.011699131689965725
3664	0.009834942407906055
3665	0.009892786853015423
3666	0.009464295580983162
3667	0.010234418325126171
3668	0.01011067908257246
3669	0.012085317634046078
3670	0.01205593254417181
3671	0.00871270801872015
3672	0.009595148265361786
3673	0.008993864990770817
3674	0.012432612478733063
3675	0.011141120456159115
3676	0.009361912496387959
3677	0.012175307609140873
3678	0.013475810177624226
3679	0.012429960072040558
3680	0.009634407237172127
3681	0.007820948027074337
3682	0.012179718352854252
3683	0.011087474413216114
3684	0.013062422163784504
3685	0.01169049646705389
3686	0.012983768247067928
3687	0.013324153609573841
3688	0.018917983397841454
3689	0.012379137799143791
3690	0.013076958246529102
3691	0.011815509758889675
3692	0.012595239095389843
3693	0.01009135041385889
3694	0.011899756267666817
3695	0.011368329636752605
3696	0.00897088460624218
3697	0.010053398087620735
3698	0.010012449696660042
3699	0.010184703394770622
3700	0.012814936228096485
3701	0.010384131222963333
3702	0.014212335459887981
3703	0.013987240381538868
3704	0.011264090426266193
3705	0.0139820147305727
3706	0.011820261366665363
3707	0.011758287437260151
3708	0.01242100540548563
3709	0.012442323379218578
3710	0.012452216818928719
3711	0.012642859481275082
3712	0.016828572377562523
3713	0.011715072207152843
3714	0.012499299831688404
3715	0.013122267089784145
3716	0.012292653322219849
3717	0.012944668531417847
3718	0.013821027241647243
3719	0.013756069354712963
3720	0.01115161832422018
3721	0.01158562209457159
3722	0.010252541862428188
3723	0.009912975132465363
3724	0.012416043318808079
3725	0.008475069887936115
3726	0.010968990623950958
3727	0.009078371338546276
3728	0.0100487619638443
3729	0.008965104818344116
3730	0.011908146552741528
3731	0.00886786263436079
3732	0.008097484707832336
3733	0.007016276009380817
3734	0.009623678401112556
3735	0.010374754667282104
3736	0.01014653965830803
3737	0.011644943617284298
3738	0.011125382967293262
3739	0.014309301041066647
3740	0.013966388069093227
3741	0.012416011653840542
3742	0.009696727618575096
3743	0.010678588412702084
3744	0.010499886237084866
3745	0.010469943284988403
3746	0.011714511550962925
3747	0.011292976327240467
3748	0.00853777676820755
3749	0.009937822818756104
3750	0.010445387102663517
3751	0.008777785114943981
3752	0.011127137579023838
3753	0.010169289074838161
3754	0.010582526214420795
3755	0.01165482122451067
3756	0.005743644665926695
3757	0.008684019558131695
3758	0.009794078767299652
3759	0.00933945830911398
3760	0.01096916850656271
3761	0.008905870839953423
3762	0.005539625883102417
3763	0.009113172069191933
3764	0.01091769803315401
3765	0.006624686997383833
3766	0.008767831139266491
3767	0.009944960474967957
3768	0.00987959560006857
3769	0.012174471281468868
3770	0.009860282763838768
3771	0.010288662277162075
3772	0.013297127559781075
3773	0.009065131656825542
3774	0.007440607529133558
3775	0.007845412008464336
3776	0.009187211282551289
3777	0.007273595780134201
3778	0.00713780103251338
3779	0.009458670392632484
3780	0.010162312537431717
3781	0.010397739708423615
3782	0.013352877460420132
3783	0.010568573139607906
3784	0.013200350105762482
3785	0.012725076638162136
3786	0.012918256223201752
3787	0.012922045774757862
3788	0.013704058714210987
3789	0.010674796998500824
3790	0.009774822741746902
3791	0.01395596843212843
3792	0.01174226589500904
3793	0.01141090877354145
3794	0.01298039872199297
3795	0.013520761393010616
3796	0.01278398372232914
3797	0.013875745236873627
3798	0.013460519723594189
3799	0.012197613716125488
3800	0.010807568207383156
3801	0.01350268442183733
3802	0.013540709391236305
3803	0.013198966160416603
3804	0.014297882094979286
3805	0.011843345127999783
3806	0.014747477136552334
3807	0.013556862249970436
3808	0.012176388874650002
3809	0.013895193114876747
3810	0.011563320644199848
3811	0.010281560011208057
3812	0.013895148411393166
3813	0.012124272994697094
3814	0.010323775932192802
3815	0.008047614246606827
3816	0.012552564032375813
3817	0.010466599836945534
3818	0.011949080042541027
3819	0.010401919484138489
3820	0.010761464014649391
3821	0.011435175314545631
3822	0.012897348962724209
3823	0.009481387212872505
3824	0.010146594606339931
3825	0.00964414980262518
3826	0.009990635327994823
3827	0.008772388100624084
3828	0.011157496832311153
3829	0.010310954414308071
3830	0.011499403044581413
3831	0.01360795646905899
3832	0.009616794995963573
3833	0.011961184442043304
3834	0.011358571238815784
3835	0.011200975626707077
3836	0.011182300746440887
3837	0.01003004889935255
3838	0.010139407590031624
3839	0.011896231211721897
3840	0.010446593165397644
3841	0.011186866089701653
3842	0.0117035498842597
3843	0.010776768438518047
3844	0.010562170296907425
3845	0.010872268117964268
3846	0.01042836345732212
3847	0.008595597930252552
3848	0.011163070797920227
3849	0.013027709908783436
3850	0.013193735852837563
3851	0.015850817784667015
3852	0.013950588181614876
3853	0.013409729115664959
3854	0.011059469543397427
3855	0.011454494670033455
3856	0.013550783507525921
3857	0.011494966223835945
3858	0.01212225016206503
3859	0.011120100505650043
3860	0.01045768242329359
3861	0.01598505489528179
3862	0.011779086664319038
3863	0.012946595437824726
3864	0.011701379902660847
3865	0.012021993286907673
3866	0.011942851357161999
3867	0.011468129232525826
3868	0.013308444991707802
3869	0.01447977777570486
3870	0.015043561346828938
3871	0.012070777826011181
3872	0.015622749924659729
3873	0.01415890734642744
3874	0.016399208456277847
3875	0.011753219179809093
3876	0.014819848351180553
3877	0.017228050157427788
3878	0.012294854037463665
3879	0.013233150355517864
3880	0.013298659585416317
3881	0.012167026288807392
3882	0.011053678579628468
3883	0.012188098393380642
3884	0.01209376472979784
3885	0.011543392203748226
3886	0.011432345025241375
3887	0.012151911854743958
3888	0.008753949776291847
3889	0.009602697566151619
3890	0.010739033110439777
3891	0.009897691197693348
3892	0.011751983314752579
3893	0.01188100315630436
3894	0.01051389891654253
3895	0.010923442430794239
3896	0.009811509400606155
3897	0.010316647589206696
3898	0.014093673788011074
3899	0.013253745622932911
3900	0.014126206748187542
3901	0.015112980268895626
3902	0.01285099983215332
3903	0.01851736567914486
3904	0.013768613338470459
3905	0.013352401554584503
3906	0.009575800970196724
3907	0.012028674595057964
3908	0.013603651896119118
3909	0.009654867462813854
3910	0.015782630071043968
3911	0.013925725594162941
3912	0.01377683412283659
3913	0.012800770811736584
3914	0.011708252131938934
3915	0.013538657687604427
3916	0.012069975025951862
3917	0.00933737214654684
3918	0.00996703002601862
3919	0.013748672790825367
3920	0.011033542454242706
3921	0.012996274046599865
3922	0.012960781343281269
3923	0.011372893117368221
3924	0.015880927443504333
3925	0.015885179862380028
3926	0.013953561894595623
3927	0.014477254822850227
3928	0.013550852425396442
3929	0.01084906142205
3930	0.01472634356468916
3931	0.010514852590858936
3932	0.012308190576732159
3933	0.013591134920716286
3934	0.015537871979176998
3935	0.01681380905210972
3936	0.009624900296330452
3937	0.015730230137705803
3938	0.023825231939554214
3939	0.029119277372956276
3940	0.03051874041557312
3941	0.03270867094397545
3942	0.027382194995880127
3943	0.1080668717622757
3944	0.05130516365170479
3945	0.07507172971963882
3946	0.08372947573661804
3947	0.10636430978775024
3948	0.06438344717025757
3949	0.08909270167350769
3950	0.047646429389715195
3951	0.030601132661104202
3952	0.06619098037481308
3953	0.03736952692270279
3954	0.023581549525260925
3955	0.03470104560256004
3956	0.01616601087152958
3957	0.019959617406129837
3958	0.020091986283659935
3959	0.025858020409941673
3960	0.0336444228887558
3961	0.019504781812429428
3962	0.013948488049209118
3963	0.016269363462924957
3964	0.022044071927666664
3965	0.020420929417014122
3966	0.016573278233408928
3967	0.012931670062243938
3968	0.018511498346924782
3969	0.015287703834474087
3970	0.011066244915127754
3971	0.012438262812793255
3972	0.016024310141801834
3973	0.012851252220571041
3974	0.020799417048692703
3975	0.01629818044602871
3976	0.010174836032092571
3977	0.011015248484909534
3978	0.010883408598601818
3979	0.011045045219361782
3980	0.014707821421325207
3981	0.018680408596992493
3982	0.01797458343207836
3983	0.0296137984842062
3984	0.02267637476325035
3985	0.023386022076010704
3986	0.05728844925761223
3987	0.04302224516868591
3988	0.041528262197971344
3989	0.05177049711346626
3990	0.0411340668797493
3991	0.037790607661008835
3992	0.033490873873233795
3993	0.034586403518915176
3994	0.06259018182754517
3995	0.05469253286719322
3996	0.015708742663264275
3997	0.011462665162980556
3998	0.012183892540633678
3999	0.011202839203178883
4000	0.008733156137168407
4001	0.006804428994655609
4002	0.008417039178311825
4003	0.012912482023239136
4004	0.011267808265984058
4005	0.00827279407531023
4006	0.009118695743381977
4007	0.009845416061580181
4008	0.011311553418636322
4009	0.01154410745948553
4010	0.009709873236715794
4011	0.011258394457399845
4012	0.010998896323144436
4013	0.013474573381245136
4014	0.008348502218723297
4015	0.0084156459197402
4016	0.007744900416582823
4017	0.009174141101539135
4018	0.008723636157810688
4019	0.008321721106767654
4020	0.008024118840694427
4021	0.006764216814190149
4022	0.0065365806221961975
4023	0.006679635029286146
4024	0.006151437759399414
4025	0.00567087484523654
4026	0.006745458580553532
4027	0.005800776649266481
4028	0.007084199693053961
4029	0.005907043348997831
4030	0.005418957211077213
4031	0.00638353219255805
4032	0.007131786085665226
4033	0.0066586509346961975
4034	0.007777482271194458
4035	0.006288636010140181
4036	0.004746334161609411
4037	0.008927926421165466
4038	0.006396058946847916
4039	0.006123867817223072
4040	0.005169606301933527
4041	0.006740106735378504
4042	0.006549380719661713
4043	0.006660208106040955
4044	0.006209244020283222
4045	0.007372371852397919
4046	0.005518738180398941
4047	0.0047065201215445995
4048	0.004796213936060667
4049	0.006566622294485569
4050	0.005637818481773138
4051	0.006398812867701054
4052	0.006601251661777496
4053	0.005341731011867523
4054	0.005443377885967493
4055	0.00647503137588501
4056	0.006461310666054487
4057	0.006331325974315405
4058	0.005419168621301651
4059	0.006215686444193125
4060	0.006511577405035496
4061	0.005732494406402111
4062	0.006332486867904663
4063	0.00591841759160161
4064	0.006523543503135443
4065	0.008063866756856441
4066	0.00720382621511817
4067	0.006029005628079176
4068	0.00758159626275301
4069	0.007908408530056477
4070	0.006616619415581226
4071	0.007743908558040857
4072	0.007790875621140003
4073	0.0074593685567379
4074	0.006177804432809353
4075	0.008438186720013618
4076	0.008240804076194763
4077	0.008005405776202679
4078	0.007660977076739073
4079	0.006191458087414503
4080	0.0067411684431135654
4081	0.005420852452516556
4082	0.005412466824054718
4083	0.007928415201604366
4084	0.007573648821562529
4085	0.008095861412584782
4086	0.006740046199411154
4087	0.007817200385034084
4088	0.0076260338537395
4089	0.006808803882449865
4090	0.0067208497785031796
4091	0.004635489080101252
4092	0.00437519047409296
4093	0.0038144101854413748
4094	0.004297671373933554
4095	0.003774744225665927
4096	0.0036383543629199266
4097	0.004393259063363075
4098	0.004221197217702866
4099	0.00414663553237915
4100	0.004368618596345186
4101	0.004089418798685074
4102	0.004152595531195402
4103	0.003918355330824852
4104	0.005069502629339695
4105	0.005258063320070505
4106	0.005573642905801535
4107	0.003725368296727538
4108	0.00510783726349473
4109	0.00542426249012351
4110	0.005602098535746336
4111	0.01058220025151968
4112	0.010095230303704739
4113	0.010357620194554329
4114	0.009003467857837677
4115	0.0061636692844331264
4116	0.005268989596515894
4117	0.004740528296679258
4118	0.005628316197544336
4119	0.0069561670534312725
4120	0.005943608935922384
4121	0.0061948769725859165
4122	0.008267599157989025
4123	0.015514746308326721
4124	0.09439435601234436
4125	0.23908019065856934
4126	0.5543181300163269
4127	0.20879001915454865
4128	0.5168261528015137
4129	0.13121628761291504
4130	0.045764900743961334
4131	0.028825556859374046
4132	0.034707892686128616
4133	0.02672523260116577
4134	0.0406731478869915
4135	0.05010966211557388
4136	0.08161185681819916
4137	0.07907504588365555
4138	0.08401366323232651
4139	0.045466918498277664
4140	0.09319017082452774
4141	0.1568092405796051
4142	0.4111475944519043
4143	0.09653367847204208
4144	0.06758231669664383
4145	0.1782611757516861
4146	0.20228266716003418
4147	0.23435978591442108
4148	0.4397900104522705
4149	0.5375229716300964
4150	0.5657315254211426
4151	0.47889280319213867
4152	0.3703458309173584
4153	0.7259556651115417
4154	0.7916262745857239
4155	0.6515044569969177
4156	0.8042261004447937
4157	0.1976851224899292
4158	0.6451883912086487
4159	0.46223506331443787
4160	0.7112118005752563
4161	0.7348107099533081
4162	0.8614471554756165
4163	0.8494550585746765
4164	0.8591298460960388
4165	0.7964510917663574
4166	0.7845752835273743
4167	0.8429567217826843
4168	0.6747353076934814
4169	0.8183499574661255
4170	0.864270806312561
4171	0.823651134967804
4172	0.8240265846252441
4173	0.7098321318626404
4174	0.740949809551239
4175	0.6604499220848083
4176	0.827910840511322
4177	0.8494970202445984
4178	0.9141308069229126
4179	0.8717853426933289
4180	0.8600301742553711
4181	0.8627002835273743
4182	0.864203155040741
4183	0.7386950850486755
4184	0.766033947467804
4185	0.7984273433685303
4186	0.6940714716911316
4187	0.7535187005996704
4188	0.6669463515281677
4189	0.808602511882782
4190	0.750325083732605
4191	0.6103941798210144
4192	0.6483628153800964
4193	0.08087356388568878
4194	0.029190007597208023
4195	0.009851100854575634
4196	0.006681706290692091
4197	0.00744900107383728
4198	0.007175933104008436
4199	0.006397604942321777
4200	0.006582548376172781
4201	0.009400133974850178
4202	0.005588321480900049
4203	0.0062180026434361935
4204	0.004316679667681456
4205	0.005597563460469246
4206	0.006096837110817432
4207	0.017239077016711235
4208	0.021020740270614624
4209	0.013448982499539852
4210	0.014764976687729359
4211	0.01101513858884573
4212	0.014691091142594814
4213	0.008541423827409744
4214	0.008751395158469677
4215	0.008868975564837456
4216	0.007387518882751465
4217	0.008226178586483002
4218	0.010523210279643536
4219	0.008906922303140163
4220	0.01011272519826889
4221	0.009398371912539005
4222	0.007970924489200115
4223	0.007504764944314957
4224	0.0075405254028737545
4225	0.008185616694390774
4226	0.007921501062810421
4227	0.006911662872880697
4228	0.008013169281184673
4229	0.00697350362315774
4230	0.008710295893251896
4231	0.00853491947054863
4232	0.00863785482943058
4233	0.008364646695554256
4234	0.007195144891738892
4235	0.008432038128376007
4236	0.009874886833131313
4237	0.008773579262197018
4238	0.008917084895074368
4239	0.010435396805405617
4240	0.008961682207882404
4241	0.010041016153991222
4242	0.011730129830539227
4243	0.01345056015998125
4244	0.015216425061225891
4245	0.013896827585995197
4246	0.011970499530434608
4247	0.013511940836906433
4248	0.012795872054994106
4249	0.010968796908855438
4250	0.013391752727329731
4251	0.012240349315106869
4252	0.018666690215468407
4253	0.014609105885028839
4254	0.015466478653252125
4255	0.012372398748993874
4256	0.017993086948990822
4257	0.010242764838039875
4258	0.0141445342451334
4259	0.016618629917502403
4260	0.014012697152793407
4261	0.011793822981417179
4262	0.012646186165511608
4263	0.014340855181217194
4264	0.009814292192459106
4265	0.01044852938503027
4266	0.008575445972383022
4267	0.009676391258835793
4268	0.007307565305382013
4269	0.00977593194693327
4270	0.008681260049343109
4271	0.007161808665841818
4272	0.012979182414710522
4273	0.016711926087737083
4274	0.009564962238073349
4275	0.010727517306804657
4276	0.008791076950728893
4277	0.00901817250996828
4278	0.009690108709037304
4279	0.010339649394154549
4280	0.008111412636935711
4281	0.009684915654361248
4282	0.01576886884868145
4283	0.012311925180256367
4284	0.011319674551486969
4285	0.008654087781906128
4286	0.007497990969568491
4287	0.008731232024729252
4288	0.008983905427157879
4289	0.007083244621753693
4290	0.007904686033725739
4291	0.010981433093547821
4292	0.01008275430649519
4293	0.011877092532813549
4294	0.010767670348286629
4295	0.011932010762393475
4296	0.009868262335658073
4297	0.010276570916175842
4298	0.008867096155881882
4299	0.009555131196975708
4300	0.011924012564122677
4301	0.007931013591587543
4302	0.009388545528054237
4303	0.009115319699048996
4304	0.009236372075974941
4305	0.009962446056306362
4306	0.011175188235938549
4307	0.010087204165756702
4308	0.013145595788955688
4309	0.012982127256691456
4310	0.00960657186806202
4311	0.010910461656749249
4312	0.008747960440814495
4313	0.009863743558526039
4314	0.010479656048119068
4315	0.011178293265402317
4316	0.00944526493549347
4317	0.008086507208645344
4318	0.010047529824078083
4319	0.011000699363648891
4320	0.01109143253415823
4321	0.012227273546159267
4322	0.012910361401736736
4323	0.010983683168888092
4324	0.008555546402931213
4325	0.007226037327200174
4326	0.008711333386600018
4327	0.008468790911138058
4328	0.009005175903439522
4329	0.00902825128287077
4330	0.010217969305813313
4331	0.010126928798854351
4332	0.01018629502505064
4333	0.00885616522282362
4334	0.008123012259602547
4335	0.008900562301278114
4336	0.01070729736238718
4337	0.009798786602914333
4338	0.008389619179069996
4339	0.008791406638920307
4340	0.00798176322132349
4341	0.012126017361879349
4342	0.009113937616348267
4343	0.007144379895180464
4344	0.009164754301309586
4345	0.010459564626216888
4346	0.012086386792361736
4347	0.00719269597902894
4348	0.007645194418728352
4349	0.010293113999068737
4350	0.010357735678553581
4351	0.009053995832800865
4352	0.012933227233588696
4353	0.01000923477113247
4354	0.008623744361102581
4355	0.008588254451751709
4356	0.00807359628379345
4357	0.007837079465389252
4358	0.00815605279058218
4359	0.010484430938959122
4360	0.012579831294715405
4361	0.011635209433734417
4362	0.01017529983073473
4363	0.009709945879876614
4364	0.0143437460064888
4365	0.011924944818019867
4366	0.012018928304314613
4367	0.012975714169442654
4368	0.011852939613163471
4369	0.010193794965744019
4370	0.008535213768482208
4371	0.009324558079242706
4372	0.012013646773993969
4373	0.009399614296853542
4374	0.011474331840872765
4375	0.016997454687952995
4376	0.011541644111275673
4377	0.010540449991822243
4378	0.011454693973064423
4379	0.011660042218863964
4380	0.015108018182218075
4381	0.01249238383024931
4382	0.011439095251262188
4383	0.00989178754389286
4384	0.011886228807270527
4385	0.010404198430478573
4386	0.01063621323555708
4387	0.010750929825007915
4388	0.01111696194857359
4389	0.012813008390367031
4390	0.013810587115585804
4391	0.013257050886750221
4392	0.012933596968650818
4393	0.01127653382718563
4394	0.012303593568503857
4395	0.012219001539051533
4396	0.00938260555267334
4397	0.012826422229409218
4398	0.009396640583872795
4399	0.010458282195031643
4400	0.009574946016073227
4401	0.013831225223839283
4402	0.009226662106812
4403	0.00742268655449152
4404	0.009658227674663067
4405	0.011225690133869648
4406	0.008702821098268032
4407	0.009899008087813854
4408	0.009962002746760845
4409	0.008405313827097416
4410	0.013364287093281746
4411	0.007781151682138443
4412	0.012662840075790882
4413	0.011945264413952827
4414	0.009718174114823341
4415	0.014287406578660011
4416	0.014118668623268604
4417	0.013853124342858791
4418	0.012651038356125355
4419	0.009851358830928802
4420	0.00963866338133812
4421	0.009958608075976372
4422	0.009849107824265957
4423	0.01028512790799141
4424	0.012389357201755047
4425	0.010468870401382446
4426	0.009944922290742397
4427	0.01152777299284935
4428	0.011888392269611359
4429	0.011674793437123299
4430	0.008288289420306683
4431	0.009531083516776562
4432	0.00837843306362629
4433	0.008451487869024277
4434	0.010553683154284954
4435	0.010089199058711529
4436	0.00812528096139431
4437	0.009782979264855385
4438	0.009363139979541302
4439	0.013081440702080727
4440	0.012669241987168789
4441	0.00864358339458704
4442	0.01018951740115881
4443	0.011304877698421478
4444	0.010203083045780659
4445	0.008335331454873085
4446	0.00862576998770237
4447	0.011030863039195538
4448	0.010158206336200237
4449	0.008756035938858986
4450	0.009977612644433975
4451	0.00952605064958334
4452	0.00839162152260542
4453	0.010867726989090443
4454	0.009522720240056515
4455	0.013558727689087391
4456	0.011203308589756489
4457	0.012008191086351871
4458	0.011969815008342266
4459	0.01132861990481615
4460	0.014517396688461304
4461	0.012404928915202618
4462	0.012328404001891613
4463	0.010746401734650135
4464	0.011292979121208191
4465	0.012405626475811005
4466	0.013539120554924011
4467	0.011476529762148857
4468	0.009846559725701809
4469	0.011928020976483822
4470	0.011779791675508022
4471	0.012081989087164402
4472	0.011219327338039875
4473	0.01290865521878004
4474	0.01166207529604435
4475	0.009731750003993511
4476	0.011672268621623516
4477	0.01191462017595768
4478	0.01127306092530489
4479	0.010936839506030083
4480	0.00897239614278078
4481	0.007912123575806618
4482	0.008500656113028526
4483	0.008478752337396145
4484	0.011091693304479122
4485	0.011841251514852047
4486	0.01200354564934969
4487	0.015013559721410275
4488	0.014243477955460548
4489	0.013837101869285107
4490	0.013391953893005848
4491	0.012318999506533146
4492	0.012917110696434975
4493	0.013086065649986267
4494	0.011683220975100994
4495	0.010103302076458931
4496	0.009670640341937542
4497	0.00920367706567049
4498	0.0086825555190444
4499	0.007770192809402943
4500	0.008495242334902287
4501	0.008022542111575603
4502	0.007936755195260048
4503	0.008515439927577972
4504	0.008701927959918976
4505	0.00892467238008976
4506	0.010195093229413033
4507	0.011181908659636974
4508	0.01099407859146595
4509	0.009261115454137325
4510	0.009190256707370281
4511	0.008237583562731743
4512	0.008247855119407177
4513	0.008767644874751568
4514	0.009285514242947102
4515	0.008244555443525314
4516	0.007246415596455336
4517	0.009736636653542519
4518	0.009017609059810638
4519	0.009622222743928432
4520	0.0091827642172575
4521	0.008780348114669323
4522	0.009260592982172966
4523	0.010364568792283535
4524	0.010656303726136684
4525	0.009994622319936752
4526	0.011082865297794342
4527	0.010881644673645496
4528	0.010247341357171535
4529	0.010359326377511024
4530	0.007870662026107311
4531	0.008082060143351555
4532	0.008160625584423542
4533	0.008065319620072842
4534	0.00885292049497366
4535	0.009108682163059711
4536	0.008858551271259785
4537	0.009495386853814125
4538	0.01040046289563179
4539	0.011278439313173294
4540	0.01020149514079094
4541	0.012274587526917458
4542	0.010493959300220013
4543	0.010633165948092937
4544	0.010787474922835827
4545	0.011851434595882893
4546	0.007592050824314356
4547	0.008529357612133026
4548	0.009055628441274166
4549	0.0091085284948349
4550	0.00786612369120121
4551	0.009562553837895393
4552	0.00920520443469286
4553	0.012933613732457161
4554	0.009590684436261654
4555	0.010077922604978085
4556	0.010254357941448689
4557	0.010187920182943344
4558	0.00952958781272173
4559	0.009747798554599285
4560	0.009937640279531479
4561	0.008096066303551197
4562	0.007469287607818842
4563	0.006451127119362354
4564	0.008381818421185017
4565	0.009847672656178474
4566	0.011917977593839169
4567	0.010635929182171822
4568	0.0088729839771986
4569	0.010018561966717243
4570	0.009319773875176907
4571	0.00803458970040083
4572	0.0059289573691785336
4573	0.00514192646369338
4574	0.006759320385754108
4575	0.011298147961497307
4576	0.011291177943348885
4577	0.008296731859445572
4578	0.01032100897282362
4579	0.010540524497628212
4580	0.007463947869837284
4581	0.009317058138549328
4582	0.005884798243641853
4583	0.0055101970210671425
4584	0.00610387185588479
4585	0.010261572897434235
4586	0.01845092512667179
4587	0.007942348718643188
4588	0.008542428724467754
4589	0.006495002191513777
4590	0.010762514546513557
4591	0.01029770914465189
4592	0.011067070066928864
4593	0.00876558106392622
4594	0.010691461153328419
4595	0.01047586277127266
4596	0.013850994408130646
4597	0.010789694264531136
4598	0.011420445516705513
4599	0.01191913615912199
4600	0.011297355405986309
4601	0.01142575778067112
4602	0.011544235982000828
4603	0.014574638567864895
4604	0.009654352441430092
4605	0.008965889923274517
4606	0.008438274264335632
4607	0.010573945939540863
4608	0.011076814495027065
4609	0.01193139236420393
4610	0.014731395058333874
4611	0.014568164013326168
4612	0.010932291857898235
4613	0.009641787968575954
4614	0.01071033626794815
4615	0.011103940196335316
4616	0.010083693079650402
4617	0.014308065176010132
4618	0.012807237915694714
4619	0.014331245794892311
4620	0.012581891380250454
4621	0.011443976312875748
4622	0.008387790992856026
4623	0.008064165711402893
4624	0.011581099592149258
4625	0.005988951772451401
4626	0.01004830189049244
4627	0.010125130414962769
4628	0.009433782659471035
4629	0.011001938953995705
4630	0.010754085145890713
4631	0.010985389351844788
4632	0.01147648598998785
4633	0.010569462552666664
4634	0.009502417407929897
4635	0.010073641315102577
4636	0.010575254447758198
4637	0.01021797489374876
4638	0.009973371401429176
4639	0.009846432134509087
4640	0.011936197057366371
4641	0.01052925270050764
4642	0.012751951813697815
4643	0.013038626872003078
4644	0.008364315144717693
4645	0.011088144034147263
4646	0.008633527904748917
4647	0.010624440386891365
4648	0.011129289865493774
4649	0.013534060679376125
4650	0.01554042287170887
4651	0.011306487023830414
4652	0.012860032729804516
4653	0.010026387870311737
4654	0.011205228045582771
4655	0.011095842346549034
4656	0.010488602332770824
4657	0.010095908306539059
4658	0.009953362867236137
4659	0.011999324895441532
4660	0.010564959608018398
4661	0.008301928639411926
4662	0.010629534721374512
4663	0.013071514666080475
4664	0.014138582162559032
4665	0.005309368018060923
4666	0.008642367087304592
4667	0.008209466002881527
4668	0.00967541802674532
4669	0.009575803764164448
4670	0.009740108624100685
4671	0.010542145930230618
4672	0.013302541337907314
4673	0.015667341649532318
4674	0.011844992637634277
4675	0.015009517781436443
4676	0.01309510599821806
4677	0.013905639760196209
4678	0.015635261312127113
4679	0.01632341742515564
4680	0.014097759500145912
4681	0.013769631274044514
4682	0.01831512711942196
4683	0.008893046528100967
4684	0.008331413380801678
4685	0.010142034851014614
4686	0.00947548821568489
4687	0.01023005973547697
4688	0.009767992421984673
4689	0.01002239715307951
4690	0.010837157256901264
4691	0.01001420896500349
4692	0.009380784817039967
4693	0.01033240370452404
4694	0.007978793233633041
4695	0.01023582648485899
4696	0.007522424217313528
4697	0.008851798251271248
4698	0.008567380718886852
4699	0.01033252477645874
4700	0.007255369331687689
4701	0.008479955606162548
4702	0.008956536650657654
4703	0.0112235639244318
4704	0.011846049688756466
4705	0.0121126314625144
4706	0.01018574833869934
4707	0.01080995798110962
4708	0.01050806138664484
4709	0.012403766624629498
4710	0.01006717886775732
4711	0.00980349536985159
4712	0.011954209767282009
4713	0.0112069146707654
4714	0.010597853921353817
4715	0.01135865319520235
4716	0.009468247182667255
4717	0.008181457407772541
4718	0.009437371976673603
4719	0.006642586085945368
4720	0.010850382968783379
4721	0.01024866383522749
4722	0.010790732689201832
4723	0.011635701172053814
4724	0.013215253129601479
4725	0.010767263360321522
4726	0.009661661460995674
4727	0.008677996695041656
4728	0.009244682267308235
4729	0.008456291630864143
4730	0.00981720257550478
4731	0.009270928800106049
4732	0.01022136490792036
4733	0.011952889151871204
4734	0.010207191109657288
4735	0.008521558716893196
4736	0.009883222170174122
4737	0.008823633193969727
4738	0.008782303892076015
4739	0.009763634763658047
4740	0.010777083225548267
4741	0.008516982197761536
4742	0.007192595396190882
4743	0.009508446790277958
4744	0.01042217668145895
4745	0.010901874862611294
4746	0.009488092735409737
4747	0.01297062635421753
4748	0.017190808430314064
4749	0.008875434286892414
4750	0.010713472031056881
4751	0.00910947099328041
4752	0.010798661969602108
4753	0.0125584052875638
4754	0.01586000993847847
4755	0.011719961650669575
4756	0.013619333505630493
4757	0.008868648670613766
4758	0.010272200219333172
4759	0.011821414344012737
4760	0.012142057530581951
4761	0.013720913790166378
4762	0.007403579540550709
4763	0.008483178913593292
4764	0.009474032558500767
4765	0.009617410600185394
4766	0.00927121751010418
4767	0.009901816956698895
4768	0.01071051973849535
4769	0.008434354327619076
4770	0.0055242180824279785
4771	0.005753953009843826
4772	0.011529351584613323
4773	0.01725580170750618
4774	0.01388135738670826
4775	0.010531733743846416
4776	0.009778661653399467
4777	0.00889005046337843
4778	0.009753873571753502
4779	0.012668482027947903
4780	0.01385494228452444
4781	0.019913453608751297
4782	0.01492735743522644
4783	0.013238777406513691
4784	0.01543600857257843
4785	0.013053247705101967
4786	0.012281058356165886
4787	0.013669158332049847
4788	0.012172914110124111
4789	0.012392285279929638
4790	0.01381037849932909
4791	0.009408119134604931
4792	0.014273712411522865
4793	0.009394831024110317
4794	0.0140361487865448
4795	0.012078718282282352
4796	0.011496397666633129
4797	0.017750125378370285
4798	0.013960561715066433
4799	0.013660172000527382
4800	0.017288625240325928
4801	0.010842323303222656
4802	0.012729383073747158
4803	0.014979235827922821
4804	0.010758193209767342
4805	0.010707373730838299
4806	0.012258904054760933
4807	0.01445823349058628
4808	0.012718749232590199
4809	0.012854528613388538
4810	0.011055788956582546
4811	0.013139426708221436
4812	0.013635438866913319
4813	0.011144394055008888
4814	0.012201745994389057
4815	0.009967355988919735
4816	0.008329513482749462
4817	0.008208776824176311
4818	0.010787180624902248
4819	0.008899359032511711
4820	0.010763299651443958
4821	0.010824357159435749
4822	0.010718419216573238
4823	0.011735389940440655
4824	0.013044002465903759
4825	0.011051136068999767
4826	0.012410695664584637
4827	0.011789719574153423
4828	0.011896394193172455
4829	0.0142641831189394
4830	0.014170745387673378
4831	0.01345875859260559
4832	0.010730261914432049
4833	0.015668928623199463
4834	0.012219324707984924
4835	0.011759772896766663
4836	0.013428913429379463
4837	0.012073311023414135
4838	0.01105582993477583
4839	0.011336119845509529
4840	0.011081929318606853
4841	0.009979099035263062
4842	0.014749345369637012
4843	0.010358231142163277
4844	0.012733452022075653
4845	0.01181443128734827
4846	0.011522449553012848
4847	0.00987860094755888
4848	0.017218494787812233
4849	0.009151960723102093
4850	0.020486045628786087
4851	0.01199137419462204
4852	0.00917604099959135
4853	0.01205089408904314
4854	0.012039369903504848
4855	0.011323809623718262
4856	0.014492017216980457
4857	0.013808637857437134
4858	0.011658511124551296
4859	0.009979292750358582
4860	0.006866052746772766
4861	0.010007035918533802
4862	0.006958974990993738
4863	0.008256616070866585
4864	0.011467115953564644
4865	0.01017037220299244
4866	0.007250361144542694
4867	0.008691607974469662
4868	0.009385100565850735
4869	0.009225486777722836
4870	0.010056774131953716
4871	0.010524213314056396
4872	0.010517997667193413
4873	0.008634758181869984
4874	0.008116613142192364
4875	0.007635144982486963
4876	0.009153956547379494
4877	0.008222172036767006
4878	0.008385277353227139
4879	0.007147021591663361
4880	0.009535498917102814
4881	0.010902069509029388
4882	0.008833559229969978
4883	0.009900708682835102
4884	0.009912095032632351
4885	0.015658747404813766
4886	0.010640879161655903
4887	0.010767258703708649
4888	0.014404574409127235
4889	0.014829142950475216
4890	0.012819488532841206
4891	0.010579561814665794
4892	0.013076621107757092
4893	0.012103806249797344
4894	0.015918925404548645
4895	0.01325128972530365
4896	0.01768789254128933
4897	0.015877490863204002
4898	0.014650233089923859
4899	0.017129074782133102
4900	0.013770180754363537
4901	0.0124529292806983
4902	0.010063487105071545
4903	0.013259561732411385
4904	0.01358486246317625
4905	0.01072461623698473
4906	0.009851816110312939
4907	0.012022318318486214
4908	0.011175543069839478
4909	0.009816115722060204
4910	0.008810333907604218
4911	0.010742045007646084
4912	0.009456408210098743
4913	0.008815261535346508
4914	0.008971658535301685
4915	0.00940205343067646
4916	0.011146413162350655
4917	0.01097118854522705
4918	0.01018853485584259
4919	0.006595826242119074
4920	0.010187881998717785
4921	0.010756539180874825
4922	0.009375023655593395
4923	0.014123140834271908
4924	0.009699146263301373
4925	0.011358466930687428
4926	0.013810507953166962
4927	0.012830929830670357
4928	0.013615116477012634
4929	0.013018868863582611
4930	0.011276811361312866
4931	0.01077838521450758
4932	0.009441392496228218
4933	0.010654844343662262
4934	0.009219787083566189
4935	0.007776924874633551
4936	0.00871896930038929
4937	0.008422920480370522
4938	0.009419606998562813
4939	0.008695120923221111
4940	0.010782316327095032
4941	0.009533250704407692
4942	0.009182392619550228
4943	0.009756741113960743
4944	0.010289208963513374
4945	0.01063502486795187
4946	0.008840413764119148
4947	0.009292989037930965
4948	0.009374335408210754
4949	0.011790761724114418
4950	0.009990322403609753
4951	0.011177659034729004
4952	0.01042469497770071
4953	0.012412852607667446
4954	0.011168192140758038
4955	0.011011390015482903
4956	0.014695069752633572
4957	0.012902656570076942
4958	0.01606217585504055
4959	0.01566322334110737
4960	0.012502938508987427
4961	0.013660097494721413
4962	0.013809531927108765
4963	0.013355034403502941
4964	0.012600839138031006
4965	0.014340189285576344
4966	0.015574350953102112
4967	0.010743323713541031
4968	0.014993605203926563
4969	0.01017249096184969
4970	0.013190957717597485
4971	0.011799837462604046
4972	0.012936419807374477
4973	0.011720060370862484
4974	0.013056406751275063
4975	0.015617790631949902
4976	0.01306313555687666
4977	0.013965568505227566
4978	0.01327363308519125
4979	0.010534246452152729
4980	0.010475321672856808
4981	0.014277470298111439
4982	0.009706533513963223
4983	0.01121600903570652
4984	0.01104726828634739
4985	0.011637451127171516
4986	0.012207822874188423
4987	0.011075085960328579
4988	0.011310406029224396
4989	0.010924621485173702
4990	0.00857126247137785
4991	0.014117828570306301
4992	0.011328539811074734
4993	0.008905850350856781
4994	0.014165121130645275
4995	0.00847556535154581
4996	0.006618485786020756
4997	0.007068374194204807
4998	0.009490471333265305
4999	0.0066877007484436035
5000	0.007770277559757233
5001	0.011344204656779766
5002	0.015862714499235153
5003	0.010358232073485851
5004	0.011462324298918247
5005	0.017881233245134354
5006	0.01422900427132845
5007	0.016315555199980736
5008	0.012827754020690918
5009	0.01624692976474762
5010	0.017767615616321564
5011	0.017054367810487747
5012	0.014781727455556393
5013	0.009821497835218906
5014	0.010241186246275902
5015	0.014297470450401306
5016	0.014212082140147686
5017	0.016678104177117348
5018	0.010498009622097015
5019	0.008218840695917606
5020	0.01515846885740757
5021	0.019527247175574303
5022	0.022544369101524353
5023	0.02527940273284912
5024	0.03277009353041649
5025	0.04742446541786194
5026	0.036713194102048874
5027	0.03252444043755531
5028	0.027527708560228348
5029	0.02805609442293644
5030	0.030975723639130592
5031	0.043510716408491135
5032	0.03877989575266838
5033	0.041889894753694534
5034	0.014473981224000454
5035	0.01652964949607849
5036	0.020772753283381462
5037	0.0460437647998333
5038	0.03264748677611351
5039	0.013273525051772594
5040	0.010669038631021976
5041	0.028121748939156532
5042	0.0106804883107543
5043	0.007997955195605755
5044	0.011252425611019135
5045	0.01191837340593338
5046	0.009406463243067265
5047	0.011697742156684399
5048	0.00839954148977995
5049	0.009263843297958374
5050	0.007958552800118923
5051	0.008318379521369934
5052	0.009673826396465302
5053	0.009479195810854435
5054	0.009243017993867397
5055	0.006755673326551914
5056	0.007727620657533407
5057	0.010634077712893486
5058	0.012165633030235767
5059	0.011341351084411144
5060	0.012635665014386177
5061	0.01336129754781723
5062	0.012406433932483196
5063	0.020092790946364403
5064	0.01868835650384426
5065	0.01728958450257778
5066	0.029449714347720146
5067	0.04153794050216675
5068	0.03189632296562195
5069	0.022500205785036087
5070	0.03816462308168411
5071	0.047063130885362625
5072	0.05782046914100647
5073	0.07016461342573166
5074	0.13928411900997162
5075	0.048072539269924164
5076	0.10575919598340988
5077	0.1542777270078659
5078	0.0560576431453228
5079	0.05253726243972778
5080	0.06558621674776077
5081	0.056311558932065964
5082	0.0445379801094532
5083	0.08108103275299072
5084	0.05780601128935814
5085	0.08758639544248581
5086	0.048811234533786774
5087	0.06904783099889755
5088	0.09919054806232452
5089	0.17574183642864227
5090	0.12385506927967072
5091	0.055320002138614655
5092	0.10927274078130722
5093	0.05790579319000244
5094	0.028215819969773293
5095	0.03652510792016983
5096	0.019068503752350807
5097	0.02410591021180153
5098	0.02489738166332245
5099	0.03138168528676033
5100	0.021458391100168228
5101	0.020348725840449333
5102	0.017915641888976097
5103	0.02554982341825962
5104	0.03834477812051773
5105	0.04178547114133835
5106	0.026448477059602737
5107	0.01867091841995716
5108	0.02395227923989296
5109	0.02363167516887188
5110	0.01733214594423771
5111	0.012712696567177773
5112	0.015227272175252438
5113	0.011950574815273285
5114	0.012484720908105373
5115	0.013730994425714016
5116	0.016002297401428223
5117	0.00944279134273529
5118	0.009965503588318825
5119	0.00879620760679245
5120	0.016632501035928726
5121	0.009186710231006145
5122	0.0132377240806818
5123	0.029526853933930397
5124	0.037164296954870224
5125	0.03290322795510292
5126	0.012372681871056557
5127	0.021311981603503227
5128	0.038088131695985794
5129	0.03429528698325157
5130	0.029576851055026054
5131	0.019663995131850243
5132	0.040278222411870956
5133	0.029806841164827347
5134	0.01634451188147068
5135	0.023358741775155067
5136	0.02374495007097721
5137	0.011560126207768917
5138	0.008395138196647167
5139	0.010743767023086548
5140	0.008211398497223854
5141	0.00959883164614439
5142	0.007644455414265394
5143	0.008971343748271465
5144	0.007310654502362013
5145	0.0073594036512076855
5146	0.005853729788213968
5147	0.006541132461279631
5148	0.0070498064160346985
5149	0.006390756461769342
5150	0.008730588480830193
5151	0.008319053798913956
5152	0.007408903446048498
5153	0.007468491792678833
5154	0.008717868477106094
5155	0.008285477757453918
5156	0.008853751234710217
5157	0.008316409774124622
5158	0.008400085382163525
5159	0.009004306048154831
5160	0.008500504307448864
5161	0.010310729034245014
5162	0.008068791590631008
5163	0.006570958998054266
5164	0.006236779969185591
5165	0.005265703424811363
5166	0.007836030796170235
5167	0.004764230456203222
5168	0.0036210441030561924
5169	0.004107000771909952
5170	0.0045999460853636265
5171	0.007255758624523878
5172	0.008572019636631012
5173	0.007260251324623823
5174	0.00951682310551405
5175	0.007728216703981161
5176	0.007809730712324381
5177	0.007859279401600361
5178	0.0068127126432955265
5179	0.007451446261256933
5180	0.007208074908703566
5181	0.0077308290638029575
5182	0.006900479551404715
5183	0.00532902916893363
5184	0.009068797342479229
5185	0.00820891186594963
5186	0.006596964783966541
5187	0.007400812115520239
5188	0.007408456411212683
5189	0.006950209382921457
5190	0.008727338165044785
5191	0.00840736459940672
5192	0.0074821533635258675
5193	0.006463452707976103
5194	0.008182479999959469
5195	0.0072735077701509
5196	0.008111914619803429
5197	0.007910286076366901
5198	0.006797438953071833
5199	0.0067777568474411964
5200	0.006142835598438978
5201	0.006145891733467579
5202	0.00600102124735713
5203	0.00610715476796031
5204	0.006484169512987137
5205	0.004917431157082319
5206	0.005588721018284559
5207	0.005582823883742094
5208	0.00530081195756793
5209	0.005316154100000858
5210	0.0057067424058914185
5211	0.00696888891980052
5212	0.006120264530181885
5213	0.003774306271225214
5214	0.004043554421514273
5215	0.0039049990009516478
5216	0.004164453595876694
5217	0.004416403826326132
5218	0.0047488147392869
5219	0.004409681539982557
5220	0.0038814768195152283
5221	0.0038967193104326725
5222	0.004209475591778755
5223	0.004180298186838627
5224	0.004332477692514658
5225	0.004766392521560192
5226	0.004880327265709639
5227	0.004292815458029509
5228	0.005035475827753544
5229	0.004693901631981134
5230	0.004510903265327215
5231	0.004343932028859854
5232	0.004698401782661676
5233	0.005777333863079548
5234	0.0063410187140107155
5235	0.006761668715626001
5236	0.0076589263044297695
5237	0.015502057038247585
5238	0.010311483405530453
5239	0.006779866758733988
5240	0.0056264083832502365
5241	0.006583997514098883
5242	0.006066698580980301
5243	0.006427843123674393
5244	0.0052658128552138805
5245	0.005976314190775156
5246	0.005711607169359922
5247	0.005718064960092306
5248	0.006189006380736828
5249	0.007625910919159651
5250	0.008285940624773502
5251	0.00961583573371172
5252	0.014495191164314747
5253	0.007909050211310387
5254	0.009725247509777546
5255	0.011550563387572765
5256	0.01999434269964695
5257	0.019162464886903763
5258	0.04061682149767876
5259	0.1333075612783432
5260	0.2034054845571518
5261	0.23959408700466156
5262	0.0463261678814888
5263	0.02103773131966591
5264	0.01516166515648365
5265	0.011892694048583508
5266	0.011874367482960224
5267	0.013549868948757648
5268	0.013387230224907398
5269	0.017964569851756096
5270	0.026943156495690346
5271	0.2042568176984787
5272	0.1983632892370224
5273	0.1918327808380127
5274	0.32132425904273987
5275	0.36197277903556824
5276	0.3951394259929657
5277	0.6174920201301575
5278	0.670664370059967
5279	0.5765842795372009
5280	0.8015579581260681
5281	0.6811417937278748
5282	0.6880521774291992
5283	0.7054759860038757
5284	0.7807915210723877
5285	0.8077461123466492
5286	0.6858214735984802
5287	0.6988540887832642
5288	0.6569515466690063
5289	0.6461859941482544
5290	0.6377018690109253
5291	0.6373686194419861
5292	0.6912441253662109
5293	0.7740870118141174
5294	0.7862899303436279
5295	0.850212574005127
5296	0.8349804282188416
5297	0.8255180716514587
5298	0.889542281627655
5299	0.8522071838378906
5300	0.829308807849884
5301	0.8037511110305786
5302	0.767676830291748
5303	0.8030023574829102
5304	0.8297683596611023
5305	0.8298083543777466
5306	0.884560227394104
5307	0.829054057598114
5308	0.8164016604423523
5309	0.7855287790298462
5310	0.7600274085998535
5311	0.7561337351799011
5312	0.8836278915405273
5313	0.8472334742546082
5314	0.8855655789375305
5315	0.8110496401786804
5316	0.8291754126548767
5317	0.7657337188720703
5318	0.7646045088768005
5319	0.8004869818687439
5320	0.725837230682373
5321	0.727105438709259
5322	0.7586017847061157
5323	0.769739031791687
5324	0.7417901158332825
5325	0.7436653971672058
5326	0.836338460445404
5327	0.8436420559883118
5328	0.7411260604858398
5329	0.5194107890129089
5330	0.02813926339149475
5331	0.006958245765417814
5332	0.009332937188446522
5333	0.006512598600238562
5334	0.005239294376224279
5335	0.008888441137969494
5336	0.008005623705685139
5337	0.005772475153207779
5338	0.015169701538980007
5339	0.011157131753861904
5340	0.00975299533456564
5341	0.012080216780304909
5342	0.011622360907495022
5343	0.025945493951439857
5344	0.01311511266976595
5345	0.012561678886413574
5346	0.016231447458267212
5347	0.012182548642158508
5348	0.01096636988222599
5349	0.012516763992607594
5350	0.008977100253105164
5351	0.009123762138187885
5352	0.010722135193645954
5353	0.01318155974149704
5354	0.010602707043290138
5355	0.009988713078200817
5356	0.008925124071538448
5357	0.008357507176697254
5358	0.009399743750691414
5359	0.007999931462109089
5360	0.008170215412974358
5361	0.010708817280828953
5362	0.011839388869702816
5363	0.008520934730768204
5364	0.008476714603602886
5365	0.012985368259251118
5366	0.011635764501988888
5367	0.011271442286670208
5368	0.013066941872239113
5369	0.01105082780122757
5370	0.012811720371246338
5371	0.013869786635041237
5372	0.011065936647355556
5373	0.01084169466048479
5374	0.01314295269548893
5375	0.010532793588936329
5376	0.009612119756639004
5377	0.011808658950030804
5378	0.009804856963455677
5379	0.010884791612625122
5380	0.012920433655381203
5381	0.010017181746661663
5382	0.010812471620738506
5383	0.010853460058569908
5384	0.011376671493053436
5385	0.010819138959050179
5386	0.010444044135510921
5387	0.009776259772479534
5388	0.010363183915615082
5389	0.010439328849315643
5390	0.010047519579529762
5391	0.012042644433677197
5392	0.011398096568882465
5393	0.011120405979454517
5394	0.009677005931735039
5395	0.008205263875424862
5396	0.009540277533233166
5397	0.010944250971078873
5398	0.011328709311783314
5399	0.010915055871009827
5400	0.012669620104134083
5401	0.012010954320430756
5402	0.011779667809605598
5403	0.009771930053830147
5404	0.009408341720700264
5405	0.012427565641701221
5406	0.010344414971768856
5407	0.009219112806022167
5408	0.007990295067429543
5409	0.010087067261338234
5410	0.009552192874252796
5411	0.009376834146678448
5412	0.011148141697049141
5413	0.010777676478028297
5414	0.0079646660014987
5415	0.010168364271521568
5416	0.011942400597035885
5417	0.011270168237388134
5418	0.010772320441901684
5419	0.014155601151287556
5420	0.01184444036334753
5421	0.010700368322432041
5422	0.010994593612849712
5423	0.009894280694425106
5424	0.011995947919785976
5425	0.009292678907513618
5426	0.010093439370393753
5427	0.00958801805973053
5428	0.010636258870363235
5429	0.007737533655017614
5430	0.010079602710902691
5431	0.010370584204792976
5432	0.010117377154529095
5433	0.011784006841480732
5434	0.010167683474719524
5435	0.01518639363348484
5436	0.014871497638523579
5437	0.011391389183700085
5438	0.011630169115960598
5439	0.011278134770691395
5440	0.013742784038186073
5441	0.011974051594734192
5442	0.012171181850135326
5443	0.008435016497969627
5444	0.009809570387005806
5445	0.010022471658885479
5446	0.011150160804390907
5447	0.011727951467037201
5448	0.011962786316871643
5449	0.011874671094119549
5450	0.009357620030641556
5451	0.010760009288787842
5452	0.010756748728454113
5453	0.012874088250100613
5454	0.01017181109637022
5455	0.009575135074555874
5456	0.010144362226128578
5457	0.009174271486699581
5458	0.011922143399715424
5459	0.010177336633205414
5460	0.010466400533914566
5461	0.009351286105811596
5462	0.00895632803440094
5463	0.010419869795441628
5464	0.00882147066295147
5465	0.010872234590351582
5466	0.00920768640935421
5467	0.011965851299464703
5468	0.010387728922069073
5469	0.01018800400197506
5470	0.012459076941013336
5471	0.01127066370099783
5472	0.00969000719487667
5473	0.011850490234792233
5474	0.008756011724472046
5475	0.009333852678537369
5476	0.00854949839413166
5477	0.011245513334870338
5478	0.010266113094985485
5479	0.012896493077278137
5480	0.013394084759056568
5481	0.0111925033852458
5482	0.013440191745758057
5483	0.00986948236823082
5484	0.011673462577164173
5485	0.011853037402033806
5486	0.011217405088245869
5487	0.011243104003369808
5488	0.010972151532769203
5489	0.012773451395332813
5490	0.014851133339107037
5491	0.010685517452657223
5492	0.01438344456255436
5493	0.014333702623844147
5494	0.013827580027282238
5495	0.012406645342707634
5496	0.013982442207634449
5497	0.008593465201556683
5498	0.010148939676582813
5499	0.01237158477306366
5500	0.010369966737926006
5501	0.010561123490333557
5502	0.009267470799386501
5503	0.009497190825641155
5504	0.011259016580879688
5505	0.008538003079593182
5506	0.009491169825196266
5507	0.01511460728943348
5508	0.013984543271362782
5509	0.010841310024261475
5510	0.011804341338574886
5511	0.010723966173827648
5512	0.011624890379607677
5513	0.015073883347213268
5514	0.010823520831763744
5515	0.01113245077431202
5516	0.012359416112303734
5517	0.011458862572908401
5518	0.013994598761200905
5519	0.013538944534957409
5520	0.009258142672479153
5521	0.010156995616853237
5522	0.01367410272359848
5523	0.01498443353921175
5524	0.022300943732261658
5525	0.02059854567050934
5526	0.028251970186829567
5527	0.03768496215343475
5528	0.02622389793395996
5529	0.011676731519401073
5530	0.02574704959988594
5531	0.029689133167266846
5532	0.0132333654910326
5533	0.014363429509103298
5534	0.018886689096689224
5535	0.020295727998018265
5536	0.014559241943061352
5537	0.013670846819877625
5538	0.02153797820210457
5539	0.010823147371411324
5540	0.010852345265448093
5541	0.012844584882259369
5542	0.009882444515824318
5543	0.011235286481678486
5544	0.011759442277252674
5545	0.017643127590417862
5546	0.017236752435564995
5547	0.016181042417883873
5548	0.012569667771458626
5549	0.017376527190208435
5550	0.012167070992290974
5551	0.01627214066684246
5552	0.010779455304145813
5553	0.01498202234506607
5554	0.01686570607125759
5555	0.017011115327477455
5556	0.01731540821492672
5557	0.013865301385521889
5558	0.014358348213136196
5559	0.011013432405889034
5560	0.011102366261184216
5561	0.013125741854310036
5562	0.01515573263168335
5563	0.012749423272907734
5564	0.017352908849716187
5565	0.018282277509570122
5566	0.015511286444962025
5567	0.016956860199570656
5568	0.014861926436424255
5569	0.016406957060098648
5570	0.011592579074203968
5571	0.011681645177304745
5572	0.012359683401882648
5573	0.01333887130022049
5574	0.013374260626733303
5575	0.016763081774115562
5576	0.016836239024996758
5577	0.02094148099422455
5578	0.025868291035294533
5579	0.02150508016347885
5580	0.019947387278079987
5581	0.017267897725105286
5582	0.021179882809519768
5583	0.01394141186028719
5584	0.017710993066430092
5585	0.01705385558307171
5586	0.014441720210015774
5587	0.013377899304032326
5588	0.013535904698073864
5589	0.012501952238380909
5590	0.013412579894065857
5591	0.009956218302249908
5592	0.006877964828163385
5593	0.007484039757400751
5594	0.009915515780448914
5595	0.010925588198006153
5596	0.010356257669627666
5597	0.011118210852146149
5598	0.009007980115711689
5599	0.009679561480879784
5600	0.008510428480803967
5601	0.012284100987017155
5602	0.009281694889068604
5603	0.012549188919365406
5604	0.009891809895634651
5605	0.01363136526197195
5606	0.011449708603322506
5607	0.01163432002067566
5608	0.010998190380632877
5609	0.008981053717434406
5610	0.009949948638677597
5611	0.010562087409198284
5612	0.010493414476513863
5613	0.009572799317538738
5614	0.008852331899106503
5615	0.007776332553476095
5616	0.007656880654394627
5617	0.006934087257832289
5618	0.00816385354846716
5619	0.007966593839228153
5620	0.005734668578952551
5621	0.006446619983762503
5622	0.006137812975794077
5623	0.007576317992061377
5624	0.0071803811006248
5625	0.007342150900512934
5626	0.005755973048508167
5627	0.007188103627413511
5628	0.004672836046665907
5629	0.005858161021023989
5630	0.0048819491639733315
5631	0.009401089511811733
5632	0.009860177524387836
5633	0.009132228791713715
5634	0.010060220956802368
5635	0.009302263148128986
5636	0.008173472248017788
5637	0.00782427191734314
5638	0.00653459969907999
5639	0.006518922746181488
5640	0.008141598664224148
5641	0.006861941423267126
5642	0.0074456604197621346
5643	0.00809688400477171
5644	0.008579907938838005
5645	0.00653045391663909
5646	0.005853462964296341
5647	0.006384925451129675
5648	0.007525356020778418
5649	0.0068853311240673065
5650	0.006480421870946884
5651	0.0073676868341863155
5652	0.0052383942529559135
5653	0.006901094224303961
5654	0.006346601527184248
5655	0.005796660669147968
5656	0.0059410627000033855
5657	0.005749332252889872
5658	0.005489871371537447
5659	0.006305943708866835
5660	0.006317112594842911
5661	0.005453911144286394
5662	0.004845000337809324
5663	0.006145417224615812
5664	0.005789784248918295
5665	0.005601693410426378
5666	0.0054590837098658085
5667	0.008570152334868908
5668	0.01215597428381443
5669	0.008127547800540924
5670	0.014903313480317593
5671	0.014102992601692677
5672	0.01805569976568222
5673	0.01791387051343918
5674	0.012944805435836315
5675	0.01979300007224083
5676	0.027667654678225517
5677	0.028147652745246887
5678	0.03417664393782616
5679	0.050369322299957275
5680	0.045926619321107864
5681	0.04052853211760521
5682	0.0144730806350708
5683	0.010003614239394665
5684	0.012417281046509743
5685	0.010722453705966473
5686	0.013850333169102669
5687	0.09334447979927063
5688	0.15548883378505707
5689	0.07475190609693527
5690	0.06726256757974625
5691	0.13489915430545807
5692	0.22981248795986176
5693	0.06285849958658218
5694	0.10370563715696335
5695	0.07109270989894867
5696	0.082132987678051
5697	0.23216907680034637
5698	0.47446486353874207
5699	0.48872309923171997
5700	0.36398640275001526
5701	0.34112992882728577
5702	0.40844735503196716
5703	0.42588669061660767
5704	0.15373198688030243
5705	0.6028260588645935
5706	0.39985010027885437
5707	0.5744048357009888
5708	0.7478412985801697
5709	0.7550548911094666
5710	0.7553579211235046
5711	0.6217643022537231
5712	0.7822017073631287
5713	0.47663792967796326
5714	0.6119982600212097
5715	0.6874638795852661
5716	0.7380944490432739
5717	0.586742103099823
5718	0.653093695640564
5719	0.7217510342597961
5720	0.5996829867362976
5721	0.4022006094455719
5722	0.19257794320583344
5723	0.4776245057582855
5724	0.12892012298107147
5725	0.06258608400821686
5726	0.3194672167301178
5727	0.47388288378715515
5728	0.6130931973457336
5729	0.19809965789318085
5730	0.06669425219297409
5731	0.532024085521698
5732	0.4616796672344208
5733	0.6455066800117493
5734	0.7961512804031372
5735	0.65580815076828
5736	0.8186842203140259
5737	0.900634229183197
5738	0.8405349850654602
5739	0.8748171925544739
5740	0.836730420589447
5741	0.8508051037788391
5742	0.8346549868583679
5743	0.7993914484977722
5744	0.7891106009483337
5745	0.6463097929954529
5746	0.7069264650344849
5747	0.7154574394226074
5748	0.5990562438964844
5749	0.17713461816310883
5750	0.08222999423742294
5751	0.04079538211226463
5752	0.0429505817592144
5753	0.040221020579338074
5754	0.03899235278367996
5755	0.03007066622376442
5756	0.06437023729085922
5757	0.06873074918985367
5758	0.29069578647613525
5759	0.3250125050544739
5760	0.4334932863712311
5761	0.42838993668556213
5762	0.17551381886005402
5763	0.12951385974884033
5764	0.34203600883483887
5765	0.5936350226402283
5766	0.7335063219070435
5767	0.6659022569656372
5768	0.736366331577301
5769	0.6517468690872192
5770	0.6972957849502563
5771	0.8027364611625671
5772	0.7994869351387024
5773	0.9212853312492371
5774	0.8706011176109314
5775	0.8609408736228943
5776	0.45778608322143555
5777	0.20648495852947235
5778	0.06751690059900284
5779	0.008900821208953857
